customer,customer_lifetime_value,education,gender,income,monthly_premium_auto,number_of_open_complaints,policy_type,state,total_claim_amount,vehicle_class
RB50392,182071.5176145921,Master,none,0.0,1000.0,0.0,Personal Auto,Washington,2.704934,Four-Door Car
QZ44356,697953.59,Bachelor,F,0.0,94.0,0.0,Personal Auto,Arizona,1131.464935,Four-Door Car
AI49188,1288743.17,Bachelor,F,48767.0,108.0,0.0,Personal Auto,Nevada,566.472247,Two-Door Car
WW63253,764586.18,Bachelor,M,0.0,106.0,0.0,Corporate Auto,California,529.881344,SUV
GA49547,536307.65,High School or Below,M,36357.0,68.0,0.0,Personal Auto,Washington,17.269323,Four-Door Car
OC83172,825629.78,Bachelor,F,62902.0,69.0,0.0,Personal Auto,Oregon,159.383042,Two-Door Car
XZ87318,538089.86,College,F,55350.0,67.0,0.0,Corporate Auto,Oregon,321.6,Four-Door Car
CF85061,721610.03,Master,M,0.0,101.0,0.0,Corporate Auto,Arizona,363.02968,Four-Door Car
DY87989,2412750.4,Bachelor,M,14072.0,71.0,0.0,Corporate Auto,Oregon,511.2,Four-Door Car
BQ94931,738817.81,College,F,28812.0,93.0,0.0,Special Auto,Oregon,425.527834,Four-Door Car
SX51350,473899.2,College,M,0.0,67.0,0.0,Personal Auto,California,482.4,Four-Door Car
VQ65197,819719.71,College,none,0.0,110.0,0.0,Personal Auto,California,528.0,SUV
DP39365,879879.7,Master,none,77026.0,110.0,0.0,Corporate Auto,California,472.029737,Four-Door Car
SJ95423,881901.89,High School or Below,none,99845.0,110.0,0.0,Corporate Auto,Arizona,528.0,SUV
IL66569,538443.17,College,none,83689.0,70.0,0.0,Corporate Auto,California,307.139132,Four-Door Car
BW63560,746313.94,Bachelor,none,24599.0,64.0,0.0,Corporate Auto,Oregon,42.920271,Four-Door Car
FV94802,256686.78,High School or Below,none,25049.0,67.0,0.0,Personal Auto,Nevada,454.245098,Two-Door Car
OE15005,394524.16,College,none,28855.0,101.0,0.0,Personal Auto,Cali,647.442031,SUV
WC83389,571033.31,College,none,51148.0,72.0,0.0,Personal Auto,Oregon,308.981664,Four-Door Car
FL50705,816261.71,High School or Below,none,66140.0,101.0,0.0,Corporate Auto,California,484.8,Four-Door Car
ZK25313,287205.13,High School or Below,none,57749.0,74.0,0.0,Personal Auto,Oregon,355.2,Two-Door Car
QK46697,617710.93,Bachelor,M,61040.0,79.0,0.0,Personal Auto,Washington,20.382876,Two-Door Car
YH23384,2412750.4,Bachelor,none,14072.0,71.0,0.0,Personal Auto,Arizona,511.2,Four-Door Car
TZ98966,245019.1,Bachelor,none,0.0,73.0,0.0,Corporate Auto,Nevada,554.376763,Four-Door Car
HM55802,239210.79,Bachelor,none,17870.0,61.0,0.0,Corporate Auto,California,439.2,Four-Door Car
FS42516,580206.6,College,none,97541.0,72.0,0.0,Personal Auto,Oregon,389.185006,Four-Door Car
US89481,394637.21,Bachelor,none,0.0,111.0,0.0,Personal Auto,California,799.2,Four-Door Car
HS14476,916206.32,College,M,29723.0,80.0,0.0,Personal Auto,Washington,20.985105,Four-Door Car
GE62437,1290256.01,College,none,86584.0,111.0,0.0,Personal Auto,AZ,532.8,Four-Door Car
EJ77678,323536.05,Master,none,75690.0,80.0,0.0,Personal Auto,Oregon,384.0,Four-Door Car
SV85652,245458.35,College,none,23158.0,63.0,0.0,Personal Auto,Arizona,322.294043,Four-Door Car
UL64533,1897545.61,High School or Below,none,65999.0,237.0,0.0,Corporate Auto,Nevada,615.927769,Luxury
PF41800,471532.13,Bachelor,none,0.0,65.0,0.0,Personal Auto,California,308.15089,Four-Door Car
HD95276,473787.17,College,F,0.0,130.0,0.0,Personal Auto,Washington,23.820158,SUV
SK67821,493291.63,Bachelor,none,37260.0,62.0,0.0,Corporate Auto,Oregon,15.437681,Four-Door Car
YV55495,574422.97,High School or Below,none,68987.0,71.0,0.0,Personal Auto,Arizona,204.475147,Four-Door Car
KY38074,1389173.57,Bachelor,none,42305.0,117.0,0.0,Personal Auto,California,561.6,Four-Door Car
DM79012,738097.67,Master,none,65706.0,91.0,0.0,Personal Auto,Oregon,436.8,Four-Door Car
CM61827,309003.41,Bachelor,none,0.0,90.0,0.0,Personal Auto,Oregon,648.0,Two-Door Car
WC35801,252163.31,High School or Below,none,53243.0,66.0,0.0,Personal Auto,Arizona,157.397849,Four-Door Car
QG25316,265206.18,High School or Below,none,0.0,70.0,0.0,Corporate Auto,Nevada,484.318536,Two-Door Car
MB98372,277104.5,College,none,50071.0,71.0,0.0,Corporate Auto,Oregon,18.918935,Two-Door Car
IL19217,393900.64,Bachelor,none,60021.0,99.0,0.0,Personal Auto,California,882.871945,Four-Door Car
SR38658,1223187.97,High School or Below,none,43244.0,103.0,0.0,Personal Auto,Arizona,494.4,Luxury
YD87931,495165.61,Doctor,M,46896.0,35354.0,0.0,Personal Auto,Washington,31.707317,Four-Door Car
HG65722,1281910.29,Doctor,none,10105.0,172.0,0.0,Personal Auto,Oregon,0.517753,SUV
BU27331,446851.05,Bachelor,none,0.0,73.0,0.0,Personal Auto,Arizona,579.165954,Four-Door Car
XM45289,551434.4,High School or Below,none,23218.0,71.0,0.0,Personal Auto,Oregon,447.79344,Two-Door Car
KP34198,334387.53,Bachelor,none,0.0,92.0,0.0,Corporate Auto,California,529.624084,Four-Door Car
SH90947,229447.89,High School or Below,none,0.0,62.0,0.0,Personal Auto,Arizona,313.023175,Four-Door Car
WE95729,3670742.64,College,none,24804.0,104.0,0.0,Personal Auto,Oregon,593.830288,SUV
PY51963,3347334.95,Bachelor,none,33190.0,106.0,0.0,Corporate Auto,California,508.8,SUV
RB69909,798343.17,High School or Below,none,36014.0,69.0,0.0,Special Auto,Nevada,173.956072,Four-Door Car
NW21079,487938.48,Master,F,67163.0,61.0,0.0,Personal Auto,Washington,33.192803,Two-Door Car
FR46645,429399.73,Bachelor,none,16701.0,113.0,0.0,Personal Auto,California,831.625979,Four-Door Car
SY17488,716439.55,College,none,46623.0,91.0,0.0,Corporate Auto,Arizona,436.8,Four-Door Car
AP67935,761951.58,College,none,64749.0,64.0,0.0,Special Auto,California,302.56519,Four-Door Car
FS37417,395800.28,High School or Below,none,0.0,101.0,0.0,Personal Auto,Arizona,484.8,SUV
ML29312,449949.33,High School or Below,none,16969.0,124.0,0.0,Personal Auto,Oregon,704.768111,SUV
UB61619,405956.74,Master,none,11621.0,108.0,0.0,Personal Auto,Oregon,518.4,Four-Door Car
CD86811,445811.34,Bachelor,none,17622.0,65.0,0.0,Personal Auto,Arizona,312.0,Four-Door Car
RU83859,811033.31,Bachelor,none,11489.0,105.0,0.0,Personal Auto,California,504.0,Two-Door Car
FG63582,333976.49,Bachelor,none,0.0,94.0,0.0,Personal Auto,Oregon,863.327324,Two-Door Car
NN71951,2426101.78,High School or Below,none,66525.0,100.0,0.0,Personal Auto,California,104.331355,SUV
WB37082,661397.37,Bachelor,none,0.0,63.0,0.0,Personal Auto,Arizona,676.391482,Four-Door Car
SM52139,293069.35,College,none,33663.0,73.0,0.0,Personal Auto,WA,350.4,Four-Door Car
FL82372,867219.43,College,none,22547.0,112.0,0.0,Corporate Auto,Oregon,537.6,SUV
DP45816,1163866.93,High School or Below,none,61486.0,97.0,0.0,Personal Auto,AZ,465.258644,Two-Door Car
GW33762,684615.03,Bachelor,none,0.0,95.0,0.0,Personal Auto,Oregon,456.0,Two-Door Car
RZ33670,1172777.65,College,none,29879.0,102.0,0.0,Personal Auto,California,500.254235,Four-Door Car
PY70169,2264383.48,High School or Below,none,93011.0,113.0,0.0,Personal Auto,Oregon,281.451042,SUV
MO91628,261447.43,Master,none,65186.0,65.0,0.0,Personal Auto,Oregon,5.434505,Two-Door Car
HW87852,245175.27,Master,none,26840.0,64.0,0.0,Personal Auto,Oregon,307.2,Four-Door Car
HB20453,678127.02,Bachelor,none,0.0,104.0,0.0,Personal Auto,Oregon,982.399613,Luxury
BN87372,497480.15,Bachelor,none,75644.0,65.0,0.0,Personal Auto,Oregon,467.803638,Two-Door Car
YX23800,859160.49,Bachelor,none,38984.0,73.0,0.0,Personal Auto,Oregon,350.4,Four-Door Car
DZ87709,559216.14,High School or Below,none,71811.0,71.0,0.0,Personal Auto,Oregon,29.03416,Four-Door Car
XW13033,800947.28,College,none,20961.0,67.0,0.0,Personal Auto,Nevada,321.6,Four-Door Car
SP81997,182071.5176145921,Master,F,41275.0,96.0,0.0,Personal Auto,Washington,41.122303,Four-Door Car
OM82309,5816655.35,Bachelor,none,61321.0,186.0,0.0,Personal Auto,California,427.63121,Luxury
ZU35962,802522.94,College,none,0.0,77.0,0.0,Personal Auto,California,25.807685,Two-Door Car
VH85817,578018.22,High School or Below,none,51066.0,74.0,0.0,Personal Auto,California,787.993313,Four-Door Car
DT85712,411853.91,Doctor,none,34378.0,102.0,0.0,Personal Auto,California,489.6,SUV
YJ88573,252307.02,Master,none,43072.0,63.0,0.0,Personal Auto,Nevada,302.4,Four-Door Car
SQ19467,655421.64,College,none,25222.0,90.0,0.0,Personal Auto,Oregon,475.623251,Four-Door Car
YB66933,538275.2,Bachelor,F,77552.0,68.0,0.0,Corporate Auto,Washington,45.215059,Four-Door Car
ET79815,592672.94,College,none,23091.0,96.0,0.0,Personal Auto,California,460.8,Four-Door Car
QC35222,268347.07,Bachelor,none,48269.0,69.0,0.0,Corporate Auto,California,282.151207,Four-Door Car
CJ15590,269518.24,Bachelor,none,32720.0,67.0,0.0,Personal Auto,Oregon,321.6,Four-Door Car
OI48267,604702.52,College,none,20396.0,76.0,0.0,Personal Auto,California,364.8,Four-Door Car
JY67916,1317101.28,College,none,21513.0,119.0,0.0,Personal Auto,Oregon,679.827592,Two-Door Car
OW15518,1595001.95,College,F,0.0,87.0,0.0,Personal Auto,Washington,46.041452,Two-Door Car
CZ33664,252765.38,Bachelor,none,80744.0,63.0,0.0,Corporate Auto,Oregon,11.879037,Four-Door Car
WK30175,267209.58,Bachelor,none,52822.0,67.0,0.0,Corporate Auto,Oregon,350.529033,Two-Door Car
ON44465,531329.4,High School or Below,none,0.0,77.0,0.0,Personal Auto,California,863.3947,Four-Door Car
TV87155,2094619.25,Bachelor,none,69738.0,74.0,0.0,Personal Auto,Oregon,492.127532,Four-Door Car
KH48895,837535.39,Master,none,17780.0,109.0,0.0,Personal Auto,AZ,132.588288,SUV
NZ30757,480166.15,Bachelor,none,18107.0,62.0,0.0,Personal Auto,California,297.6,Four-Door Car
RI22468,574594.33,Bachelor,none,57740.0,74.0,0.0,Personal Auto,AZ,269.905129,Four-Door Car
FZ30935,606611.6,College,none,32627.0,76.0,0.0,Personal Auto,Oregon,380.036697,Two-Door Car
UG93476,800230.83,College,none,0.0,107.0,0.0,Personal Auto,California,513.6,SUV
AB96670,239391.54,College,none,0.0,70.0,0.0,Personal Auto,California,425.266308,Four-Door Car
XK64261,476281.79,Bachelor,none,65795.0,62.0,0.0,Corporate Auto,Oregon,49.011099,Two-Door Car
EV68375,433038.6,College,none,60475.0,107.0,0.0,Personal Auto,California,513.6,Four-Door Car
UN51653,940272.98,High School or Below,none,0.0,130.0,0.0,Personal Auto,California,936.0,SUV
TO96662,696669.45,Bachelor,none,41837.0,88.0,0.0,Personal Auto,Oregon,142.062768,Four-Door Car
MR52087,769406.43,Bachelor,none,32303.0,65.0,0.0,Personal Auto,California,45.152521,Four-Door Car
DE75225,871756.11,High School or Below,none,0.0,117.0,0.0,Personal Auto,Oregon,561.6,SUV
EP80820,592874.85,Bachelor,none,40531.0,74.0,0.0,Personal Auto,California,30.567357,Two-Door Car
GU99037,245297.73,College,none,79898.0,62.0,0.0,Corporate Auto,Oregon,271.606799,Four-Door Car
WI57118,670157.17,College,none,56398.0,85.0,0.0,Personal Auto,California,408.0,Four-Door Car
GP39118,499655.27,High School or Below,M,71600.0,63.0,0.0,Personal Auto,Washington,46.158117,Two-Door Car
MQ14219,849269.88,College,none,27804.0,109.0,0.0,Personal Auto,AZ,784.8,SUV
KN20603,771349.4,Bachelor,none,45506.0,66.0,0.0,Personal Auto,Oregon,316.8,Four-Door Car
SG20925,518579.76,Master,F,99428.0,6464.0,0.0,Personal Auto,Washington,48.046869,Four-Door Car
JI70886,729006.98,High School or Below,none,0.0,102.0,0.0,Corporate Auto,California,489.6,SUV
VF72557,477294.38,High School or Below,none,20993.0,133.0,0.0,Personal Auto,Oregon,638.4,SUV
OX28638,680649.14,High School or Below,none,37839.0,86.0,0.0,Personal Auto,AZ,465.633954,Two-Door Car
SK55033,246978.13,Bachelor,none,92711.0,62.0,0.0,Personal Auto,California,368.400146,Two-Door Car
OO88645,310392.3,College,none,74665.0,78.0,0.0,Corporate Auto,California,236.902001,Four-Door Car
FM14335,1048491.54,College,F,61108.0,89.0,0.0,Personal Auto,Washington,49.451117,Four-Door Car
CW82151,890273.76,Bachelor,none,46833.0,112.0,0.0,Personal Auto,California,64.109663,Luxury
DY22043,549944.72,High School or Below,none,88768.0,68.0,0.0,Personal Auto,Oregon,326.4,Two-Door Car
SH36774,1502359.86,High School or Below,none,28262.0,192.0,0.0,Personal Auto,California,921.6,Luxury
EM43724,250910.79,Bachelor,none,33555.0,63.0,0.0,Personal Auto,Nevada,101.89645,Four-Door Car
FH85960,3122174.81,College,none,42780.0,113.0,0.0,Personal Auto,Oregon,542.4,Four-Door Car
XA55993,313350.34,Master,none,58850.0,78.0,0.0,Personal Auto,Oregon,143.747794,Four-Door Car
GO36627,383745.19,College,none,21880.0,97.0,0.0,Special Auto,AZ,424.077159,Four-Door Car
QH48047,1179049.62,College,none,25251.0,66.0,0.0,Personal Auto,Oregon,316.8,Four-Door Car
HS28694,282986.39,High School or Below,F,25317.0,71.0,0.0,Personal Auto,Washington,50.422181,Two-Door Car
UH65059,430580.83,High School or Below,none,24188.0,109.0,0.0,Personal Auto,AZ,523.2,Luxury
FV21968,597397.69,Bachelor,none,41611.0,74.0,0.0,Special Auto,Nevada,113.801497,Four-Door Car
QA87025,567044.24,Bachelor,none,28406.0,72.0,0.0,Personal Auto,Oregon,192.87572,Four-Door Car
TQ13499,473174.93,College,none,69833.0,118.0,0.0,Personal Auto,AZ,828.662719,Four-Door Car
BU44523,802637.96,High School or Below,none,0.0,74.0,0.0,Corporate Auto,AZ,532.8,Four-Door Car
MS41162,402296.35,High School or Below,none,0.0,117.0,0.0,Personal Auto,AZ,975.107098,SUV
PU25891,961831.09,High School or Below,none,80536.0,119.0,0.0,Special Auto,Oregon,53.798708,Luxury
LH92841,725595.38,Bachelor,F,88891.0,89.0,0.0,Personal Auto,Washington,50.528355,Four-Door Car
SX26335,955292.69,College,none,97732.0,79.0,0.0,Personal Auto,Oregon,289.9122,Four-Door Car
AZ95587,1038855.32,Bachelor,F,61222.0,89.0,0.0,Special Auto,AZ,392.604371,Four-Door Car
DS81757,247012.12,College,M,0.0,74.0,0.0,Personal Auto,Oregon,721.242206,Two-Door Car
OJ94107,561906.85,Master,M,50335.0,140.0,0.0,Personal Auto,AZ,456.52385,SUV
LP84436,904711.92,High School or Below,F,0.0,127.0,0.0,Personal Auto,California,1087.995426,Luxury
FF22360,268731.41,Doctor,F,82210.0,68.0,0.0,Personal Auto,Washington,51.961915,Four-Door Car
LM19287,373150.46,High School or Below,F,0.0,96.0,0.0,Personal Auto,Oregon,460.8,Four-Door Car
ZU18643,366077.03,Bachelor,M,64495.0,92.0,0.0,Corporate Auto,Nevada,251.992083,Four-Door Car
AZ82578,792882.93,College,F,0.0,72.0,0.0,Corporate Auto,California,345.6,Four-Door Car
XC67861,501175.16,Bachelor,F,28859.0,67.0,0.0,Corporate Auto,Arizona,321.6,Two-Door Car
YC43143,798825.83,High School or Below,F,77330.0,99.0,0.0,Personal Auto,Arizona,99.257608,Four-Door Car
EK59571,388545.64,College,M,0.0,105.0,0.0,Corporate Auto,Oregon,504.0,Four-Door Car
PA38372,935773.78,High School or Below,F,33060.0,117.0,0.0,Personal Auto,Washington,56.731578,Four-Door Car
RO18530,254068.98,Master,M,42557.0,65.0,0.0,Personal Auto,Washington,57.562324,Four-Door Car
PD27940,488516.25,High School or Below,M,26372.0,126.0,0.0,Personal Auto,Arizona,604.8,SUV
BS77946,975330.71,Bachelor,F,17514.0,127.0,0.0,Personal Auto,Arizona,8.312729,SUV
YM50253,294615.37,Bachelor,F,89270.0,74.0,0.0,Personal Auto,California,316.599228,Four-Door Car
NR15332,258111.09,High School or Below,M,29757.0,65.0,0.0,Personal Auto,California,312.0,Four-Door Car
RC62865,351738.58,College,M,51814.0,92.0,0.0,Personal Auto,Oregon,56.300724,Four-Door Car
CC15295,974335.01,Bachelor,F,24028.0,82.0,0.0,Personal Auto,Oregon,393.6,Four-Door Car
KA61892,387364.7,College,M,28142.0,105.0,0.0,Personal Auto,Arizona,701.708239,Luxury
OS94884,764928.2,Bachelor,F,52705.0,64.0,0.0,Personal Auto,Arizona,128.705563,Two-Door Car
ND87334,228759.69,High School or Below,M,0.0,63.0,0.0,Corporate Auto,California,679.368378,Two-Door Car
OY51402,825576.39,High School or Below,F,54040.0,103.0,0.0,Personal Auto,Washington,59.987126,SUV
YL74911,871492.21,College,F,0.0,118.0,0.0,Personal Auto,California,566.4,SUV
GK92563,681923.12,Doctor,F,22492.0,85.0,0.0,Personal Auto,Washington,61.654262,Two-Door Car
HL53154,741619.73,Bachelor,M,0.0,77.0,0.0,Personal Auto,California,554.4,Four-Door Car
RI78966,777115.9,Master,M,21876.0,68.0,0.0,Personal Auto,Oregon,465.41477,Four-Door Car
IC13702,696834.19,Bachelor,F,0.0,69.0,0.0,Personal Auto,California,496.8,Four-Door Car
BE10809,425028.26,High School or Below,F,0.0,61.0,0.0,Personal Auto,California,292.8,Four-Door Car
HT87217,1977656.65,High School or Below,F,70699.0,82.0,0.0,Personal Auto,Oregon,256.813837,Four-Door Car
TH95618,2134346.6,High School or Below,F,0.0,74.0,0.0,Personal Auto,California,355.2,Four-Door Car
TS19868,241313.97,College,M,27501.0,63.0,0.0,Personal Auto,California,542.319401,Four-Door Car
LP45550,1536384.72,Doctor,F,15897.0,101.0,0.0,Personal Auto,Oregon,303.148399,Four-Door Car
QR87004,845696.19,College,F,25141.0,73.0,0.0,Personal Auto,Nevada,25.438063,Four-Door Car
OE75747,218964.25,College,F,0.0,61.0,0.0,Personal Auto,Nevada,292.8,Four-Door Car
DX91392,578018.22,High School or Below,M,51066.0,74.0,0.0,Personal Auto,California,787.993313,Four-Door Car
AB72731,463998.16,Bachelor,F,28358.0,117.0,0.0,Personal Auto,California,84.024413,Luxury
GX84338,382443.13,Doctor,F,62530.0,95.0,0.0,Personal Auto,Washington,61.693771,Four-Door Car
IS12901,596811.89,Bachelor,F,90972.0,74.0,0.0,Personal Auto,Arizona,232.926145,Two-Door Car
BN90616,859033.5,Bachelor,F,63110.0,72.0,0.0,Personal Auto,Washington,68.179721,Four-Door Car
HH90090,407663.47,Bachelor,F,29549.0,104.0,0.0,Personal Auto,California,710.433775,Luxury
IU25463,1225260.18,Bachelor,F,0.0,115.0,0.0,Personal Auto,California,552.0,Four-Door Car
KC11055,1693627.15,Bachelor,F,39411.0,217.0,0.0,Personal Auto,Nevada,1122.658899,Luxury
PD33979,489243.55,High School or Below,M,21709.0,62.0,0.0,Personal Auto,Oregon,408.374746,Four-Door Car
NK71023,994230.48,Bachelor,M,67890.0,85.0,0.0,Personal Auto,Nevada,408.0,Four-Door Car
AB13432,373583.81,Bachelor,M,0.0,110.0,0.0,Personal Auto,California,792.0,SUV
OZ97704,1311752.22,High School or Below,F,84311.0,111.0,0.0,Personal Auto,California,532.8,SUV
UF46533,457452.41,College,F,99316.0,114.0,0.0,Corporate Auto,California,754.358929,SUV
XP47431,547006.06,Bachelor,F,54507.0,138.0,0.0,Personal Auto,Arizona,702.990032,SUV
GK73582,297884.6,Bachelor,F,64586.0,76.0,0.0,Personal Auto,California,206.837111,Four-Door Car
RV98763,641096.75,College,M,61709.0,82.0,0.0,Personal Auto,Oregon,275.395894,Four-Door Car
II62831,447902.31,Master,M,94656.0,111.0,0.0,Special Auto,California,459.738128,SUV
XK33449,238373.19,High School or Below,F,0.0,69.0,0.0,Special Auto,California,496.8,Two-Door Car
TR85083,276449.37,Bachelor,M,61085.0,70.0,0.0,Personal Auto,California,336.0,Two-Door Car
EO95328,792010.54,Bachelor,F,89284.0,67.0,0.0,Personal Auto,Oregon,321.6,Two-Door Car
EN21086,688909.8,High School or Below,F,0.0,63.0,0.0,Personal Auto,Arizona,302.4,Four-Door Car
YL83902,327419.46,Bachelor,F,31686.0,81.0,0.0,Personal Auto,WA,430.994107,Four-Door Car
AZ62651,995170.77,High School or Below,M,56855.0,255.0,0.0,Corporate Auto,Oregon,1836.0,Luxury
ZW25874,252155.57,Bachelor,M,53703.0,67.0,0.0,Special Auto,Oregon,67.632476,Four-Door Car
EH41854,2370611.34,High School or Below,F,0.0,96.0,0.0,Personal Auto,WA,844.481918,Two-Door Car
MW70227,604702.52,College,M,20396.0,76.0,0.0,Personal Auto,California,364.8,Four-Door Car
SL22297,1114030.25,Master,F,27679.0,150.0,0.0,Personal Auto,California,722.486994,SUV
RV14138,433406.41,Bachelor,F,23904.0,123.0,0.0,Personal Auto,Nevada,590.4,SUV
UO62808,279974.79,High School or Below,F,65351.0,69.0,0.0,Corporate Auto,Arizona,481.027516,Four-Door Car
ZX64745,792313.66,College,M,0.0,113.0,0.0,Personal Auto,California,1124.427734,SUV
FL34139,368811.09,High School or Below,M,0.0,63.0,0.0,Personal Auto,California,669.682001,Four-Door Car
TS11219,1206745.6,College,M,0.0,116.0,0.0,Personal Auto,California,1284.093173,SUV
XX12304,292497.67,College,F,64459.0,72.0,0.0,Personal Auto,California,240.259479,Four-Door Car
SD64087,1501409.27,College,M,32961.0,190.0,0.0,Corporate Auto,California,912.0,SUV
OY38576,927723.38,High School or Below,F,71416.0,116.0,0.0,Corporate Auto,Oregon,556.8,SUV
BG76355,627412.39,Bachelor,F,68964.0,78.0,0.0,Personal Auto,WA,115.086827,Four-Door Car
IP66913,388664.74,High School or Below,M,78108.0,98.0,0.0,Personal Auto,Cali,470.4,Two-Door Car
LE95702,438627.76,College,M,10621.0,67.0,0.0,Special Auto,Cali,321.6,Four-Door Car
KX54357,1136526.77,College,M,84910.0,95.0,0.0,Corporate Auto,WA,383.167471,Two-Door Car
EZ78112,561096.43,High School or Below,F,77493.0,70.0,0.0,Special Auto,Cali,307.963291,Four-Door Car
XN16891,291289.2,College,M,81097.0,74.0,0.0,Personal Auto,Arizona,355.2,Four-Door Car
XK31350,691572.99,College,F,96610.0,85.0,0.0,Corporate Auto,Oregon,520.364752,Four-Door Car
CC30924,626266.33,College,M,30110.0,159.0,0.0,Corporate Auto,Oregon,466.436375,Luxury
IT78748,650339.7,High School or Below,F,22081.0,84.0,0.0,Special Auto,Oregon,451.670309,Two-Door Car
KY33386,800739.94,High School or Below,F,0.0,112.0,0.0,Personal Auto,WA,537.6,Luxury
CO44221,292991.65,College,M,98473.0,72.0,0.0,Personal Auto,Cali,345.6,Four-Door Car
LK60013,596955.3,Bachelor,F,97431.0,74.0,0.0,Personal Auto,Oregon,355.2,Four-Door Car
DE21533,547315.99,Bachelor,M,93870.0,69.0,0.0,Personal Auto,Cali,331.2,Four-Door Car
YS94121,564539.67,High School or Below,M,50366.0,72.0,0.0,Personal Auto,Nevada,428.734656,Four-Door Car
UK68427,636926.24,High School or Below,M,34498.0,83.0,0.0,Personal Auto,WA,398.4,Two-Door Car
TE49565,1183376.73,College,F,16552.0,103.0,0.0,Personal Auto,Oregon,494.4,SUV
RA88421,612110.79,College,F,26787.0,77.0,0.0,Personal Auto,Oregon,369.6,Four-Door Car
KQ51983,515936.97,College,M,0.0,74.0,0.0,Personal Auto,Nevada,831.752839,Two-Door Car
CD88896,251459.2,High School or Below,F,43860.0,65.0,0.0,Corporate Auto,Nevada,156.124914,Four-Door Car
YV22553,866861.13,High School or Below,M,21474.0,114.0,0.0,Corporate Auto,Arizona,373.428187,SUV
WU14435,496096.54,Bachelor,M,18174.0,66.0,0.0,Corporate Auto,Cali,395.934815,Four-Door Car
XV84099,550413.9,Bachelor,F,0.0,73.0,0.0,Corporate Auto,Arizona,350.4,Four-Door Car
RI24911,750745.54,College,M,60920.0,64.0,0.0,Personal Auto,Arizona,231.201886,Two-Door Car
KO26461,3226985.14,High School or Below,M,41520.0,90.0,0.0,Personal Auto,Arizona,289.904105,Four-Door Car
HI14283,565703.16,Bachelor,F,0.0,152.0,0.0,Personal Auto,Oregon,729.6,SUV
PT50227,506175.79,High School or Below,M,0.0,68.0,0.0,Personal Auto,Arizona,326.4,Two-Door Car
BH36570,591278.38,Bachelor,M,72208.0,73.0,0.0,Personal Auto,Cali,350.4,Two-Door Car
TX17484,1518227.98,Bachelor,F,53863.0,63.0,0.0,Personal Auto,Cali,105.765111,Four-Door Car
CT41158,1074703.09,College,M,66446.0,136.0,0.0,Corporate Auto,WA,639.464548,SUV
AO87348,205062.35,College,M,0.0,61.0,0.0,Personal Auto,WA,292.8,Four-Door Car
DE55857,246544.49,Bachelor,F,64997.0,63.0,0.0,Personal Auto,WA,383.442328,Four-Door Car
LF66923,534312.13,High School or Below,F,64460.0,66.0,0.0,Corporate Auto,Nevada,316.8,Two-Door Car
CN24514,811982.91,College,F,46618.0,67.0,0.0,Personal Auto,Arizona,99.085943,Four-Door Car
UW32074,460526.52,College,F,0.0,64.0,0.0,Corporate Auto,Oregon,307.2,Four-Door Car
HP36979,640878.56,College,M,49988.0,84.0,0.0,Personal Auto,Cali,566.935022,Two-Door Car
PP40919,237653.35,College,F,0.0,91.0,0.0,Personal Auto,Cali,436.8,Two-Door Car
RO73268,321107.0,Bachelor,M,16269.0,86.0,0.0,Corporate Auto,Cali,412.8,Two-Door Car
HO61691,509452.23,Bachelor,F,72006.0,64.0,0.0,Personal Auto,Arizona,307.2,Four-Door Car
BS13062,2575527.82,High School or Below,F,0.0,81.0,0.0,Personal Auto,Arizona,388.8,Four-Door Car
FO35655,867222.97,Bachelor,M,0.0,245.0,0.0,Corporate Auto,Oregon,2345.413441,Luxury
HR10526,804473.07,Master,M,44320.0,67.0,0.0,Personal Auto,Cali,321.6,Four-Door Car
IA63417,400151.91,High School or Below,F,19782.0,108.0,0.0,Personal Auto,Arizona,773.470977,Two-Door Car
BH35016,1670611.7,Bachelor,F,63933.0,70.0,0.0,Personal Auto,Nevada,424.883448,Two-Door Car
PK52952,854441.11,Doctor,M,28224.0,109.0,0.0,Personal Auto,Arizona,523.2,SUV
OD76309,780531.29,College,F,21073.0,106.0,0.0,Personal Auto,WA,508.8,SUV
IL28481,611275.69,Bachelor,M,63243.0,77.0,0.0,Personal Auto,Oregon,364.240307,Four-Door Car
GY55092,477294.38,High School or Below,M,20993.0,133.0,0.0,Personal Auto,Nevada,638.4,SUV
UF33451,1097909.56,Bachelor,F,94827.0,135.0,0.0,Personal Auto,Oregon,354.729129,SUV
CF15558,500426.38,Master,F,39161.0,63.0,0.0,Personal Auto,Cali,283.995953,Two-Door Car
JM62924,1322304.38,Bachelor,M,37534.0,84.0,0.0,Personal Auto,WA,403.2,Four-Door Car
EM66435,262331.54,Bachelor,F,80210.0,65.0,0.0,Corporate Auto,Oregon,20.543176,Four-Door Car
QX45933,1784019.56,Bachelor,M,0.0,62.0,0.0,Personal Auto,Cali,385.115437,Four-Door Car
JI71369,510611.18,College,F,30110.0,64.0,0.0,Personal Auto,Cali,140.165035,Four-Door Car
JU93290,1793060.45,College,F,21708.0,68.0,0.0,Personal Auto,Arizona,326.4,Four-Door Car
GU66096,545734.26,High School or Below,M,94731.0,67.0,0.0,Personal Auto,Arizona,321.6,Four-Door Car
UC33108,656364.41,Bachelor,M,32375.0,83.0,0.0,Personal Auto,Cali,398.4,Four-Door Car
LW93867,481252.52,College,M,16531.0,63.0,0.0,Corporate Auto,Oregon,102.879769,Four-Door Car
OU78470,2932804.19,Master,F,32006.0,94.0,0.0,Corporate Auto,Arizona,56.868289,Four-Door Car
XW90265,577352.07,Bachelor,F,81676.0,72.0,0.0,Personal Auto,Arizona,463.158502,Two-Door Car
HS67749,684711.89,College,M,71038.0,86.0,0.0,Corporate Auto,Cali,205.444066,Four-Door Car
VZ51506,359531.29,High School or Below,F,0.0,103.0,0.0,Corporate Auto,Arizona,741.6,Luxury
UI64281,2285561.21,Master,F,20832.0,65.0,0.0,Personal Auto,Nevada,56.371967,Two-Door Car
AE98193,785941.46,High School or Below,M,0.0,113.0,0.0,Personal Auto,WA,813.6,SUV
AZ74055,411557.74,High School or Below,M,52405.0,103.0,0.0,Personal Auto,Oregon,494.4,Four-Door Car
XS76911,502963.88,High School or Below,F,0.0,133.0,0.0,Personal Auto,Arizona,795.864079,Luxury
AY40674,482141.85,Bachelor,F,26583.0,1005.0,0.0,Personal Auto,WA,614.4,SUV
NA12740,500431.05,Master,M,25486.0,65.0,0.0,Special Auto,Oregon,72.438681,Two-Door Car
UA84837,863005.39,College,M,24065.0,111.0,0.0,Corporate Auto,Arizona,532.8,Four-Door Car
DJ51510,932208.51,High School or Below,F,70435.0,116.0,0.0,Personal Auto,Arizona,67.881546,Four-Door Car
VM58985,1672756.06,College,M,0.0,76.0,0.0,Personal Auto,Cali,402.636829,Two-Door Car
OH60605,365253.24,High School or Below,F,39679.0,92.0,0.0,Personal Auto,Oregon,641.388616,Two-Door Car
UO98052,615860.12,College,M,0.0,89.0,0.0,Personal Auto,Nevada,342.481173,Four-Door Car
NC53424,437608.4,Bachelor,M,0.0,69.0,0.0,Personal Auto,Cali,331.2,Two-Door Car
LQ13873,556945.62,High School or Below,M,53565.0,71.0,0.0,Personal Auto,Nevada,340.8,Four-Door Car
LA97014,257651.3,Bachelor,M,37574.0,66.0,0.0,Personal Auto,WA,412.101933,Two-Door Car
NB79936,834698.32,Bachelor,M,48259.0,108.0,0.0,Personal Auto,WA,73.700573,Two-Door Car
NT89061,632392.39,High School or Below,F,78532.0,78.0,0.0,Personal Auto,Arizona,374.4,Four-Door Car
AF10970,597314.34,Bachelor,F,96163.0,73.0,0.0,Corporate Auto,Arizona,350.4,Four-Door Car
ZG48513,470667.7,Bachelor,M,0.0,72.0,0.0,Personal Auto,Cali,345.6,Four-Door Car
JQ59145,809341.03,High School or Below,M,0.0,114.0,0.0,Personal Auto,Cali,722.024742,Luxury
FE84989,503574.46,College,M,72672.0,63.0,0.0,Personal Auto,WA,259.361117,Four-Door Car
JT52858,902786.72,Bachelor,F,99002.0,112.0,0.0,Personal Auto,Oregon,537.6,Four-Door Car
MC62068,728888.48,High School or Below,M,79494.0,91.0,0.0,Personal Auto,California,396.295614,Four-Door Car
EU27538,1804247.94,Master,M,35704.0,225.0,0.0,Personal Auto,Oregon,358.281562,Luxury
RH42306,499206.3,Bachelor,F,0.0,71.0,0.0,Corporate Auto,Arizona,653.388564,Four-Door Car
US23612,910226.78,High School or Below,F,26049.0,118.0,0.0,Personal Auto,Oregon,121.032372,Two-Door Car
WV76014,254040.77,Doctor,M,70125.0,64.0,0.0,Special Auto,Arizona,92.813396,Four-Door Car
RK96223,1294189.19,College,M,52369.0,110.0,0.0,Personal Auto,California,528.0,SUV
MF82000,236534.86,Bachelor,F,0.0,66.0,0.0,Special Auto,WA,159.636956,Four-Door Car
FM46980,572076.51,College,M,41770.0,72.0,0.0,Personal Auto,Arizona,476.156957,Four-Door Car
SY56792,703553.41,High School or Below,M,0.0,101.0,0.0,Corporate Auto,Oregon,727.2,Four-Door Car
RF61565,263697.77,College,M,31911.0,67.0,0.0,Personal Auto,California,321.6,Four-Door Car
IM94808,539583.2,Bachelor,M,70051.0,68.0,0.0,Corporate Auto,Nevada,42.078345,Four-Door Car
VI14730,838263.01,High School or Below,M,19683.0,117.0,0.0,Personal Auto,Oregon,561.6,Luxury
YR34119,3116174.52,College,F,30916.0,112.0,0.0,Personal Auto,WA,200.11606,SUV
RR77985,288774.23,Bachelor,F,0.0,80.0,0.0,Personal Auto,Oregon,676.944023,Four-Door Car
QD28391,742584.53,College,M,84302.0,62.0,0.0,Personal Auto,Washington,76.609295,Four-Door Car
WV17090,2558572.78,Bachelor,M,0.0,116.0,0.0,Corporate Auto,California,830.623064,SUV
TM23514,1027260.82,College,M,60145.0,132.0,0.0,Personal Auto,Oregon,580.473259,SUV
MQ68407,437636.36,Bachelor,F,63774.0,111.0,0.0,Personal Auto,Oregon,60.036683,Four-Door Car
GJ59592,531889.66,Bachelor,F,25134.0,67.0,0.0,Corporate Auto,California,321.6,Four-Door Car
FY56083,471976.22,Bachelor,M,37057.0,61.0,0.0,Personal Auto,Oregon,47.53101,Four-Door Car
UA94723,442803.16,High School or Below,F,58577.0,110.0,0.0,Personal Auto,Oregon,303.872752,SUV
FW91032,587917.61,High School or Below,M,85857.0,73.0,0.0,Corporate Auto,California,100.620067,Four-Door Car
DE34457,941690.85,Doctor,F,70602.0,116.0,0.0,Personal Auto,Oregon,481.339891,SUV
HD32044,828815.56,Master,F,33816.0,106.0,0.0,Corporate Auto,Oregon,508.8,Four-Door Car
HH30454,3265483.83,Bachelor,M,0.0,153.0,0.0,Personal Auto,Oregon,1101.6,SUV
AH84063,471945.01,College,F,89642.0,121.0,0.0,Corporate Auto,Oregon,86.320022,SUV
QA17596,390347.48,Bachelor,F,60068.0,98.0,0.0,Personal Auto,California,470.4,Two-Door Car
XI41052,545725.97,Bachelor,F,50044.0,139.0,0.0,Personal Auto,California,667.2,SUV
DI30528,272535.64,Master,F,36650.0,69.0,0.0,Personal Auto,California,56.60333,Four-Door Car
SC66359,443397.37,College,F,50653.0,110.0,0.0,Corporate Auto,Arizona,262.865172,SUV
EN61670,533246.27,Doctor,F,68931.0,66.0,0.0,Personal Auto,Arizona,309.577946,Four-Door Car
DQ10761,231509.5,Bachelor,M,0.0,73.0,0.0,Corporate Auto,Oregon,350.4,Four-Door Car
BQ51587,541195.37,College,F,0.0,73.0,0.0,Personal Auto,California,365.364581,Four-Door Car
JE21522,958733.23,Bachelor,M,39266.0,80.0,0.0,Personal Auto,California,384.0,Four-Door Car
WS47147,2210350.72,College,M,0.0,102.0,0.0,Personal Auto,California,489.6,SUV
ZA64638,976494.53,High School or Below,F,0.0,98.0,0.0,Personal Auto,Nevada,705.6,Four-Door Car
EW38459,256715.15,Bachelor,F,40864.0,65.0,0.0,Corporate Auto,Nevada,9.51528,Four-Door Car
QW87316,265062.28,College,F,39035.0,68.0,0.0,Personal Auto,Oregon,244.564334,Four-Door Car
IC43478,1126436.33,Bachelor,M,34923.0,98.0,0.0,Personal Auto,California,639.105556,Two-Door Car
TE34064,216852.35,High School or Below,M,0.0,63.0,0.0,Personal Auto,California,453.6,Four-Door Car
WU60905,861066.75,High School or Below,F,0.0,111.0,0.0,Corporate Auto,California,532.8,SUV
YM18992,283464.62,College,F,24506.0,71.0,0.0,Personal Auto,California,511.2,Two-Door Car
PD55753,893013.97,High School or Below,M,0.0,82.0,0.0,Personal Auto,Oregon,554.522969,Four-Door Car
KU56006,553638.7,College,F,52220.0,70.0,0.0,Personal Auto,Arizona,336.0,Four-Door Car
MJ69973,284085.43,High School or Below,M,0.0,74.0,0.0,Personal Auto,Arizona,402.449823,Two-Door Car
TW43626,808288.1,College,M,53554.0,67.0,0.0,Personal Auto,California,327.020539,Four-Door Car
XX84133,525473.43,Bachelor,M,34476.0,67.0,0.0,Corporate Auto,California,5.3953,Four-Door Car
ZW84453,511623.76,Bachelor,F,0.0,70.0,0.0,Personal Auto,Arizona,131.401291,Four-Door Car
HO29524,303464.7,College,M,68205.0,76.0,0.0,Personal Auto,California,99.382943,Two-Door Car
VE89726,802489.99,High School or Below,F,0.0,119.0,0.0,Personal Auto,California,856.8,SUV
GE87503,1821114.32,High School or Below,M,53690.0,154.0,0.0,Personal Auto,California,739.2,SUV
PX90263,512156.33,High School or Below,M,0.0,72.0,0.0,Personal Auto,Oregon,518.4,Four-Door Car
NI17718,215017.86,High School or Below,F,0.0,61.0,0.0,Personal Auto,California,292.8,Four-Door Car
FY32213,559538.99,High School or Below,F,74454.0,71.0,0.0,Personal Auto,California,340.8,Four-Door Car
RZ13254,756282.4,Bachelor,F,0.0,73.0,0.0,Personal Auto,Nevada,350.4,Four-Door Car
GN45013,538585.32,High School or Below,M,29664.0,71.0,0.0,Personal Auto,Oregon,340.8,Four-Door Car
NM39588,267805.83,Doctor,F,72450.0,66.0,0.0,Corporate Auto,Washington,84.218363,Four-Door Car
KU84464,942256.79,Bachelor,F,47272.0,79.0,0.0,Personal Auto,Nevada,64.546877,Four-Door Car
YH43527,360586.03,College,F,21585.0,92.0,0.0,Corporate Auto,Oregon,441.6,Four-Door Car
RO30676,776259.06,College,F,23827.0,106.0,0.0,Personal Auto,California,37.910623,Four-Door Car
QL59704,2344490.05,College,F,69906.0,74.0,0.0,Corporate Auto,Arizona,202.860399,Four-Door Car
QH19450,255817.82,High School or Below,F,0.0,72.0,0.0,Corporate Auto,California,345.6,Four-Door Car
SA54664,265438.1,Master,M,73196.0,66.0,0.0,Personal Auto,Washington,85.809817,Four-Door Car
CI38330,254978.61,Bachelor,M,72217.0,6464.0,0.0,Personal Auto,Washington,91.146661,Four-Door Car
WB38524,296959.33,High School or Below,M,46131.0,74.0,0.0,Personal Auto,California,355.2,Two-Door Car
CE56187,436312.46,Master,F,54514.0,109.0,0.0,Personal Auto,Oregon,286.234931,SUV
JL19416,588430.86,High School or Below,F,0.0,161.0,0.0,Personal Auto,California,1159.2,SUV
JZ61422,527219.16,College,F,96668.0,66.0,0.0,Personal Auto,Nevada,316.8,Four-Door Car
LA13377,550989.57,Doctor,M,78879.0,69.0,0.0,Personal Auto,California,466.570791,Four-Door Car
NC99948,1631368.35,College,M,0.0,69.0,0.0,Personal Auto,Nevada,331.2,Four-Door Car
QD34785,567805.02,Bachelor,F,0.0,76.0,0.0,Personal Auto,Arizona,364.8,Four-Door Car
RO26085,1210120.88,Bachelor,F,0.0,112.0,0.0,Personal Auto,California,1252.406235,Luxury
ES57969,245357.08,Bachelor,M,29735.0,69.0,0.0,Personal Auto,Oregon,331.2,Four-Door Car
JK55587,507566.27,High School or Below,M,23082.0,65.0,0.0,Special Auto,California,312.0,Four-Door Car
RN97635,321497.94,Bachelor,M,53984.0,80.0,0.0,Corporate Auto,Arizona,421.484456,Four-Door Car
BI76326,1227534.31,College,F,52135.0,156.0,0.0,Personal Auto,California,430.505942,SUV
JA34909,272221.07,College,F,17576.0,71.0,0.0,Corporate Auto,California,398.502948,Four-Door Car
OJ90342,245744.09,Bachelor,F,29486.0,62.0,0.0,Personal Auto,Oregon,7.646763,Four-Door Car
CM88932,355484.53,Master,F,58557.0,88.0,0.0,Corporate Auto,Oregon,55.510526,Four-Door Car
JJ97525,492954.97,Bachelor,M,25632.0,63.0,0.0,Personal Auto,California,351.270869,Two-Door Car
XV21647,803645.03,High School or Below,F,0.0,112.0,0.0,Personal Auto,California,806.4,Luxury
MC83487,427691.53,Bachelor,M,18768.0,68.0,0.0,Corporate Auto,Arizona,647.454583,Four-Door Car
BL90769,3347334.95,Bachelor,F,33190.0,106.0,0.0,Personal Auto,California,508.8,SUV
CR57148,596058.14,Master,F,47945.0,74.0,0.0,Personal Auto,Oregon,128.43823,Two-Door Car
CP85232,4479546.94,College,M,58778.0,126.0,0.0,Special Auto,Arizona,302.033971,SUV
YL74732,383211.81,High School or Below,F,15192.0,100.0,0.0,Personal Auto,California,480.0,SUV
FG16766,683793.26,Bachelor,F,51859.0,171.0,0.0,Personal Auto,California,1003.160633,SUV
NV55438,528526.82,High School or Below,F,23422.0,72.0,0.0,Personal Auto,Nevada,518.4,Two-Door Car
RM10880,309651.12,College,F,21604.0,79.0,0.0,Corporate Auto,California,379.2,Four-Door Car
GL56175,358971.07,College,M,79298.0,90.0,0.0,Personal Auto,Arizona,244.362072,Four-Door Car
UK52289,258240.85,Bachelor,F,76731.0,64.0,0.0,Special Auto,Arizona,201.455005,Four-Door Car
OT85112,340391.94,College,M,38460.0,88.0,0.0,Personal Auto,Washington,91.55098,Four-Door Car
BC62782,1357567.6,College,F,48534.0,115.0,0.0,Personal Auto,Arizona,552.0,SUV
TI19722,343613.43,Doctor,M,30817.0,88.0,0.0,Corporate Auto,Washington,91.834668,Four-Door Car
JP30654,2868582.79,College,F,48412.0,104.0,0.0,Personal Auto,Oregon,707.430832,SUV
UM45563,450267.97,Bachelor,M,68798.0,114.0,0.0,Personal Auto,Washington,92.915251,SUV
EN60878,618311.15,Bachelor,M,23712.0,85.0,0.0,Personal Auto,Oregon,376.126419,Four-Door Car
JF36291,387364.7,College,M,28142.0,105.0,0.0,Personal Auto,California,701.708239,Luxury
BK59444,1892933.06,Master,F,72196.0,68.0,0.0,Personal Auto,California,152.184244,Four-Door Car
MK70700,555329.58,Master,M,68197.0,69.0,0.0,Personal Auto,California,176.819414,Four-Door Car
IW71076,501125.92,Bachelor,M,75248.0,63.0,0.0,Corporate Auto,California,104.454624,Four-Door Car
AP98768,1044244.63,College,F,0.0,98.0,0.0,Personal Auto,California,941.718054,Four-Door Car
OM24164,219961.78,Bachelor,M,0.0,65.0,0.0,Personal Auto,Nevada,468.0,Two-Door Car
HR85211,512317.09,Master,F,89879.0,63.0,0.0,Personal Auto,Washington,94.030308,Two-Door Car
VC87846,748431.05,High School or Below,M,46998.0,96.0,0.0,Corporate Auto,Oregon,460.8,Four-Door Car
ZM92052,261302.31,Bachelor,M,57099.0,67.0,0.0,Personal Auto,Oregon,67.859881,Two-Door Car
ON73702,908063.97,Bachelor,F,33897.0,114.0,0.0,Corporate Auto,Arizona,539.843003,SUV
QQ90441,1377097.62,High School or Below,F,59207.0,116.0,0.0,Personal Auto,Nevada,556.8,Four-Door Car
HU35721,287682.29,High School or Below,M,40171.0,73.0,0.0,Personal Auto,Oregon,350.4,Four-Door Car
YP47665,540891.15,Doctor,M,80192.0,67.0,0.0,Personal Auto,Washington,95.193157,Four-Door Car
FU99476,677030.68,High School or Below,M,74422.0,85.0,0.0,Personal Auto,Washington,95.338505,Four-Door Car
AG85615,2414387.56,College,M,0.0,87.0,0.0,Special Auto,Oregon,626.4,Four-Door Car
OY74069,353805.95,College,F,0.0,67.0,0.0,Personal Auto,Arizona,321.6,Four-Door Car
DJ91267,2909123.94,Bachelor,F,34226.0,244.0,0.0,Personal Auto,Nevada,494.395024,Luxury
KB72438,1983420.12,High School or Below,F,65989.0,123.0,0.0,Personal Auto,California,115.545086,SUV
TR67616,473136.7,High School or Below,M,30686.0,61.0,0.0,Corporate Auto,Oregon,19.938981,Four-Door Car
GF65731,3553784.6,Master,F,0.0,113.0,0.0,Personal Auto,California,799.926741,Luxury
HB67642,3461137.9,High School or Below,F,20090.0,109.0,0.0,Personal Auto,Arizona,523.2,Luxury
DP84567,2021630.88,High School or Below,M,0.0,183.0,0.0,Personal Auto,California,878.4,Luxury
VV77534,1397651.93,College,M,77094.0,176.0,0.0,Personal Auto,Oregon,444.470676,SUV
GL67540,590408.82,College,F,97413.0,73.0,0.0,Personal Auto,California,268.819985,Four-Door Car
SV50502,559583.5,Master,F,79189.0,69.0,0.0,Corporate Auto,Oregon,331.2,Four-Door Car
UK59698,229430.36,High School or Below,F,0.0,62.0,0.0,Personal Auto,California,297.6,Two-Door Car
OA57352,627391.19,College,F,18577.0,86.0,0.0,Personal Auto,Arizona,412.8,Four-Door Car
ZF84449,372672.8,College,F,0.0,112.0,0.0,Special Auto,Oregon,806.4,Luxury
AX86150,265671.31,High School or Below,M,62777.0,67.0,0.0,Personal Auto,Washington,101.288069,Two-Door Car
HG39060,511068.08,Bachelor,M,0.0,74.0,0.0,Corporate Auto,Oregon,532.8,Four-Door Car
EM29359,712659.65,College,M,17483.0,183.0,0.0,Personal Auto,Nevada,1317.6,Luxury
SF57173,460163.41,Master,M,84394.0,114.0,0.0,Personal Auto,Oregon,691.412378,SUV
OT47603,915523.97,College,M,0.0,127.0,0.0,Personal Auto,Oregon,804.811859,Luxury
SW31412,1480805.62,College,F,41440.0,62.0,0.0,Personal Auto,Oregon,297.6,Four-Door Car
JS36322,890167.84,High School or Below,M,0.0,136.0,0.0,Personal Auto,Arizona,1090.86434,Luxury
RE81445,573459.82,College,F,98132.0,71.0,0.0,Personal Auto,Oregon,50.587035,Two-Door Car
RM24280,417769.7,High School or Below,F,0.0,112.0,0.0,Personal Auto,Oregon,537.6,Four-Door Car
LC25393,2777628.91,Bachelor,M,88220.0,230.0,0.0,Personal Auto,California,151.528482,Luxury
UX38930,1036434.75,Master,F,58327.0,129.0,0.0,Personal Auto,Arizona,347.075948,SUV
HD95496,785190.14,Master,M,25950.0,66.0,0.0,Personal Auto,Oregon,271.697529,Two-Door Car
RX24650,477294.38,High School or Below,M,20993.0,133.0,0.0,Corporate Auto,Oregon,638.4,SUV
DW19309,1422650.49,High School or Below,M,65726.0,177.0,0.0,Corporate Auto,Oregon,849.6,SUV
MT41386,287543.24,Bachelor,M,84768.0,72.0,0.0,Personal Auto,Washington,110.484661,Two-Door Car
WZ40465,504129.96,Bachelor,F,36234.0,63.0,0.0,Personal Auto,Washington,113.534474,Four-Door Car
DB42794,436293.12,College,M,58842.0,110.0,0.0,Personal Auto,California,528.0,Four-Door Car
JB50798,962452.44,Master,F,25629.0,124.0,0.0,Corporate Auto,Oregon,595.2,Luxury
IP69763,2191440.55,College,F,77311.0,181.0,0.0,Personal Auto,Washington,113.609508,SUV
TE35785,694842.22,Doctor,M,0.0,196.0,0.0,Personal Auto,California,1337.063487,Luxury
HX74855,247152.84,High School or Below,M,95697.0,61.0,0.0,Personal Auto,Washington,114.273025,Two-Door Car
QN65180,2190391.36,Bachelor,F,22254.0,79.0,0.0,Personal Auto,Oregon,125.194389,Four-Door Car
GE47180,902882.14,High School or Below,M,65974.0,113.0,0.0,Personal Auto,Nevada,235.220971,Luxury
VQ38776,530375.95,College,F,0.0,76.0,0.0,Personal Auto,Oregon,395.34111,Four-Door Car
BH86846,2070825.88,High School or Below,M,92079.0,65.0,0.0,Corporate Auto,Washington,114.798771,Four-Door Car
IN17648,512376.81,High School or Below,M,0.0,74.0,0.0,Personal Auto,Nevada,772.798511,Two-Door Car
DF95759,949234.3,College,M,0.0,132.0,0.0,Personal Auto,Oregon,633.6,SUV
QG45324,820486.32,High School or Below,F,0.0,73.0,0.0,Personal Auto,Oregon,350.4,Four-Door Car
MN61620,987729.57,College,F,67752.0,131.0,0.0,Personal Auto,Arizona,168.517149,Luxury
YH86390,481500.97,Bachelor,F,25398.0,64.0,0.0,Corporate Auto,California,307.2,Four-Door Car
FY13480,627701.17,High School or Below,M,0.0,88.0,0.0,Personal Auto,California,633.6,Four-Door Car
YH61661,826063.98,High School or Below,M,33321.0,105.0,0.0,Special Auto,California,504.0,SUV
NL93182,254945.0,Bachelor,M,0.0,78.0,0.0,Corporate Auto,Nevada,845.654042,Four-Door Car
LN31673,1131808.98,College,none,38923.0,99.0,0.0,Personal Auto,Washington,115.728852,Four-Door Car
WE68644,380392.18,Bachelor,F,20325.0,100.0,0.0,Personal Auto,Oregon,668.29397,Luxury
EZ30498,863540.35,Bachelor,M,13129.0,117.0,0.0,Personal Auto,Oregon,700.901632,SUV
QY74517,551055.9,High School or Below,F,0.0,73.0,0.0,Personal Auto,Oregon,525.6,Four-Door Car
NM88660,358588.41,Master,M,49080.0,91.0,0.0,Corporate Auto,Nevada,25.299,Four-Door Car
MZ82036,488925.28,College,M,42536.0,63.0,0.0,Personal Auto,Nevada,375.330097,Four-Door Car
ID20929,275694.17,Bachelor,M,29926.0,74.0,0.0,Corporate Auto,Oregon,418.233667,Four-Door Car
EY50028,328954.74,Doctor,M,0.0,86.0,0.0,Corporate Auto,Nevada,398.240791,Two-Door Car
TT82373,1093717.85,Bachelor,F,21450.0,138.0,0.0,Personal Auto,California,938.513425,Luxury
OH64088,737556.79,High School or Below,M,33345.0,65.0,0.0,Corporate Auto,California,338.619869,Four-Door Car
SK97780,1011077.82,Bachelor,F,15752.0,90.0,0.0,Corporate Auto,California,339.344531,Two-Door Car
IO33050,511941.43,High School or Below,F,40169.0,65.0,0.0,Personal Auto,Oregon,302.818833,Four-Door Car
XA55917,853383.2,College,F,26049.0,113.0,0.0,Personal Auto,California,619.165344,SUV
JK32620,222476.8,College,M,0.0,68.0,0.0,Personal Auto,Nevada,326.4,Four-Door Car
RQ19236,804280.38,Doctor,M,55411.0,100.0,0.0,Personal Auto,Arizona,259.561195,Luxury
QC47433,255443.71,College,M,12459.0,70.0,0.0,Personal Auto,Oregon,336.0,Four-Door Car
RA93608,1807394.0,Bachelor,M,64620.0,76.0,0.0,Personal Auto,Oregon,364.8,Two-Door Car
XH97711,243050.66,Bachelor,M,83140.0,61.0,0.0,Corporate Auto,California,179.161843,Four-Door Car
AU96286,316765.84,Bachelor,F,0.0,92.0,0.0,Corporate Auto,Oregon,662.4,Four-Door Car
KC17170,546560.4,Bachelor,F,54422.0,68.0,0.0,Corporate Auto,Arizona,75.501852,Four-Door Car
ZN47335,1035751.42,College,M,68309.0,131.0,0.0,Corporate Auto,California,306.983596,SUV
EI46264,253781.39,High School or Below,M,56621.0,65.0,0.0,Personal Auto,California,84.026848,Four-Door Car
EK87864,282194.72,College,F,38977.0,70.0,0.0,Special Auto,Arizona,139.489926,Four-Door Car
GV45403,775712.81,Bachelor,M,0.0,111.0,0.0,Corporate Auto,AZ,607.4459,Two-Door Car
QK31192,407913.27,High School or Below,M,0.0,114.0,0.0,Corporate Auto,AZ,631.124372,Two-Door Car
LU89008,595554.46,College,F,0.0,83.0,0.0,Personal Auto,AZ,628.023494,Four-Door Car
NS10490,1415861.36,Bachelor,F,83235.0,70.0,0.0,Personal Auto,Oregon,336.0,Two-Door Car
KL98495,848723.8,College,M,0.0,74.0,0.0,Personal Auto,Nevada,426.655599,Two-Door Car
IU96845,628547.69,College,M,32390.0,80.0,0.0,Personal Auto,AZ,91.417923,Four-Door Car
QL93655,1147348.15,High School or Below,F,66538.0,95.0,0.0,Personal Auto,Oregon,317.844812,Two-Door Car
PF40592,494263.06,College,F,23285.0,65.0,0.0,Personal Auto,Washington,118.446235,Two-Door Car
LZ34046,2359468.02,Bachelor,M,76358.0,66.0,0.0,Personal Auto,Oregon,86.461582,Four-Door Car
JC80093,257250.66,Master,M,21104.0,66.0,0.0,Personal Auto,Washington,118.454974,Four-Door Car
YE88490,538089.86,College,F,55350.0,67.0,0.0,Personal Auto,AZ,321.6,Four-Door Car
YC80498,477055.09,College,F,12964.0,65.0,0.0,Personal Auto,California,362.774545,Two-Door Car
AI85843,675665.14,Master,F,33288.0,86.0,0.0,Personal Auto,AZ,221.856184,Four-Door Car
XD66024,593601.18,College,F,0.0,84.0,0.0,Personal Auto,AZ,980.169081,Four-Door Car
FY51713,357076.05,Bachelor,F,56168.0,88.0,0.0,Personal Auto,AZ,614.675906,Four-Door Car
PH26378,601996.05,College,M,0.0,92.0,0.0,Personal Auto,California,662.4,Four-Door Car
WQ18638,542686.4,High School or Below,M,23105.0,69.0,0.0,Personal Auto,Oregon,331.2,Two-Door Car
KY14688,273031.38,Master,F,36218.0,68.0,0.0,Personal Auto,Oregon,145.252168,Four-Door Car
TC97762,498268.14,High School or Below,F,52275.0,62.0,0.0,Corporate Auto,California,374.240783,Four-Door Car
QC87108,876926.68,College,F,49665.0,74.0,0.0,Personal Auto,Oregon,355.2,Four-Door Car
CX12134,422061.35,High School or Below,M,32471.0,110.0,0.0,Personal Auto,Nevada,528.0,Two-Door Car
SM73248,1153750.51,High School or Below,M,0.0,86.0,0.0,Corporate Auto,AZ,619.2,Two-Door Car
CK19789,588718.2,Master,F,62773.0,73.0,0.0,Personal Auto,California,80.669257,Four-Door Car
UV12583,470058.38,College,F,76694.0,117.0,0.0,Personal Auto,California,561.6,SUV
JC11405,1096395.72,High School or Below,M,55687.0,276.0,0.0,Personal Auto,Oregon,1324.8,Luxury
KA89683,252317.12,High School or Below,F,0.0,70.0,0.0,Personal Auto,AZ,504.0,Four-Door Car
BG85305,375780.47,Doctor,M,36633.0,96.0,0.0,Personal Auto,Nevada,460.8,Four-Door Car
UQ87917,1294173.35,High School or Below,M,77060.0,106.0,0.0,Personal Auto,Oregon,468.566133,SUV
XN11823,376446.51,Bachelor,F,92600.0,94.0,0.0,Corporate Auto,Nevada,842.43785,Two-Door Car
OS46571,688955.7,High School or Below,M,0.0,66.0,0.0,Personal Auto,California,475.2,Four-Door Car
PX17116,362345.42,College,M,0.0,111.0,0.0,Corporate Auto,Nevada,1171.93117,SUV
RP19541,758211.38,College,M,64801.0,64.0,0.0,Personal Auto,AZ,268.471802,Four-Door Car
ZR25747,827774.56,College,F,45257.0,103.0,0.0,Corporate Auto,Oregon,494.4,Two-Door Car
NQ86532,257645.56,High School or Below,M,26854.0,66.0,0.0,Personal Auto,California,475.2,Four-Door Car
JY27336,820538.79,College,F,85840.0,102.0,0.0,Corporate Auto,Oregon,138.722385,SUV
PB54378,1958246.89,Doctor,F,26463.0,72.0,0.0,Corporate Auto,Oregon,345.6,Four-Door Car
SV38190,648152.66,Bachelor,F,30689.0,81.0,0.0,Personal Auto,Nevada,467.24802,Four-Door Car
CV24005,259931.09,High School or Below,M,29590.0,66.0,0.0,Corporate Auto,Oregon,467.503236,Two-Door Car
EX28656,983033.76,College,F,25965.0,253.0,0.0,Personal Auto,Oregon,1214.4,Luxury
CF57022,1044265.14,Bachelor,M,17269.0,139.0,0.0,Personal Auto,Oregon,667.2,SUV
GM16780,3605753.7,College,M,90330.0,137.0,0.0,Corporate Auto,Oregon,192.085299,Luxury
BX94438,847003.68,High School or Below,F,0.0,113.0,0.0,Corporate Auto,California,619.973889,SUV
RM41745,827878.65,High School or Below,F,0.0,110.0,0.0,Personal Auto,California,1002.782553,Four-Door Car
XR70252,478893.26,High School or Below,F,0.0,67.0,0.0,Personal Auto,California,321.6,Two-Door Car
YH92099,308799.99,Bachelor,F,18558.0,80.0,0.0,Special Auto,AZ,384.0,Four-Door Car
SG81493,444373.62,Bachelor,M,46384.0,113.0,0.0,Corporate Auto,Arizona,251.774574,Four-Door Car
ZX23819,798408.65,High School or Below,F,0.0,72.0,0.0,Personal Auto,Oregon,866.208321,Two-Door Car
FJ54907,718097.1,College,F,42303.0,180.0,0.0,Personal Auto,Oregon,1210.920949,Luxury
CU26127,1565603.43,Bachelor,F,71731.0,130.0,0.0,Corporate Auto,California,599.648466,SUV
YH60476,578018.22,High School or Below,M,51066.0,74.0,0.0,Corporate Auto,Oregon,787.993313,Four-Door Car
ZZ97035,2071494.04,College,M,0.0,203.0,0.0,Corporate Auto,California,2027.724442,Luxury
GE82737,533735.24,Bachelor,F,0.0,86.0,0.0,Personal Auto,Nevada,619.2,Four-Door Car
KY21873,505082.62,College,M,0.0,69.0,0.0,Personal Auto,Arizona,72.852047,Two-Door Car
UA51318,511662.4,High School or Below,F,26173.0,68.0,0.0,Corporate Auto,Arizona,449.819671,Four-Door Car
BV55014,726873.7,Bachelor,M,24445.0,63.0,0.0,Personal Auto,Oregon,302.4,Two-Door Car
HX21307,261661.39,College,M,72302.0,66.0,0.0,Personal Auto,Oregon,316.8,Two-Door Car
LQ68252,373843.62,High School or Below,M,27208.0,102.0,0.0,Personal Auto,Oregon,489.6,SUV
CR92802,272535.64,Master,F,36650.0,69.0,0.0,Special Auto,California,56.60333,Four-Door Car
SL35268,545386.12,College,M,30855.0,68.0,0.0,Corporate Auto,Arizona,259.060862,Four-Door Car
RD62882,684615.03,Bachelor,F,0.0,95.0,0.0,Personal Auto,Arizona,456.0,Two-Door Car
JS42382,617291.42,Master,M,99960.0,76.0,0.0,Corporate Auto,Oregon,364.8,Four-Door Car
BT30554,1034632.45,Bachelor,F,0.0,98.0,0.0,Personal Auto,Arizona,470.4,Four-Door Car
VP57424,699700.86,Bachelor,F,55873.0,88.0,0.0,Personal Auto,Nevada,299.356083,Four-Door Car
VU19243,419625.77,High School or Below,F,18052.0,111.0,0.0,Personal Auto,Arizona,699.1679,Four-Door Car
TA82973,785810.98,High School or Below,F,28937.0,104.0,0.0,Personal Auto,Oregon,117.959654,SUV
GK71720,606434.4,High School or Below,F,0.0,86.0,0.0,Personal Auto,Oregon,545.240341,Four-Door Car
OQ61223,1749752.2,College,M,0.0,73.0,0.0,Personal Auto,California,350.4,Two-Door Car
LL62746,897064.73,Doctor,M,12829.0,118.0,0.0,Personal Auto,Oregon,328.231432,SUV
JQ56711,592311.72,Master,F,92163.0,73.0,0.0,Personal Auto,Oregon,66.568642,Two-Door Car
AW77988,3585059.94,High School or Below,M,17588.0,192.0,0.0,Personal Auto,Oregon,1382.4,Luxury
QP84605,870984.53,Bachelor,F,41546.0,111.0,0.0,Corporate Auto,Washington,121.306839,Four-Door Car
MY97912,1330933.52,College,M,0.0,127.0,0.0,Personal Auto,Arizona,609.6,SUV
IB87349,452850.49,High School or Below,M,70340.0,113.0,0.0,Special Auto,California,542.4,Four-Door Car
AW73065,279190.65,High School or Below,F,0.0,74.0,0.0,Personal Auto,Oregon,532.8,Four-Door Car
BW80872,443441.12,High School or Below,M,34549.0,111.0,0.0,Personal Auto,Washington,125.933005,Four-Door Car
PX70175,799600.75,College,M,93459.0,99.0,0.0,Personal Auto,Arizona,655.41333,Four-Door Car
KF75098,512973.9,Bachelor,M,86148.0,65.0,0.0,Personal Auto,Arizona,312.0,Four-Door Car
IS50283,569717.52,Bachelor,F,27048.0,72.0,0.0,Corporate Auto,California,345.6,Four-Door Car
MY64920,921713.06,College,F,73259.0,115.0,0.0,Personal Auto,Oregon,673.34265,SUV
KN34250,1020892.76,College,F,35482.0,129.0,0.0,Corporate Auto,Oregon,619.2,SUV
GN46207,417068.73,Master,F,29462.0,107.0,0.0,Personal Auto,Oregon,513.6,SUV
KL57176,450540.58,College,F,67801.0,115.0,0.0,Personal Auto,Oregon,23.810491,SUV
MN94234,310756.86,High School or Below,M,0.0,94.0,0.0,Personal Auto,California,451.2,Two-Door Car
JY90595,552866.5,High School or Below,M,16042.0,73.0,0.0,Personal Auto,Arizona,350.4,Two-Door Car
HK26543,504586.67,High School or Below,M,28056.0,64.0,0.0,Personal Auto,California,307.2,Four-Door Car
PN86062,296272.25,High School or Below,M,16495.0,85.0,0.0,Corporate Auto,California,408.0,Four-Door Car
VW27730,866595.64,Master,F,41163.0,108.0,0.0,Corporate Auto,California,231.922173,SUV
SH55671,1141344.12,College,F,0.0,161.0,0.0,Personal Auto,Arizona,772.8,Luxury
MO56878,1548843.2,Bachelor,M,33799.0,109.0,0.0,Corporate Auto,California,664.980242,SUV
VO38365,886114.95,College,F,90125.0,110.0,0.0,Corporate Auto,Washington,128.645946,SUV
SV35618,593474.15,Bachelor,F,87747.0,147.0,0.0,Personal Auto,Oregon,46.492039,SUV
RX12347,354323.21,College,M,35695.0,90.0,0.0,Personal Auto,Nevada,432.0,Four-Door Car
FR55658,349002.83,Master,M,90985.0,87.0,0.0,Personal Auto,California,78.085149,Four-Door Car
XS12556,368309.99,College,F,0.0,101.0,0.0,Corporate Auto,California,564.466556,Luxury
ZU73588,598977.39,College,M,66839.0,154.0,0.0,Personal Auto,California,739.2,Luxury
WT43034,1250084.3,High School or Below,F,0.0,165.0,0.0,Personal Auto,California,792.0,SUV
VM13430,860915.82,Bachelor,F,79090.0,107.0,0.0,Corporate Auto,Oregon,289.040734,SUV
TC78849,249745.51,Bachelor,M,24825.0,64.0,0.0,Personal Auto,Oregon,155.938593,Two-Door Car
VC34764,701917.72,College,M,26806.0,63.0,0.0,Personal Auto,California,302.4,Four-Door Car
WO90953,538792.63,College,F,56835.0,67.0,0.0,Personal Auto,Oregon,326.549425,Two-Door Car
IU47468,616555.75,Bachelor,F,0.0,88.0,0.0,Special Auto,Oregon,653.65668,Two-Door Car
KO46064,273020.29,Bachelor,M,46135.0,69.0,0.0,Personal Auto,California,103.935601,Four-Door Car
RB34917,516211.69,Bachelor,F,0.0,73.0,0.0,Personal Auto,Arizona,809.532341,Four-Door Car
BI38192,793706.48,High School or Below,F,22862.0,67.0,0.0,Personal Auto,Oregon,321.6,Two-Door Car
PU18983,860815.72,High School or Below,F,21450.0,110.0,0.0,Personal Auto,Oregon,528.0,Luxury
SW79912,263254.58,Bachelor,M,95854.0,65.0,0.0,Personal Auto,Oregon,312.0,Two-Door Car
ES39217,778500.42,Bachelor,F,44897.0,99.0,0.0,Personal Auto,Oregon,580.72531,Four-Door Car
KP72427,2163983.86,High School or Below,M,64455.0,108.0,0.0,Personal Auto,Washington,133.735395,SUV
UA19178,498082.5,Master,F,53265.0,62.0,0.0,Personal Auto,Oregon,238.005074,Four-Door Car
PR53785,745723.78,High School or Below,F,0.0,198.0,0.0,Personal Auto,Arizona,1577.674417,Luxury
XF57481,1064093.93,Master,M,50450.0,90.0,0.0,Personal Auto,Washington,135.892444,Two-Door Car
CN90378,686250.83,High School or Below,F,54780.0,88.0,0.0,Personal Auto,California,135.26125,Four-Door Car
KI56154,904898.34,High School or Below,M,0.0,119.0,0.0,Personal Auto,Nevada,571.2,Luxury
UI55951,554803.19,Bachelor,M,67798.0,69.0,0.0,Personal Auto,California,331.2,Four-Door Car
FF28650,831268.16,Bachelor,M,21442.0,118.0,0.0,Personal Auto,Oregon,566.4,SUV
FS55302,238998.1,Bachelor,M,27615.0,62.0,0.0,Personal Auto,California,297.6,Four-Door Car
TN79487,445811.34,Bachelor,M,17622.0,65.0,0.0,Personal Auto,California,312.0,Four-Door Car
HG32616,529574.17,High School or Below,M,50200.0,135.0,0.0,Personal Auto,Nevada,637.063458,Luxury
UK41984,383960.61,Doctor,F,0.0,112.0,0.0,Personal Auto,Arizona,537.6,SUV
LZ52266,373150.46,High School or Below,F,0.0,96.0,0.0,Personal Auto,California,460.8,Four-Door Car
PM27367,277890.37,Master,F,73570.0,70.0,0.0,Special Auto,California,75.936096,Two-Door Car
ZK21724,401654.2,High School or Below,F,0.0,111.0,0.0,Personal Auto,Oregon,799.2,SUV
BH35482,493094.93,Doctor,M,70412.0,61.0,0.0,Corporate Auto,Washington,136.291083,Two-Door Car
QE22757,249131.7,Doctor,M,36631.0,62.0,0.0,Personal Auto,Nevada,67.530904,Four-Door Car
ON77649,290887.59,College,F,35895.0,73.0,0.0,Personal Auto,Oregon,312.921256,Four-Door Car
RN82884,428294.8,College,F,40864.0,109.0,0.0,Personal Auto,Arizona,166.937747,SUV
CQ75652,834162.37,College,M,0.0,118.0,0.0,Personal Auto,Oregon,566.4,Four-Door Car
FF58467,509078.13,Master,F,93018.0,63.0,0.0,Personal Auto,Arizona,135.382194,Four-Door Car
BS83666,736618.83,Bachelor,M,70014.0,62.0,0.0,Corporate Auto,Oregon,17.742954,Four-Door Car
WO29605,243687.51,College,F,48875.0,61.0,0.0,Personal Auto,Oregon,1.838367,Two-Door Car
TL77607,885268.87,Bachelor,M,67969.0,74.0,0.0,Personal Auto,California,197.776009,Four-Door Car
EZ50606,2387547.68,High School or Below,F,0.0,108.0,0.0,Corporate Auto,Oregon,612.102262,SUV
OS39723,560049.65,Doctor,F,68665.0,69.0,0.0,Personal Auto,Oregon,331.2,Two-Door Car
FN69743,463654.65,College,M,26802.0,66.0,0.0,Corporate Auto,California,316.8,Two-Door Car
XW96958,757334.51,High School or Below,M,0.0,110.0,0.0,Corporate Auto,Nevada,1193.036154,Four-Door Car
TU92578,1469663.55,College,M,45345.0,125.0,0.0,Personal Auto,California,600.0,SUV
TL43709,897214.03,Bachelor,M,89689.0,74.0,0.0,Personal Auto,Washington,136.829537,Four-Door Car
YE68736,772484.01,Bachelor,F,32051.0,193.0,0.0,Personal Auto,California,926.4,SUV
OB96537,594667.07,Master,M,81139.0,74.0,0.0,Special Auto,Oregon,392.6364,Four-Door Car
EU68825,800054.51,Master,F,63834.0,100.0,0.0,Personal Auto,Oregon,215.226476,Luxury
CC31456,645756.1,Bachelor,M,37548.0,81.0,0.0,Special Auto,Arizona,160.598662,Four-Door Car
DJ77787,728144.01,High School or Below,F,0.0,69.0,0.0,Personal Auto,Arizona,371.803029,Four-Door Car
LN26837,259243.78,High School or Below,M,72421.0,65.0,0.0,Personal Auto,California,312.0,Four-Door Car
YI92916,467842.34,Master,M,83102.0,116.0,0.0,Corporate Auto,Nevada,443.670399,Four-Door Car
NW54906,1386992.71,College,M,28432.0,118.0,0.0,Personal Auto,Oregon,612.300581,SUV
ME77513,871777.78,Master,F,83707.0,108.0,0.0,Corporate Auto,Nevada,290.391526,Four-Door Car
UK76891,523398.68,College,F,63259.0,65.0,0.0,Corporate Auto,California,316.795337,Four-Door Car
SI26888,476418.97,High School or Below,F,0.0,67.0,0.0,Personal Auto,Nevada,405.527937,Four-Door Car
YD74948,247246.92,College,F,63860.0,62.0,0.0,Personal Auto,Oregon,208.598246,Four-Door Car
HB64268,281369.26,Bachelor,M,43836.0,73.0,0.0,Personal Auto,Washington,138.130879,Four-Door Car
BW52697,550505.7,College,F,86132.0,68.0,0.0,Personal Auto,California,301.437365,Two-Door Car
NL41409,260620.85,Bachelor,F,28519.0,66.0,0.0,Personal Auto,Oregon,456.473115,Two-Door Car
OD69005,1048194.38,High School or Below,F,39102.0,88.0,0.0,Personal Auto,Arizona,152.338562,Four-Door Car
ZZ91716,325676.64,Bachelor,F,0.0,89.0,0.0,Personal Auto,California,491.755368,Four-Door Car
UK70255,3047578.05,College,F,97298.0,128.0,0.0,Personal Auto,California,48.517439,Luxury
QT25383,636490.22,High School or Below,M,41986.0,84.0,0.0,Personal Auto,Nevada,430.375049,Two-Door Car
AW18068,946850.93,High School or Below,M,0.0,88.0,0.0,Personal Auto,Arizona,633.6,Two-Door Car
NS45347,563145.19,College,F,17291.0,73.0,0.0,Personal Auto,Oregon,350.4,Four-Door Car
FV19421,778099.93,Bachelor,M,0.0,74.0,0.0,Personal Auto,California,246.489123,Four-Door Car
XW89091,981652.83,College,M,37256.0,62.0,0.0,Personal Auto,California,128.969729,Four-Door Car
YC11951,751913.36,High School or Below,M,96306.0,95.0,0.0,Corporate Auto,Oregon,185.355353,Four-Door Car
UY18770,1017971.7,Bachelor,F,14290.0,271.0,0.0,Personal Auto,California,1300.8,Luxury
RA49085,277283.92,College,F,37038.0,71.0,0.0,Corporate Auto,California,9.071305,Four-Door Car
BG84194,403750.18,College,M,90760.0,103.0,0.0,Special Auto,Oregon,133.475315,SUV
PT64580,419196.61,Master,M,77048.0,103.0,0.0,Personal Auto,Washington,141.199465,SUV
MR67738,267686.79,High School or Below,F,54480.0,67.0,0.0,Personal Auto,Oregon,321.6,Four-Door Car
DM95829,252395.96,College,M,16244.0,68.0,0.0,Personal Auto,California,623.223617,Two-Door Car
DB75522,698840.16,College,F,22436.0,89.0,0.0,Special Auto,California,427.2,Four-Door Car
LM34525,874205.78,College,F,71592.0,72.0,0.0,Personal Auto,Washington,141.725051,Four-Door Car
WW30771,267331.96,Master,M,28728.0,67.0,0.0,Personal Auto,Arizona,321.6,Four-Door Car
QP65569,1215732.99,High School or Below,M,57449.0,103.0,0.0,Personal Auto,Arizona,494.4,Four-Door Car
TN50051,295776.4,Doctor,F,83318.0,73.0,0.0,Personal Auto,California,211.336937,Two-Door Car
UO86707,717390.94,Bachelor,M,75217.0,61.0,0.0,Personal Auto,Washington,147.080303,Four-Door Car
JA41698,309953.8,Bachelor,M,0.0,102.0,0.0,Corporate Auto,Nevada,862.762957,SUV
NX18774,841568.46,Bachelor,M,55308.0,107.0,0.0,Corporate Auto,Oregon,513.6,SUV
DA69469,2684312.45,College,F,36068.0,97.0,0.0,Personal Auto,Oregon,113.367765,Two-Door Car
CN23147,1305717.07,Bachelor,M,48804.0,112.0,0.0,Corporate Auto,Oregon,537.6,Four-Door Car
RA68844,959995.02,College,M,0.0,131.0,0.0,Personal Auto,Oregon,943.2,SUV
GH42026,853510.89,Bachelor,M,55790.0,111.0,0.0,Personal Auto,Oregon,117.672722,SUV
BD16530,829348.19,Bachelor,F,70258.0,69.0,0.0,Personal Auto,Arizona,225.145949,Four-Door Car
JH91579,684615.03,Bachelor,F,0.0,95.0,0.0,Personal Auto,Oregon,456.0,Two-Door Car
WK23685,663685.98,Bachelor,F,47274.0,83.0,0.0,Corporate Auto,Oregon,182.432565,Four-Door Car
GR62267,560908.25,College,F,44705.0,71.0,0.0,Personal Auto,Washington,148.173152,Two-Door Car
PI78084,507732.09,High School or Below,M,0.0,73.0,0.0,Personal Auto,Arizona,525.6,Two-Door Car
GF97874,527562.7,Master,F,70446.0,65.0,0.0,Personal Auto,Washington,155.570802,Four-Door Car
ZH19885,251459.2,High School or Below,F,43860.0,65.0,0.0,Personal Auto,Washington,156.124914,Four-Door Car
UK25655,343525.01,Bachelor,F,64348.0,86.0,0.0,Personal Auto,Oregon,212.391975,Two-Door Car
QR45101,662461.18,Bachelor,M,0.0,62.0,0.0,Corporate Auto,Oregon,297.6,Two-Door Car
EL93539,575744.23,Master,M,88997.0,72.0,0.0,Special Auto,California,174.041566,Four-Door Car
EE99484,251459.2,High School or Below,F,43860.0,65.0,0.0,Corporate Auto,Washington,156.124914,Four-Door Car
DP46882,288645.16,High School or Below,F,10312.0,78.0,0.0,Corporate Auto,California,486.278557,Four-Door Car
WP41146,534143.88,High School or Below,F,0.0,72.0,0.0,Personal Auto,California,345.6,Four-Door Car
TK60799,416001.81,High School or Below,F,96263.0,103.0,0.0,Personal Auto,Arizona,1.924709,SUV
DN29808,284624.54,College,F,28919.0,72.0,0.0,Corporate Auto,California,518.4,Four-Door Car
SS59521,477025.66,College,F,0.0,68.0,0.0,Personal Auto,Oregon,326.4,Two-Door Car
NG66579,505961.62,Bachelor,M,41869.0,64.0,0.0,Personal Auto,Oregon,262.12205,Two-Door Car
TC14209,909574.46,High School or Below,F,0.0,128.0,0.0,Personal Auto,Arizona,921.6,SUV
ED50963,268886.4,High School or Below,F,32808.0,68.0,0.0,Personal Auto,California,541.695658,Four-Door Car
GP40701,827763.76,Bachelor,F,79780.0,68.0,0.0,Personal Auto,California,326.4,Four-Door Car
CP98451,905793.53,College,F,91025.0,112.0,0.0,Personal Auto,Oregon,327.682669,SUV
NX52648,380175.04,High School or Below,F,33043.0,95.0,0.0,Personal Auto,California,456.0,Two-Door Car
ZC32510,933934.16,High School or Below,M,69442.0,118.0,0.0,Personal Auto,Arizona,1265.570302,Four-Door Car
NG27780,252012.32,College,M,0.0,70.0,0.0,Corporate Auto,Oregon,63.043197,Four-Door Car
HN95240,498409.53,College,F,0.0,70.0,0.0,Corporate Auto,Arizona,336.0,Four-Door Car
EB59129,259574.8,Bachelor,F,47234.0,65.0,0.0,Personal Auto,Oregon,15.631363,Four-Door Car
RA70851,743769.33,High School or Below,M,86863.0,92.0,0.0,Personal Auto,Oregon,441.6,Four-Door Car
PM19162,1453678.76,Bachelor,M,25805.0,66.0,0.0,Personal Auto,Oregon,375.866091,Four-Door Car
MS59005,591330.59,Bachelor,M,43676.0,76.0,0.0,Personal Auto,Nevada,364.8,Four-Door Car
SU71163,277166.3,College,M,59855.0,74.0,0.0,Personal Auto,Arizona,355.2,Two-Door Car
BD35676,2919436.64,Master,M,35296.0,126.0,0.0,Personal Auto,Arizona,452.616872,SUV
NI44621,988038.58,Master,F,36576.0,125.0,0.0,Personal Auto,Oregon,113.450122,SUV
EW33419,1511440.24,High School or Below,F,28513.0,100.0,0.0,Corporate Auto,California,480.0,SUV
HX44948,575991.08,Bachelor,M,85448.0,72.0,0.0,Special Auto,Oregon,16.03451,Four-Door Car
DL36983,849516.42,High School or Below,F,23791.0,110.0,0.0,Personal Auto,Oregon,615.27228,Two-Door Car
XR87264,438118.42,Bachelor,F,20597.0,112.0,0.0,Personal Auto,California,615.256301,Four-Door Car
NN99001,699782.74,College,F,56940.0,87.0,0.0,Personal Auto,Arizona,512.66245,Four-Door Car
XV95530,1143058.85,Bachelor,M,93210.0,71.0,0.0,Personal Auto,Oregon,74.523935,Two-Door Car
OL97871,748248.61,Bachelor,F,48992.0,94.0,0.0,Personal Auto,Oregon,426.072946,Four-Door Car
HQ23708,859691.66,Master,F,53736.0,71.0,0.0,Personal Auto,Arizona,169.287785,Two-Door Car
WR63188,785496.08,College,M,25378.0,66.0,0.0,Personal Auto,Arizona,419.464143,Four-Door Car
NG82219,258240.85,Bachelor,F,76731.0,64.0,0.0,Personal Auto,Oregon,201.455005,Four-Door Car
KU29408,907576.82,Master,M,37722.0,116.0,0.0,Corporate Auto,Washington,158.077504,Luxury
RE46783,411858.86,Bachelor,F,69379.0,103.0,0.0,Personal Auto,California,494.4,Two-Door Car
RU94434,1215732.99,High School or Below,M,57449.0,103.0,0.0,Personal Auto,Oregon,494.4,Four-Door Car
GI82355,515281.96,Bachelor,M,0.0,68.0,0.0,Corporate Auto,Arizona,326.4,Four-Door Car
VO26340,651297.65,College,M,0.0,93.0,0.0,Personal Auto,Nevada,669.6,Two-Door Car
NV61299,2778969.24,Bachelor,F,33806.0,89.0,0.0,Corporate Auto,Arizona,395.729716,Four-Door Car
DX31066,266727.0,College,F,94041.0,66.0,0.0,Personal Auto,Washington,159.756733,Four-Door Car
CY50337,1092840.71,College,F,74965.0,90.0,0.0,Personal Auto,Oregon,58.557552,Four-Door Car
TJ20375,761538.13,High School or Below,F,34095.0,63.0,0.0,Personal Auto,Arizona,302.4,Two-Door Car
EP72155,200435.07,College,F,0.0,66.0,0.0,Personal Auto,California,316.8,Four-Door Car
JJ76159,243468.12,College,M,96045.0,61.0,0.0,Corporate Auto,California,8.582971,Four-Door Car
BG15419,1419536.03,Bachelor,F,86355.0,118.0,0.0,Personal Auto,Nevada,285.418473,Luxury
AO74776,942768.49,High School or Below,F,27824.0,118.0,0.0,Personal Auto,California,566.4,SUV
HQ82233,1198242.09,High School or Below,M,42995.0,101.0,0.0,Personal Auto,California,410.508316,SUV
OL72737,310278.95,High School or Below,F,21235.0,79.0,0.0,Personal Auto,Oregon,244.23135,Two-Door Car
ZQ59828,422263.12,High School or Below,M,74585.0,106.0,0.0,Personal Auto,California,218.598065,SUV
NZ15548,402381.44,Bachelor,M,41833.0,103.0,0.0,Personal Auto,Oregon,643.826716,Four-Door Car
XK61304,529715.18,College,F,23908.0,70.0,0.0,Personal Auto,California,336.0,Four-Door Car
EJ44139,2142363.72,Bachelor,M,0.0,65.0,0.0,Personal Auto,Oregon,312.0,Two-Door Car
CM94425,441620.62,Bachelor,M,61953.0,113.0,0.0,Personal Auto,Arizona,497.047297,SUV
OV54878,463903.52,Bachelor,M,0.0,142.0,0.0,Corporate Auto,California,1022.4,SUV
JF57282,486354.46,Bachelor,M,0.0,137.0,0.0,Personal Auto,Nevada,657.6,SUV
MY37953,2583090.98,Bachelor,F,73760.0,107.0,0.0,Personal Auto,Arizona,230.245772,Luxury
XP64922,297431.49,College,F,23333.0,74.0,0.0,Corporate Auto,Oregon,5.622751,Four-Door Car
WL65572,206445.88,College,M,0.0,61.0,0.0,Personal Auto,California,292.8,Four-Door Car
LN50325,1006460.83,High School or Below,F,20440.0,128.0,0.0,Corporate Auto,Arizona,614.4,Luxury
HJ15383,803240.19,Master,M,27658.0,68.0,0.0,Personal Auto,Washington,160.07526,Four-Door Car
KH59823,548921.41,College,M,50943.0,139.0,0.0,Special Auto,California,667.2,SUV
YM79169,261275.67,Bachelor,M,19003.0,71.0,0.0,Personal Auto,California,34.651305,Two-Door Car
DR38127,857346.39,College,M,46703.0,108.0,0.0,Personal Auto,California,678.100487,Four-Door Car
PU42145,2412750.4,Bachelor,M,14072.0,71.0,0.0,Personal Auto,California,511.2,Four-Door Car
KM33477,855038.66,College,M,21733.0,73.0,0.0,Corporate Auto,Oregon,525.6,Four-Door Car
RI53167,230864.8,Bachelor,M,20811.0,61.0,0.0,Personal Auto,Arizona,292.8,Four-Door Car
OF77789,425462.07,High School or Below,F,11904.0,61.0,0.0,Personal Auto,Arizona,292.8,Two-Door Car
YB33445,898285.04,College,F,43490.0,114.0,0.0,Corporate Auto,Oregon,174.588413,SUV
BA17836,786816.6,High School or Below,M,57340.0,67.0,0.0,Corporate Auto,California,159.391681,Four-Door Car
JS43228,770424.87,College,M,49088.0,97.0,0.0,Corporate Auto,California,698.4,Four-Door Car
BB11622,1055217.0,Master,M,47761.0,131.0,0.0,Personal Auto,Nevada,232.711071,SUV
HQ70429,1604510.95,College,F,0.0,65.0,0.0,Personal Auto,Washington,163.046956,Two-Door Car
WK88044,873783.75,Bachelor,M,61281.0,110.0,0.0,Personal Auto,Arizona,79.865605,SUV
LA80525,545489.07,Bachelor,M,0.0,82.0,0.0,Corporate Auto,Nevada,393.6,Two-Door Car
EH16250,770528.33,Bachelor,M,25290.0,66.0,0.0,Personal Auto,Arizona,382.085897,Four-Door Car
PU41872,703926.24,High School or Below,F,24239.0,88.0,0.0,Personal Auto,Arizona,48.348319,Four-Door Car
HB85743,883808.56,Bachelor,M,82664.0,114.0,0.0,Personal Auto,California,133.425609,SUV
MM71959,873352.73,Bachelor,M,83210.0,110.0,0.0,Personal Auto,Arizona,528.0,Luxury
MB83663,959747.48,Bachelor,F,38736.0,81.0,0.0,Personal Auto,Oregon,561.414794,Two-Door Car
KR43119,450666.02,College,M,0.0,66.0,0.0,Personal Auto,California,316.8,Four-Door Car
KH24214,1785797.23,College,M,55437.0,64.0,0.0,Personal Auto,Oregon,445.287788,Four-Door Car
AC40767,249780.82,Bachelor,M,68041.0,6464.0,0.0,Personal Auto,Washington,165.570243,Two-Door Car
HP55391,542613.62,Master,M,0.0,71.0,0.0,Corporate Auto,Oregon,407.99684,Four-Door Car
EG62398,799814.38,High School or Below,F,29066.0,100.0,0.0,Personal Auto,California,844.229478,SUV
VS19949,289762.07,Bachelor,M,54337.0,72.0,0.0,Personal Auto,Nevada,345.6,Four-Door Car
AM92343,1159950.22,High School or Below,F,67616.0,96.0,0.0,Personal Auto,Oregon,340.306584,Four-Door Car
GI68556,1514793.06,Bachelor,F,41082.0,63.0,0.0,Personal Auto,California,106.647493,Two-Door Car
JT11876,543576.78,High School or Below,F,0.0,10202.0,0.0,Personal Auto,WA,626.116259,Four-Door Car
XR64251,272535.64,Master,F,36650.0,69.0,0.0,Personal Auto,Nevada,56.60333,Four-Door Car
MK34957,1329771.23,College,F,50631.0,112.0,0.0,Special Auto,Oregon,784.65781,SUV
GP18756,992704.97,College,M,19592.0,92.0,0.0,Personal Auto,California,441.6,Four-Door Car
AP23850,1777154.9,High School or Below,F,0.0,114.0,0.0,Personal Auto,WA,547.2,Two-Door Car
KQ65521,1826927.02,College,F,55761.0,115.0,0.0,Personal Auto,Arizona,86.27772,Luxury
EJ19449,272221.07,College,F,17576.0,71.0,0.0,Special Auto,California,398.502948,Four-Door Car
QB70027,708321.24,Bachelor,F,41449.0,89.0,0.0,Personal Auto,California,63.516572,Four-Door Car
QW47320,1017971.7,Bachelor,F,14290.0,271.0,0.0,Personal Auto,Cali,1300.8,Luxury
KH64733,588950.91,College,F,62007.0,73.0,0.0,Personal Auto,Nevada,120.015609,Four-Door Car
ON59472,1577139.34,High School or Below,M,21921.0,206.0,0.0,Corporate Auto,Arizona,1254.137899,Luxury
HP94242,528817.33,Bachelor,F,42621.0,66.0,0.0,Personal Auto,Arizona,316.8,Four-Door Car
RV15398,2758055.4,College,M,0.0,87.0,0.0,Personal Auto,Oregon,417.6,Four-Door Car
EA25683,777853.23,High School or Below,M,63786.0,196.0,0.0,Corporate Auto,WA,798.002689,Luxury
PW73754,734186.13,High School or Below,F,0.0,104.0,0.0,Personal Auto,Cali,82.041684,Luxury
MC71942,791919.7,High School or Below,F,82877.0,99.0,0.0,Personal Auto,Cali,22.819088,Two-Door Car
OX72195,216387.02,College,M,0.0,63.0,0.0,Corporate Auto,Arizona,302.4,Two-Door Car
YQ99152,978780.88,High School or Below,M,10475.0,88.0,0.0,Personal Auto,Nevada,422.4,Two-Door Car
KI19439,520764.08,High School or Below,F,21952.0,66.0,0.0,Personal Auto,Oregon,316.8,Four-Door Car
PM76175,2114727.72,Bachelor,F,49721.0,132.0,0.0,Corporate Auto,Oregon,639.971388,Luxury
US45383,1228076.66,College,M,88340.0,102.0,0.0,Personal Auto,Cali,489.6,Two-Door Car
GT38956,244139.42,College,F,0.0,65.0,0.0,Personal Auto,Cali,312.0,Four-Door Car
SN41301,653556.06,Bachelor,M,0.0,65.0,0.0,Corporate Auto,Oregon,468.0,Four-Door Car
BE62503,920659.83,College,F,24589.0,82.0,0.0,Personal Auto,WA,511.497882,Two-Door Car
PA16884,411858.86,Bachelor,F,69379.0,103.0,0.0,Personal Auto,Cali,494.4,Two-Door Car
NC58480,483820.9,Bachelor,F,73769.0,61.0,0.0,Personal Auto,Nevada,239.540223,Four-Door Car
NS39326,462554.81,College,F,66670.0,114.0,0.0,Personal Auto,Cali,518.180364,SUV
PN18507,1404210.3,Bachelor,M,88854.0,118.0,0.0,Personal Auto,Arizona,715.252366,Two-Door Car
EK91340,754661.35,Bachelor,M,31266.0,193.0,0.0,Corporate Auto,Oregon,926.4,Luxury
JY16280,251459.2,High School or Below,F,43860.0,65.0,0.0,Personal Auto,Cali,156.124914,Four-Door Car
ZW71731,517035.84,Bachelor,M,89284.0,133.0,0.0,Corporate Auto,Cali,402.070719,SUV
ZC24631,1391737.72,College,M,67267.0,89.0,0.0,Corporate Auto,Oregon,94.814032,Four-Door Car
YR34689,1131813.08,High School or Below,F,79270.0,95.0,0.0,Personal Auto,Cali,456.0,Four-Door Car
RT65829,427636.36,Bachelor,M,36692.0,109.0,0.0,Personal Auto,Oregon,523.2,Four-Door Car
BZ12077,432224.03,High School or Below,F,0.0,119.0,0.0,Personal Auto,Oregon,571.2,SUV
WM65373,800230.83,College,F,0.0,107.0,0.0,Corporate Auto,Cali,513.6,SUV
NH35059,388545.64,College,M,0.0,105.0,0.0,Corporate Auto,Nevada,504.0,Four-Door Car
QD38160,447177.82,College,M,0.0,135.0,0.0,Personal Auto,Oregon,972.0,SUV
BM15160,849635.28,High School or Below,F,44624.0,71.0,0.0,Special Auto,Cali,73.883044,Four-Door Car
VY79030,2250088.35,College,F,0.0,71.0,0.0,Corporate Auto,Arizona,340.8,Four-Door Car
EV19512,1630196.76,Master,F,19614.0,85.0,0.0,Personal Auto,Nevada,574.024018,Two-Door Car
TE13577,231973.59,College,F,0.0,64.0,0.0,Personal Auto,Oregon,632.715382,Four-Door Car
WY97929,871704.98,College,M,83846.0,74.0,0.0,Special Auto,Arizona,355.2,Four-Door Car
YG20683,286011.17,College,M,51159.0,72.0,0.0,Personal Auto,WA,4.238626,Four-Door Car
FK75497,245340.83,College,M,83772.0,62.0,0.0,Personal Auto,Cali,42.248087,Two-Door Car
NE60110,598977.39,College,M,66839.0,154.0,0.0,Personal Auto,Arizona,739.2,Luxury
TN36521,2498022.55,College,F,88440.0,70.0,0.0,Personal Auto,Arizona,27.145151,Two-Door Car
HG33568,748263.95,Master,F,25666.0,63.0,0.0,Personal Auto,Arizona,270.002766,Four-Door Car
TW17878,245757.6,High School or Below,F,52926.0,61.0,0.0,Personal Auto,Oregon,292.8,Four-Door Car
ZO83562,237974.12,Bachelor,F,0.0,67.0,0.0,Personal Auto,Nevada,494.946438,Four-Door Car
CH97539,828696.44,Bachelor,F,40001.0,70.0,0.0,Personal Auto,WA,142.567008,Four-Door Car
CV29889,239391.54,College,M,0.0,70.0,0.0,Personal Auto,Cali,425.266308,Four-Door Car
MO33320,465715.95,College,M,18024.0,65.0,0.0,Personal Auto,Oregon,312.0,Two-Door Car
QZ81258,1319792.89,College,F,0.0,68.0,0.0,Personal Auto,Oregon,326.4,Four-Door Car
NY56352,280391.67,Bachelor,F,23220.0,74.0,0.0,Personal Auto,Oregon,251.334247,Four-Door Car
EA27048,864650.41,High School or Below,F,64125.0,108.0,0.0,Personal Auto,Cali,369.818708,SUV
UT38865,742587.06,College,F,58042.0,62.0,0.0,Corporate Auto,Oregon,161.419528,Four-Door Car
QC89139,452873.74,High School or Below,F,90034.0,112.0,0.0,Corporate Auto,Oregon,537.6,SUV
LA14484,222707.28,High School or Below,M,27972.0,61.0,0.0,Special Auto,Nevada,292.8,Four-Door Car
HN57556,729294.88,High School or Below,F,0.0,65.0,0.0,Personal Auto,Cali,312.0,Four-Door Car
CV31235,318435.52,Bachelor,M,50989.0,80.0,0.0,Corporate Auto,Arizona,255.999709,Four-Door Car
WR45726,1131520.37,Bachelor,F,11885.0,101.0,0.0,Special Auto,Arizona,484.8,Four-Door Car
LB25094,253070.51,Bachelor,F,89451.0,63.0,0.0,Special Auto,Cali,61.769564,Four-Door Car
KW56110,1836155.53,Bachelor,M,0.0,182.0,0.0,Personal Auto,Oregon,1310.4,Luxury
XO36233,864153.0,Bachelor,M,78904.0,109.0,0.0,Personal Auto,WA,250.001424,SUV
ZX86243,327853.19,Doctor,M,70247.0,83.0,0.0,Personal Auto,Arizona,141.799422,Four-Door Car
DW29763,527198.21,High School or Below,M,32653.0,67.0,0.0,Personal Auto,Arizona,321.6,Two-Door Car
CT83377,376363.77,High School or Below,M,93595.0,97.0,0.0,Special Auto,WA,49.797016,Four-Door Car
OQ90898,1395556.96,Master,M,90279.0,115.0,0.0,Personal Auto,Cali,372.175592,SUV
GO77248,500152.75,College,F,0.0,72.0,0.0,Personal Auto,Oregon,542.14385,Four-Door Car
QW33258,708283.04,Bachelor,M,53310.0,189.0,0.0,Personal Auto,Cali,1360.8,Luxury
OU79745,761948.28,College,M,0.0,105.0,0.0,Personal Auto,Cali,504.0,Four-Door Car
VZ79886,1255088.2,Bachelor,F,22234.0,160.0,0.0,Personal Auto,Oregon,768.0,SUV
FI92440,3219660.04,High School or Below,F,91375.0,99.0,0.0,Personal Auto,WA,72.632934,Two-Door Car
YG85980,679377.41,High School or Below,F,22250.0,86.0,0.0,Personal Auto,Nevada,720.601429,Two-Door Car
QM74621,527231.97,Bachelor,M,0.0,80.0,0.0,Personal Auto,Oregon,576.0,Four-Door Car
EI71732,626534.33,Doctor,F,0.0,84.0,0.0,Personal Auto,Oregon,481.025786,Four-Door Car
VN79010,854758.61,High School or Below,F,51179.0,71.0,0.0,Corporate Auto,Cali,466.176731,Four-Door Car
FI61723,278742.37,Bachelor,M,38667.0,72.0,0.0,Personal Auto,Cali,159.266473,Four-Door Car
OH55411,462680.11,Master,F,79487.0,114.0,0.0,Corporate Auto,Cali,547.2,SUV
TF10720,866336.4,Doctor,F,67763.0,107.0,0.0,Personal Auto,Nevada,41.283167,Four-Door Car
NW30838,387222.22,High School or Below,M,0.0,62.0,0.0,Corporate Auto,Nevada,503.808329,Four-Door Car
CB58476,517081.15,College,F,0.0,71.0,0.0,Corporate Auto,Oregon,859.599411,Four-Door Car
WI69346,896028.02,Master,F,71943.0,112.0,0.0,Corporate Auto,Cali,305.653785,SUV
FS76657,547183.43,College,F,53526.0,68.0,0.0,Personal Auto,Oregon,278.902846,Four-Door Car
YX89016,3493100.17,College,M,35005.0,295.0,0.0,Personal Auto,Oregon,1416.0,Luxury
PK28821,262039.23,College,M,24721.0,67.0,0.0,Personal Auto,Cali,139.963594,Four-Door Car
MB51200,1906949.95,College,M,0.0,102.0,0.0,Personal Auto,WA,734.4,Four-Door Car
XG44587,575744.23,Master,M,88997.0,72.0,0.0,Personal Auto,Arizona,174.041566,Four-Door Car
FG91922,4022401.36,Master,M,48587.0,111.0,0.0,Personal Auto,Arizona,532.8,SUV
OM99303,270148.83,High School or Below,F,76310.0,67.0,0.0,Personal Auto,Arizona,321.6,Two-Door Car
RV67546,371243.05,Bachelor,M,73205.0,92.0,0.0,Personal Auto,Cali,37.299865,Four-Door Car
UJ79253,2185084.0,College,F,51056.0,78.0,0.0,Personal Auto,Oregon,95.816516,Four-Door Car
PN98247,784016.58,College,M,58414.0,210.0,0.0,Personal Auto,Cali,1008.0,Luxury
IB67546,823703.79,Bachelor,F,23940.0,107.0,0.0,Personal Auto,Cali,513.6,SUV
OE19087,224347.39,High School or Below,F,0.0,62.0,0.0,Personal Auto,Cali,446.4,Four-Door Car
CM95716,843446.41,Bachelor,M,44216.0,71.0,0.0,Personal Auto,Cali,72.205362,Four-Door Car
MW62634,222707.28,High School or Below,M,27972.0,61.0,0.0,Corporate Auto,Cali,292.8,Four-Door Car
QW67581,517002.6,High School or Below,F,0.0,69.0,0.0,Personal Auto,Arizona,331.2,Four-Door Car
SN16059,264144.61,Master,F,29305.0,66.0,0.0,Personal Auto,Cali,475.2,Four-Door Car
OE51254,279068.3,College,F,53882.0,69.0,0.0,Personal Auto,Cali,331.2,Four-Door Car
RM42344,274512.98,College,M,91757.0,69.0,0.0,Personal Auto,Oregon,331.2,Four-Door Car
GB35238,757953.27,Bachelor,F,33906.0,64.0,0.0,Personal Auto,Cali,401.592109,Two-Door Car
ML82674,1097878.03,Bachelor,M,68158.0,139.0,0.0,Personal Auto,Oregon,253.183568,SUV
EI85244,825506.01,College,M,0.0,134.0,0.0,Personal Auto,Cali,643.2,SUV
DE28132,474773.46,College,M,42165.0,123.0,0.0,Corporate Auto,Oregon,799.673766,SUV
TV25678,354090.43,College,M,0.0,101.0,0.0,Personal Auto,WA,727.2,SUV
TY26512,343613.43,Doctor,M,30817.0,88.0,0.0,Personal Auto,Cali,91.834668,Four-Door Car
OB69153,258218.53,Bachelor,M,68074.0,65.0,0.0,Personal Auto,Cali,27.987867,Four-Door Car
QZ77637,1166509.78,College,F,84978.0,35353.0,0.0,Corporate Auto,Washington,166.77296,Four-Door Car
XN41715,739628.37,Master,F,71135.0,92.0,0.0,Personal Auto,Cali,270.563995,Four-Door Car
QR15857,433079.98,College,F,0.0,61.0,0.0,Personal Auto,Cali,292.8,Two-Door Car
FL69363,907576.82,Master,M,37722.0,116.0,0.0,Personal Auto,Oregon,158.077504,Luxury
IS30295,1463545.16,Bachelor,F,0.0,139.0,0.0,Personal Auto,Arizona,667.2,SUV
WA25797,856476.82,High School or Below,M,95697.0,107.0,0.0,Personal Auto,Washington,178.006524,Luxury
NL59519,1156568.75,College,F,64642.0,96.0,0.0,Personal Auto,Cali,404.265696,Four-Door Car
ZU93025,277104.5,College,F,50071.0,71.0,0.0,Personal Auto,Oregon,18.918935,Two-Door Car
DK94262,850712.88,High School or Below,M,46754.0,106.0,0.0,Personal Auto,Oregon,513.818403,SUV
UQ30615,758211.38,College,M,64801.0,64.0,0.0,Corporate Auto,Cali,268.471802,Four-Door Car
OR40060,332309.25,Bachelor,M,70410.0,83.0,0.0,Personal Auto,Arizona,131.828507,Four-Door Car
DK32872,523433.17,High School or Below,F,66957.0,131.0,0.0,Personal Auto,Nevada,628.8,SUV
FA46418,2470959.96,High School or Below,F,24213.0,78.0,0.0,Personal Auto,Nevada,374.4,Four-Door Car
ER19995,1778627.78,College,F,99790.0,6464.0,0.0,Personal Auto,Washington,178.986788,Four-Door Car
KI75855,255122.67,Master,M,79751.0,63.0,0.0,Personal Auto,Oregon,392.235698,Two-Door Car
ND41876,724771.37,High School or Below,M,86122.0,182.0,0.0,Personal Auto,Arizona,873.6,Luxury
PN21042,453884.78,Bachelor,M,82297.0,116.0,0.0,Personal Auto,Arizona,0.382107,Luxury
GJ43254,3164210.46,College,M,89057.0,98.0,0.0,Corporate Auto,Washington,187.363583,Two-Door Car
AL46984,873042.2,High School or Below,M,43259.0,73.0,0.0,Personal Auto,Cali,350.4,Four-Door Car
JP58047,833273.06,College,M,0.0,79.0,0.0,Personal Auto,Oregon,379.2,Four-Door Car
ZE85014,235774.7,College,M,25064.0,62.0,0.0,Personal Auto,Cali,297.6,Four-Door Car
KU88219,463716.4,Master,M,25816.0,119.0,0.0,Personal Auto,Arizona,571.2,Luxury
UU98729,535719.27,Bachelor,M,0.0,73.0,0.0,Personal Auto,Cali,350.853987,Four-Door Car
WS82822,539197.1,College,F,41662.0,69.0,0.0,Corporate Auto,Oregon,217.973168,Four-Door Car
YB49933,369414.05,Bachelor,M,96170.0,92.0,0.0,Personal Auto,Arizona,441.6,Four-Door Car
XC16387,504041.24,High School or Below,F,46072.0,64.0,0.0,Personal Auto,Arizona,25.934064,Four-Door Car
XJ96748,2749542.19,High School or Below,F,37931.0,99.0,0.0,Personal Auto,Arizona,475.2,Four-Door Car
TM98684,484228.5,High School or Below,M,35127.0,62.0,0.0,Personal Auto,Oregon,297.6,Four-Door Car
AY18433,2738281.89,High School or Below,F,45473.0,76.0,0.0,Special Auto,Washington,188.938397,Two-Door Car
DM74502,522710.19,College,F,93087.0,131.0,0.0,Corporate Auto,Nevada,628.8,Luxury
FT56968,259009.6,High School or Below,M,22398.0,67.0,0.0,Personal Auto,Arizona,321.6,Four-Door Car
OX36896,1053607.8,High School or Below,M,92983.0,87.0,0.0,Corporate Auto,Cali,153.205591,Four-Door Car
BZ65376,858127.87,Bachelor,M,27689.0,239.0,0.0,Personal Auto,Arizona,2893.239678,Luxury
LN34660,946311.33,College,F,69654.0,118.0,0.0,Corporate Auto,Cali,629.532731,SUV
JC29295,1344100.64,Bachelor,F,80744.0,111.0,0.0,Personal Auto,Cali,361.284757,SUV
KJ87930,388650.48,Bachelor,F,0.0,112.0,0.0,Corporate Auto,Cali,1185.988301,SUV
XT36360,678489.37,High School or Below,F,0.0,64.0,0.0,Personal Auto,Arizona,460.8,Four-Door Car
IX35050,2359468.02,Bachelor,M,76358.0,66.0,0.0,Special Auto,Arizona,86.461582,Four-Door Car
UN97379,253862.63,Bachelor,M,18608.0,71.0,0.0,Corporate Auto,Oregon,340.8,Four-Door Car
MR57294,563994.2,High School or Below,M,73168.0,70.0,0.0,Personal Auto,Cali,425.800112,Four-Door Car
UG79499,1168137.43,Bachelor,M,70930.0,99.0,0.0,Personal Auto,Washington,190.43446,Four-Door Car
UA50747,2599775.0,High School or Below,F,62262.0,72.0,0.0,Corporate Auto,Washington,193.505325,Four-Door Car
GL20444,1377836.93,Master,F,91474.0,113.0,0.0,Corporate Auto,Nevada,24.087774,Two-Door Car
SP58110,492318.17,Bachelor,F,61469.0,63.0,0.0,Personal Auto,Cali,302.4,Four-Door Car
XM91635,227233.54,High School or Below,F,16618.0,62.0,0.0,Special Auto,Arizona,219.288706,Four-Door Car
TV82603,1489539.8,Bachelor,F,48081.0,188.0,0.0,Personal Auto,Cali,881.360959,Luxury
BB82067,975604.5,Doctor,M,67632.0,121.0,0.0,Personal Auto,Oregon,26.951627,Luxury
JP94676,942297.41,Bachelor,F,34115.0,119.0,0.0,Personal Auto,Oregon,466.122541,SUV
VU53417,383735.76,High School or Below,M,23051.0,99.0,0.0,Personal Auto,Arizona,475.2,Two-Door Car
IW54795,1095213.19,College,M,23748.0,99.0,0.0,Personal Auto,Cali,607.095655,Four-Door Car
RN78170,815913.66,College,F,40589.0,69.0,0.0,Corporate Auto,Arizona,331.2,Four-Door Car
IX55883,1948049.98,College,F,50809.0,83.0,0.0,Personal Auto,Cali,290.381707,Four-Door Car
XM72420,391936.67,High School or Below,F,66676.0,97.0,0.0,Personal Auto,Arizona,558.099357,Four-Door Car
GC15104,798514.21,Bachelor,F,52339.0,70.0,0.0,Corporate Auto,Nevada,336.0,Four-Door Car
RX13282,1216874.49,Bachelor,M,14973.0,115.0,0.0,Personal Auto,Oregon,828.0,SUV
QA85890,584932.15,High School or Below,F,0.0,83.0,0.0,Corporate Auto,Arizona,540.514115,Four-Door Car
IR62668,508583.66,Bachelor,F,31546.0,65.0,0.0,Personal Auto,Arizona,100.049832,Four-Door Car
AL96740,290393.98,College,F,67763.0,73.0,0.0,Personal Auto,Cali,59.861963,Four-Door Car
SS48498,627317.34,College,F,20836.0,79.0,0.0,Corporate Auto,Washington,193.57032,Four-Door Car
PE39479,1832141.9,College,M,88592.0,76.0,0.0,Corporate Auto,Washington,199.79727,Four-Door Car
JH62891,517870.42,College,F,66943.0,65.0,0.0,Special Auto,Oregon,53.084753,Four-Door Car
FI20423,1402435.84,High School or Below,F,81872.0,115.0,0.0,Special Auto,Arizona,256.43803,Four-Door Car
PM13394,530943.59,College,F,22404.0,70.0,0.0,Personal Auto,Washington,211.136067,Four-Door Car
YV67971,494980.38,High School or Below,F,21342.0,62.0,0.0,Personal Auto,Cali,74.350893,Four-Door Car
QD31377,859566.53,Bachelor,M,34621.0,108.0,0.0,Corporate Auto,Cali,621.464468,SUV
YG10247,2295189.2,College,M,62396.0,64.0,0.0,Personal Auto,Oregon,307.2,Four-Door Car
FE73696,379213.03,High School or Below,M,97212.0,93.0,0.0,Personal Auto,Oregon,360.05589,Two-Door Car
SW19699,275574.8,Bachelor,F,49648.0,70.0,0.0,Personal Auto,Arizona,65.954813,Four-Door Car
QJ40732,488033.96,College,M,97984.0,61.0,0.0,Personal Auto,Arizona,407.450118,Four-Door Car
HM76207,905190.53,College,F,26308.0,114.0,0.0,Corporate Auto,Cali,547.2,SUV
NT59303,1011544.62,College,F,63528.0,256.0,0.0,Personal Auto,Oregon,1228.8,Luxury
PU41393,826907.54,College,M,20225.0,114.0,0.0,Special Auto,Nevada,547.2,SUV
QO86948,807165.3,High School or Below,M,0.0,112.0,0.0,Personal Auto,Nevada,806.4,SUV
QN10888,772699.36,High School or Below,F,87620.0,64.0,0.0,Personal Auto,Oregon,24.063693,Four-Door Car
VY19543,831113.59,Bachelor,F,0.0,72.0,0.0,Corporate Auto,Cali,311.329282,Four-Door Car
XC15133,257402.04,Master,F,34990.0,65.0,0.0,Personal Auto,Nevada,42.689135,Four-Door Car
ST43550,572732.71,Bachelor,M,99934.0,71.0,0.0,Special Auto,Oregon,460.323855,Four-Door Car
FX36546,367914.21,Master,M,60804.0,92.0,0.0,Personal Auto,Washington,213.225001,Four-Door Car
JX68983,274451.96,Bachelor,M,94648.0,69.0,0.0,Personal Auto,Oregon,331.2,Four-Door Car
HX78576,563674.03,High School or Below,F,24516.0,71.0,0.0,Personal Auto,Cali,300.607591,Four-Door Car
ZQ11381,1687038.82,Bachelor,M,61063.0,85.0,0.0,Personal Auto,Arizona,262.504882,Four-Door Car
ON39271,273800.2,Master,M,0.0,74.0,0.0,Personal Auto,Cali,263.365432,Two-Door Car
SB18278,464470.05,Bachelor,M,0.0,64.0,0.0,Corporate Auto,Oregon,307.2,Four-Door Car
ZT30559,474668.65,High School or Below,F,15169.0,63.0,0.0,Personal Auto,Cali,302.4,Four-Door Car
XI41106,1687432.82,College,M,55390.0,71.0,0.0,Corporate Auto,Arizona,256.268091,Two-Door Car
ZS88847,238760.61,Bachelor,F,27592.0,62.0,0.0,Personal Auto,Oregon,297.6,Four-Door Car
RU49126,446533.57,College,F,61846.0,112.0,0.0,Personal Auto,Washington,215.8182,SUV
KR62797,459162.59,High School or Below,F,83297.0,113.0,0.0,Personal Auto,Arizona,542.4,SUV
ZJ73220,1309258.58,College,F,0.0,188.0,0.0,Special Auto,Arizona,1353.6,Luxury
FY62633,911226.66,Bachelor,M,0.0,90.0,0.0,Personal Auto,Oregon,432.0,Four-Door Car
CU36986,416516.66,High School or Below,F,55897.0,104.0,0.0,Personal Auto,Cali,499.2,Four-Door Car
WZ53904,265998.06,Bachelor,M,21297.0,71.0,0.0,Personal Auto,Arizona,45.507952,Four-Door Car
AA71604,1198659.21,Master,F,87560.0,98.0,0.0,Personal Auto,Arizona,470.4,Two-Door Car
TD10493,289873.27,High School or Below,F,0.0,96.0,0.0,Personal Auto,Oregon,691.2,Four-Door Car
LY97989,289424.39,Bachelor,F,0.0,85.0,0.0,Personal Auto,Oregon,408.0,Four-Door Car
VX39856,350045.44,Doctor,F,89398.0,86.0,0.0,Personal Auto,Arizona,82.409922,Four-Door Car
TP51897,262180.86,College,F,36843.0,68.0,0.0,Corporate Auto,Cali,357.642982,Four-Door Car
QQ89253,1022180.5,College,F,0.0,134.0,0.0,Personal Auto,Oregon,643.2,SUV
EI91403,257827.1,High School or Below,M,34946.0,65.0,0.0,Personal Auto,Cali,420.35698,Two-Door Car
QG15435,624259.57,College,F,75680.0,78.0,0.0,Personal Auto,Arizona,136.787725,Four-Door Car
FZ55002,522028.1,Doctor,F,0.0,69.0,0.0,Personal Auto,Nevada,331.2,Four-Door Car
HX77930,313643.21,College,F,49532.0,79.0,0.0,Personal Auto,Washington,220.186677,Four-Door Car
UN37063,452536.58,Bachelor,M,10269.0,65.0,0.0,Personal Auto,Arizona,170.798204,Two-Door Car
VB87946,497035.73,College,M,49714.0,63.0,0.0,Personal Auto,Cali,266.165535,Four-Door Car
AB60627,1546778.9,High School or Below,M,77517.0,129.0,0.0,Corporate Auto,Cali,98.921782,SUV
TA34903,583889.92,High School or Below,M,81082.0,73.0,0.0,Personal Auto,Oregon,281.295903,Four-Door Car
AQ51368,1065688.2,Bachelor,F,72540.0,88.0,0.0,Corporate Auto,Oregon,631.743039,Two-Door Car
NZ26102,228961.87,High School or Below,F,0.0,65.0,0.0,Personal Auto,Oregon,468.0,Four-Door Car
GB45753,543980.42,High School or Below,M,61546.0,68.0,0.0,Corporate Auto,Cali,29.209521,Two-Door Car
BV79904,795615.01,Master,F,44818.0,67.0,0.0,Personal Auto,Cali,136.883999,Two-Door Car
OB49075,445811.34,Bachelor,M,17622.0,65.0,0.0,Personal Auto,Arizona,312.0,Four-Door Car
DS97676,255505.15,College,F,0.0,72.0,0.0,Personal Auto,Oregon,518.4,Four-Door Car
JO63462,330799.9,Bachelor,M,79797.0,84.0,0.0,Corporate Auto,Cali,31.755601,Two-Door Car
NJ10602,845905.32,College,F,92717.0,70.0,0.0,Personal Auto,Washington,224.27582,Two-Door Car
RS24501,1335012.09,College,F,28919.0,173.0,0.0,Personal Auto,Oregon,830.4,SUV
VT78274,493122.13,College,M,0.0,68.0,0.0,Personal Auto,Arizona,480.159011,Four-Door Car
SU56153,777683.52,Bachelor,M,63568.0,65.0,0.0,Corporate Auto,Nevada,390.792553,Two-Door Car
MN20737,255367.22,College,F,73935.0,64.0,0.0,Corporate Auto,Nevada,72.071195,Four-Door Car
KL43114,487646.97,High School or Below,F,0.0,66.0,0.0,Corporate Auto,Arizona,316.8,Two-Door Car
YQ15567,903430.58,Bachelor,F,18846.0,115.0,0.0,Personal Auto,Oregon,552.0,SUV
TR88637,810591.08,High School or Below,F,38893.0,103.0,0.0,Personal Auto,Arizona,41.965252,SUV
TC88986,561968.91,High School or Below,M,0.0,153.0,0.0,Special Auto,Oregon,1027.000029,SUV
XX88577,1572713.06,Bachelor,M,84824.0,196.0,0.0,Corporate Auto,Cali,319.820747,SUV
NE49052,661801.64,High School or Below,F,20068.0,86.0,0.0,Corporate Auto,Cali,411.011162,Four-Door Car
KX17826,467004.8,Doctor,M,0.0,125.0,0.0,Corporate Auto,Oregon,600.0,SUV
CC91503,1016936.98,High School or Below,F,0.0,135.0,0.0,Personal Auto,Arizona,648.0,Luxury
WH32183,832307.4,Bachelor,M,97245.0,70.0,0.0,Personal Auto,Cali,4.110585,Four-Door Car
ES90681,241776.0,College,F,51808.0,61.0,0.0,Personal Auto,Cali,351.149904,Four-Door Car
DW96592,804487.24,Bachelor,M,71391.0,67.0,0.0,Personal Auto,Cali,284.000172,Four-Door Car
MT23134,532572.45,High School or Below,M,0.0,73.0,0.0,Personal Auto,Oregon,496.474767,Two-Door Car
BM69081,694752.4,Bachelor,M,0.0,100.0,0.0,Personal Auto,Arizona,925.137143,SUV
MB90871,584741.52,College,F,23496.0,77.0,0.0,Special Auto,Oregon,13.164097,Four-Door Car
GT62080,182071.5176145921,High School or Below,M,55561.0,63.0,0.0,Personal Auto,Washington,227.872071,Four-Door Car
QL77686,472478.61,College,F,23986.0,119.0,0.0,Corporate Auto,Nevada,463.335061,SUV
ON77827,279022.8,Master,F,22974.0,71.0,0.0,Personal Auto,Arizona,180.667969,Four-Door Car
KP18988,2153133.28,High School or Below,F,0.0,101.0,0.0,Personal Auto,Oregon,484.8,Four-Door Car
TI92884,1262283.27,Bachelor,M,61844.0,106.0,0.0,Personal Auto,Arizona,508.8,Luxury
JH73503,2017196.15,Doctor,M,24804.0,73.0,0.0,Personal Auto,Arizona,350.4,Two-Door Car
YE97964,1646436.59,Bachelor,F,27760.0,104.0,0.0,Personal Auto,Cali,302.764283,SUV
VA30351,559538.99,High School or Below,F,74454.0,71.0,0.0,Personal Auto,Oregon,340.8,Four-Door Car
PV55726,417068.73,Master,F,29462.0,107.0,0.0,Personal Auto,Oregon,513.6,SUV
UC88305,266544.71,College,F,52266.0,68.0,0.0,Corporate Auto,Arizona,141.922839,Two-Door Car
TS53809,709891.41,Bachelor,M,0.0,70.0,0.0,Personal Auto,Oregon,349.783046,Two-Door Car
ZV32120,397134.51,Doctor,M,23599.0,103.0,0.0,Corporate Auto,Cali,494.4,SUV
FB80807,552821.28,Bachelor,M,36088.0,72.0,0.0,Personal Auto,Oregon,345.6,Four-Door Car
AS55677,833899.58,High School or Below,F,70534.0,104.0,0.0,Personal Auto,Cali,54.065538,Four-Door Car
WA15684,3844585.59,College,M,27398.0,125.0,0.0,Personal Auto,Oregon,600.0,SUV
SA50567,544855.52,Bachelor,M,85296.0,68.0,0.0,Personal Auto,Nevada,342.515136,Four-Door Car
KJ31611,1080806.6,High School or Below,M,31063.0,92.0,0.0,Personal Auto,Arizona,441.6,Four-Door Car
VL37375,618509.65,Bachelor,M,0.0,92.0,0.0,Personal Auto,Cali,1027.177255,Two-Door Car
KN21017,320822.59,High School or Below,M,52367.0,81.0,0.0,Personal Auto,Nevada,275.989978,Four-Door Car
PX44289,548010.41,College,M,58651.0,71.0,0.0,Personal Auto,Arizona,472.599683,Four-Door Car
AM97901,2298615.39,College,F,84831.0,192.0,0.0,Special Auto,Nevada,1336.931716,Luxury
RE42925,1310792.59,Bachelor,M,49088.0,114.0,0.0,Corporate Auto,Oregon,547.2,SUV
TR81766,746292.63,College,F,70263.0,93.0,0.0,Corporate Auto,Cali,7.345946,Two-Door Car
CH85057,1146399.1,Doctor,F,45354.0,285.0,0.0,Personal Auto,Oregon,540.141566,Luxury
UP71482,723613.25,High School or Below,M,0.0,63.0,0.0,Personal Auto,Arizona,383.363758,Four-Door Car
EG40670,623268.79,Bachelor,F,28334.0,83.0,0.0,Special Auto,Cali,537.765151,Four-Door Car
HV83672,2839332.99,Bachelor,F,38772.0,90.0,0.0,Personal Auto,Oregon,321.873474,Four-Door Car
MG10140,374675.16,College,F,41479.0,94.0,0.0,Personal Auto,Oregon,19.575683,Two-Door Car
TC44716,2156933.73,Bachelor,M,23909.0,119.0,0.0,Personal Auto,Cali,571.2,SUV
QO65264,501208.37,College,M,48328.0,63.0,0.0,Personal Auto,Cali,108.138715,Two-Door Car
EB66698,337185.84,High School or Below,M,86689.0,85.0,0.0,Corporate Auto,Cali,408.0,Two-Door Car
OT52034,386477.68,Bachelor,M,24204.0,99.0,0.0,Personal Auto,Cali,707.303416,Four-Door Car
CH85444,414571.19,College,M,25943.0,110.0,0.0,Corporate Auto,Oregon,1067.333126,Two-Door Car
PU85769,515607.27,High School or Below,M,0.0,73.0,0.0,Personal Auto,Cali,807.947292,Four-Door Car
UI73201,366737.5,College,M,62375.0,92.0,0.0,Personal Auto,Cali,618.630955,Two-Door Car
SL50592,783568.35,High School or Below,F,0.0,71.0,0.0,Corporate Auto,Cali,404.272806,Four-Door Car
XP11075,1456726.84,Bachelor,M,0.0,148.0,0.0,Personal Auto,Arizona,710.4,SUV
SI31236,1017133.9,Bachelor,M,70200.0,65.0,0.0,Corporate Auto,Oregon,312.0,Four-Door Car
JN26745,413577.52,Bachelor,F,0.0,112.0,0.0,Special Auto,Nevada,707.977614,Four-Door Car
VK48036,551149.11,College,F,79027.0,70.0,0.0,Corporate Auto,Oregon,336.0,Four-Door Car
JX76668,1131424.39,High School or Below,F,62935.0,141.0,0.0,Personal Auto,Washington,232.242326,Luxury
DS45802,541461.73,High School or Below,F,26893.0,68.0,0.0,Personal Auto,Cali,68.226001,Four-Door Car
OA96690,742159.35,High School or Below,F,47406.0,94.0,0.0,Personal Auto,Oregon,287.149807,Four-Door Car
EM27919,445811.34,Bachelor,M,17622.0,65.0,0.0,Personal Auto,Cali,312.0,Four-Door Car
QO41043,1447612.49,College,F,27572.0,124.0,0.0,Corporate Auto,Oregon,595.2,SUV
OV50124,493688.84,College,F,0.0,72.0,0.0,Personal Auto,Oregon,391.636628,Two-Door Car
PR31642,452527.65,Bachelor,F,32802.0,114.0,0.0,Personal Auto,Oregon,547.2,SUV
BU41599,558176.13,Master,F,62739.0,70.0,0.0,Personal Auto,Washington,239.328571,Two-Door Car
TK30357,1413434.74,Bachelor,F,90844.0,118.0,0.0,Personal Auto,Cali,232.674417,SUV
NF31087,2472318.31,High School or Below,F,44685.0,69.0,0.0,Personal Auto,Nevada,331.2,Four-Door Car
NH16984,283806.78,Bachelor,F,0.0,80.0,0.0,Personal Auto,Cali,336.50961,Four-Door Car
OS75493,384848.36,High School or Below,F,42589.0,98.0,0.0,Corporate Auto,Cali,470.4,Four-Door Car
VT63298,1950447.39,Bachelor,M,0.0,72.0,0.0,Personal Auto,Oregon,345.6,Four-Door Car
QS75550,248004.59,Bachelor,F,93383.0,62.0,0.0,Corporate Auto,Washington,244.212286,Two-Door Car
SZ16483,436137.29,High School or Below,F,79583.0,109.0,0.0,Personal Auto,Arizona,523.2,Four-Door Car
VM92311,252907.75,High School or Below,F,89129.0,64.0,0.0,Personal Auto,Arizona,328.870868,Four-Door Car
NJ46849,250444.48,College,M,0.0,69.0,0.0,Personal Auto,Arizona,496.8,Four-Door Car
WZ31900,864970.06,Bachelor,F,94389.0,107.0,0.0,Corporate Auto,Oregon,85.063708,SUV
RG30482,1366835.53,College,F,0.0,197.0,0.0,Personal Auto,Oregon,1418.4,SUV
ZM86949,2063508.46,High School or Below,F,84106.0,64.0,0.0,Personal Auto,Oregon,334.408717,Two-Door Car
QQ39596,251753.36,College,F,0.0,69.0,0.0,Personal Auto,Arizona,42.096415,Four-Door Car
FH51383,532667.77,High School or Below,F,76717.0,66.0,0.0,Personal Auto,Cali,300.528579,Two-Door Car
BJ53923,260027.21,High School or Below,M,51978.0,66.0,0.0,Corporate Auto,Arizona,144.782152,Four-Door Car
CZ96653,853479.28,Bachelor,F,47325.0,107.0,0.0,Personal Auto,Oregon,64.598216,SUV
FB23788,882883.5,High School or Below,M,86721.0,111.0,0.0,Corporate Auto,Oregon,532.8,SUV
NT43594,224844.96,Bachelor,F,24910.0,63.0,0.0,Personal Auto,Nevada,347.857619,Four-Door Car
RJ85627,1230276.24,Bachelor,F,43817.0,62.0,0.0,Personal Auto,Washington,245.447622,Four-Door Car
KJ86296,455659.3,High School or Below,M,0.0,73.0,0.0,Personal Auto,Oregon,525.6,Four-Door Car
PI47776,253070.51,Bachelor,F,89451.0,63.0,0.0,Corporate Auto,Oregon,61.769564,Four-Door Car
MD73554,525198.4,College,M,59537.0,66.0,0.0,Personal Auto,Cali,316.8,Two-Door Car
UX92071,674311.93,High School or Below,M,0.0,199.0,0.0,Personal Auto,Oregon,955.2,Luxury
YG44474,1401472.13,College,M,54193.0,117.0,0.0,Corporate Auto,Oregon,720.752945,SUV
UH45301,943891.56,College,M,86946.0,118.0,0.0,Personal Auto,Oregon,340.656963,Four-Door Car
RY92647,1050677.17,Bachelor,F,0.0,92.0,0.0,Personal Auto,Cali,546.524896,Four-Door Car
IK12620,421391.86,High School or Below,F,12160.0,109.0,0.0,Personal Auto,Arizona,489.411833,Four-Door Car
GQ66762,477368.64,College,M,33701.0,63.0,0.0,Personal Auto,Cali,171.325856,Four-Door Car
YT69858,544142.01,Bachelor,F,85702.0,67.0,0.0,Personal Auto,Washington,249.085887,Two-Door Car
XD85577,284226.69,Bachelor,M,69417.0,73.0,0.0,Personal Auto,Cali,30.874869,Four-Door Car
TM65736,305955.03,Master,M,38644.0,78.0,0.0,Personal Auto,Oregon,361.455219,Four-Door Car
VJ51327,2031499.76,High School or Below,F,63209.0,102.0,0.0,Personal Auto,Cali,207.320041,SUV
GS98873,323912.47,Bachelor,F,16061.0,88.0,0.0,Personal Auto,Arizona,633.6,Four-Door Car
CW49887,462680.11,Master,F,79487.0,114.0,0.0,Special Auto,California,547.2,SUV
MY31220,899704.02,College,F,54230.0,112.0,0.0,Personal Auto,California,537.6,Two-Door Car
UH35128,2580706.3,College,F,71210.0,214.0,0.0,Personal Auto,Oregon,1027.2,Luxury
WH52799,380812.21,College,F,94903.0,94.0,0.0,Corporate Auto,Arizona,451.2,Two-Door Car
WL99637,761413.8,Bachelor,M,27293.0,96.0,0.0,Personal Auto,Arizona,469.030907,Two-Door Car
UC84059,689845.53,Master,F,70950.0,171.0,0.0,Personal Auto,California,565.929394,Luxury
HW62747,229837.92,College,M,0.0,63.0,0.0,Corporate Auto,Oregon,302.4,Four-Door Car
BH11344,280669.61,Doctor,F,37009.0,71.0,0.0,Corporate Auto,Oregon,145.673348,Two-Door Car
TX28465,520611.82,College,M,52629.0,65.0,0.0,Personal Auto,Nevada,136.684141,Four-Door Car
OK56965,4570865.34,Bachelor,F,31264.0,198.0,0.0,Personal Auto,California,825.657746,Luxury
WT22392,800734.91,College,F,65473.0,67.0,0.0,Personal Auto,Oregon,277.685667,Four-Door Car
PH85036,548254.94,Bachelor,F,79325.0,68.0,0.0,Corporate Auto,Washington,251.294821,Four-Door Car
KC71643,246323.68,High School or Below,M,99144.0,61.0,0.0,Corporate Auto,Oregon,292.8,Four-Door Car
NR32615,549894.07,College,M,22520.0,73.0,0.0,Corporate Auto,California,350.4,Four-Door Car
GS69842,524382.8,Bachelor,F,36615.0,65.0,0.0,Special Auto,Arizona,264.563772,Four-Door Car
WT71621,328045.73,Bachelor,F,63297.0,82.0,0.0,Personal Auto,Washington,251.756739,Four-Door Car
KD23847,488654.43,High School or Below,F,76374.0,61.0,0.0,Personal Auto,Arizona,292.8,Four-Door Car
PE59368,512348.5,Bachelor,F,72096.0,6464.0,0.0,Personal Auto,Washington,252.330905,Two-Door Car
NK91488,547955.51,Master,M,56005.0,68.0,0.0,Personal Auto,Nevada,326.4,Four-Door Car
CR33417,476215.7,Master,F,36529.0,118.0,0.0,Personal Auto,Washington,255.005116,SUV
WP73172,828767.93,Bachelor,F,81367.0,103.0,0.0,Special Auto,Oregon,415.768941,SUV
PS30217,988665.64,Bachelor,F,44817.0,83.0,0.0,Personal Auto,California,527.421579,Four-Door Car
EL62967,271291.56,High School or Below,F,58508.0,69.0,0.0,Personal Auto,Oregon,57.614392,Two-Door Car
MU23938,1047767.63,Bachelor,M,45259.0,138.0,0.0,Personal Auto,Oregon,272.217171,SUV
VC83809,343613.43,Doctor,M,30817.0,88.0,0.0,Personal Auto,California,91.834668,Four-Door Car
VL34577,259618.52,High School or Below,F,0.0,72.0,0.0,Personal Auto,Oregon,345.6,Two-Door Car
QE12539,1273195.16,Doctor,M,40870.0,105.0,0.0,Personal Auto,California,504.0,SUV
YO15246,349414.79,High School or Below,M,35001.0,96.0,0.0,Personal Auto,Nevada,460.8,Four-Door Car
WF73839,759791.07,College,F,49937.0,64.0,0.0,Personal Auto,Arizona,302.586407,Two-Door Car
TJ11671,401521.45,Bachelor,F,0.0,109.0,0.0,Personal Auto,Oregon,523.2,Four-Door Car
SV34223,2047710.84,College,F,58317.0,73.0,0.0,Personal Auto,California,350.4,Four-Door Car
XD19546,816068.98,High School or Below,F,0.0,109.0,0.0,Personal Auto,California,523.2,SUV
OY95739,1229868.63,High School or Below,M,17101.0,113.0,0.0,Corporate Auto,Nevada,542.4,SUV
SW57539,871492.21,College,F,0.0,118.0,0.0,Corporate Auto,California,566.4,SUV
IA62027,485353.42,Bachelor,F,0.0,65.0,0.0,Personal Auto,Arizona,468.0,Four-Door Car
FZ20933,488094.64,High School or Below,M,24398.0,63.0,0.0,Personal Auto,Oregon,302.4,Four-Door Car
WR62597,231138.21,College,M,24641.0,61.0,0.0,Corporate Auto,Oregon,294.92773,Four-Door Car
KU61611,432709.89,High School or Below,M,69040.0,108.0,0.0,Corporate Auto,Arizona,518.4,Luxury
XW98867,1229868.63,High School or Below,M,17101.0,113.0,0.0,Personal Auto,Oregon,542.4,SUV
PP80817,832353.33,High School or Below,F,59886.0,104.0,0.0,Personal Auto,California,71.729298,Luxury
DT77901,1017971.7,Bachelor,F,14290.0,271.0,0.0,Personal Auto,Oregon,1300.8,Luxury
DX34647,776126.78,College,F,43137.0,96.0,0.0,Personal Auto,California,460.8,Two-Door Car
OD56551,523989.09,College,M,27978.0,69.0,0.0,Personal Auto,Oregon,447.911255,Four-Door Car
OO63074,451790.88,Bachelor,F,25261.0,118.0,0.0,Personal Auto,California,566.4,SUV
EH24828,238977.41,College,M,58652.0,64.0,0.0,Personal Auto,Nevada,307.2,Four-Door Car
CX99919,413062.88,College,F,28321.0,111.0,0.0,Corporate Auto,Nevada,537.391704,SUV
DG80424,269156.9,College,F,77411.0,67.0,0.0,Personal Auto,Washington,257.900458,Four-Door Car
NU32697,522776.64,College,M,0.0,72.0,0.0,Corporate Auto,Oregon,518.4,Four-Door Car
PU98976,618734.57,Bachelor,F,0.0,88.0,0.0,Personal Auto,California,633.6,Four-Door Car
ZR20842,511387.47,College,M,94415.0,127.0,0.0,Personal Auto,Arizona,492.770321,Luxury
NF35573,1103931.62,High School or Below,M,0.0,103.0,0.0,Special Auto,Oregon,1149.203884,SUV
DF66914,3222708.39,Bachelor,F,45331.0,100.0,0.0,Personal Auto,Arizona,572.635987,SUV
YM99866,261196.59,High School or Below,M,53904.0,67.0,0.0,Personal Auto,Arizona,321.6,Four-Door Car
VH62084,1337232.77,High School or Below,M,0.0,74.0,0.0,Personal Auto,California,811.086484,Four-Door Car
SE28250,483898.19,Bachelor,M,0.0,70.0,0.0,Special Auto,Arizona,336.0,Four-Door Car
MD86050,472165.9,High School or Below,M,0.0,67.0,0.0,Personal Auto,Oregon,482.4,Four-Door Car
GF17866,387364.7,College,M,28142.0,105.0,0.0,Corporate Auto,Oregon,701.708239,Luxury
UB16654,471855.85,Master,M,15680.0,6464.0,0.0,Personal Auto,Washington,260.879903,Four-Door Car
KO44736,1697979.76,Bachelor,M,35095.0,73.0,0.0,Personal Auto,Oregon,525.6,Two-Door Car
KI55845,1368171.18,College,F,55588.0,114.0,0.0,Personal Auto,Oregon,547.2,SUV
JJ24476,571722.19,Master,F,52391.0,71.0,0.0,Personal Auto,Arizona,409.763267,Two-Door Car
VC68509,948659.64,Bachelor,F,42240.0,79.0,0.0,Personal Auto,Oregon,46.386546,Four-Door Car
QN62502,383914.37,Bachelor,F,70146.0,96.0,0.0,Personal Auto,Oregon,157.440069,Four-Door Car
EL92515,1121159.03,College,F,41121.0,94.0,0.0,Personal Auto,Oregon,451.2,Four-Door Car
VL84149,2580706.3,College,F,71210.0,214.0,0.0,Corporate Auto,Oregon,1027.2,Luxury
JX19907,379832.17,Bachelor,M,0.0,107.0,0.0,Corporate Auto,Oregon,1261.943541,Two-Door Car
BC66921,281656.74,High School or Below,F,41228.0,71.0,0.0,Personal Auto,Nevada,340.8,Four-Door Car
RK24470,502929.7,Bachelor,M,40113.0,67.0,0.0,Corporate Auto,Washington,262.047663,Two-Door Car
GN80437,344496.75,College,F,0.0,91.0,0.0,Special Auto,Oregon,596.050118,Four-Door Car
AH65907,285940.86,Bachelor,F,51790.0,71.0,0.0,Personal Auto,California,340.8,Four-Door Car
VG57728,269205.76,High School or Below,M,92593.0,68.0,0.0,Corporate Auto,California,8.44322,Four-Door Car
AF81450,1143173.09,High School or Below,M,28657.0,100.0,0.0,Personal Auto,California,588.742251,SUV
YI28422,763588.33,High School or Below,M,30262.0,98.0,0.0,Personal Auto,Oregon,499.22561,Four-Door Car
GR26937,980582.96,Master,F,47197.0,81.0,0.0,Corporate Auto,Oregon,76.112618,Four-Door Car
BR99015,680361.56,Bachelor,F,0.0,94.0,0.0,Personal Auto,California,451.2,Four-Door Car
PB11270,710765.54,Bachelor,F,0.0,61.0,0.0,Personal Auto,Oregon,541.561209,Four-Door Car
PZ89632,473518.45,High School or Below,F,0.0,134.0,0.0,Personal Auto,Oregon,964.8,SUV
LV62981,687432.67,College,M,22093.0,87.0,0.0,Corporate Auto,Arizona,616.749885,Two-Door Car
AS97690,241125.66,College,M,54483.0,61.0,0.0,Personal Auto,Arizona,292.8,Two-Door Car
SG32258,241654.24,College,F,18944.0,63.0,0.0,Personal Auto,Arizona,125.274351,Four-Door Car
MY80583,2398154.34,Bachelor,F,84365.0,66.0,0.0,Personal Auto,Oregon,316.8,Four-Door Car
WS57286,469216.52,College,M,0.0,64.0,0.0,Personal Auto,Arizona,137.169296,Four-Door Car
MF53477,360093.43,High School or Below,F,25147.0,101.0,0.0,Corporate Auto,California,694.598288,SUV
DQ28641,266522.25,High School or Below,M,14315.0,71.0,0.0,Personal Auto,Nevada,511.2,Four-Door Car
EX46492,766652.04,Master,F,87864.0,94.0,0.0,Personal Auto,Arizona,421.456547,Two-Door Car
VW20823,1667589.62,High School or Below,M,57844.0,85.0,0.0,Personal Auto,California,408.0,Four-Door Car
LH26563,455085.6,High School or Below,F,17913.0,116.0,0.0,Personal Auto,Oregon,556.8,Four-Door Car
FR56877,1176393.57,High School or Below,F,28806.0,99.0,0.0,Special Auto,Arizona,475.2,Four-Door Car
ZY99878,1374253.72,High School or Below,M,90343.0,175.0,0.0,Personal Auto,California,833.072722,SUV
CS15289,1613841.63,Master,F,79041.0,199.0,0.0,Personal Auto,Oregon,419.26062,Luxury
MM49431,729858.36,Bachelor,M,74069.0,63.0,0.0,Personal Auto,Washington,275.516438,Two-Door Car
IA96447,667373.77,College,M,85019.0,167.0,0.0,Personal Auto,California,801.6,Luxury
PT32230,778212.68,High School or Below,F,70059.0,194.0,0.0,Personal Auto,California,253.740993,Luxury
NK73719,1939321.15,College,F,70503.0,164.0,0.0,Corporate Auto,California,41.05291,SUV
OH15771,397413.82,Bachelor,M,0.0,117.0,0.0,Personal Auto,California,561.6,SUV
XP61034,410558.1,Bachelor,M,39492.0,105.0,0.0,Personal Auto,Oregon,756.0,SUV
ZN34245,230847.21,College,M,0.0,68.0,0.0,Corporate Auto,Arizona,489.6,Four-Door Car
FX55923,537291.45,Bachelor,M,50405.0,70.0,0.0,Personal Auto,Arizona,7.069583,Four-Door Car
ZZ83340,550831.55,Doctor,F,96021.0,68.0,0.0,Personal Auto,Oregon,315.004602,Two-Door Car
HA99340,239833.32,High School or Below,M,0.0,65.0,0.0,Personal Auto,Oregon,422.947888,Two-Door Car
LE43061,372883.01,High School or Below,M,0.0,105.0,0.0,Personal Auto,California,756.0,Four-Door Car
UF77413,275849.86,College,M,65794.0,69.0,0.0,Personal Auto,Oregon,277.27294,Four-Door Car
UY45293,370393.03,Bachelor,M,21975.0,95.0,0.0,Corporate Auto,Oregon,456.0,Four-Door Car
TH84309,937284.36,High School or Below,M,0.0,126.0,0.0,Personal Auto,California,604.8,SUV
PZ94551,499158.45,Bachelor,F,56649.0,125.0,0.0,Special Auto,Oregon,780.090361,SUV
UE76013,503986.93,Master,F,35984.0,128.0,0.0,Personal Auto,Washington,275.577631,SUV
HS85465,275997.83,Bachelor,M,92296.0,69.0,0.0,Corporate Auto,California,331.2,Two-Door Car
SI78985,799300.4,Bachelor,F,39448.0,103.0,0.0,Personal Auto,Oregon,66.020788,Four-Door Car
KF50730,523557.35,Bachelor,F,71794.0,131.0,0.0,Personal Auto,California,457.471225,SUV
JO13576,263301.18,High School or Below,F,21861.0,69.0,0.0,Personal Auto,California,348.278032,Four-Door Car
HJ79774,276480.23,College,F,31591.0,72.0,0.0,Corporate Auto,Oregon,240.241499,Four-Door Car
KI18648,808484.64,Bachelor,F,60662.0,68.0,0.0,Special Auto,Arizona,326.4,Two-Door Car
EL99335,268517.77,College,F,20608.0,73.0,0.0,Personal Auto,California,350.4,Four-Door Car
LE84979,1220812.0,Master,F,21331.0,103.0,0.0,Personal Auto,California,419.062661,SUV
CE12380,2009043.87,College,F,0.0,66.0,0.0,Corporate Auto,Arizona,252.149798,Four-Door Car
BJ22117,513341.48,Master,M,53390.0,6464.0,0.0,Personal Auto,Washington,278.999409,Four-Door Car
JF83834,249131.7,Doctor,M,36631.0,62.0,0.0,Corporate Auto,Oregon,67.530904,Four-Door Car
YN10988,631459.68,High School or Below,M,0.0,87.0,0.0,Personal Auto,California,417.6,Four-Door Car
YX15941,1622964.89,College,M,26030.0,139.0,0.0,Corporate Auto,Oregon,667.2,Luxury
ZB50601,516178.99,College,M,0.0,70.0,0.0,Personal Auto,Nevada,469.491537,Four-Door Car
HP50399,398226.61,Bachelor,M,0.0,113.0,0.0,Personal Auto,Nevada,542.4,SUV
GC17585,1347318.57,Bachelor,M,25302.0,70.0,0.0,Personal Auto,AZ,336.0,Four-Door Car
QW17286,277832.39,Master,F,66030.0,69.0,0.0,Personal Auto,Washington,282.153792,Four-Door Car
DO41287,827644.42,High School or Below,M,0.0,82.0,0.0,Personal Auto,Oregon,590.4,Four-Door Car
GT54462,1434985.99,Bachelor,M,73222.0,180.0,0.0,Personal Auto,AZ,821.51673,SUV
BT76268,587819.93,College,F,22061.0,74.0,0.0,Personal Auto,California,355.2,Four-Door Car
QM38267,266605.45,High School or Below,F,86321.0,66.0,0.0,Personal Auto,AZ,316.8,Four-Door Car
LP82042,534568.1,Bachelor,M,54668.0,68.0,0.0,Personal Auto,Oregon,326.4,Four-Door Car
EF52978,477712.16,High School or Below,F,0.0,62.0,0.0,Personal Auto,AZ,297.6,Four-Door Car
GH54524,1697374.02,High School or Below,M,69497.0,142.0,0.0,Personal Auto,California,92.286763,SUV
DP26592,251811.21,High School or Below,M,86617.0,63.0,0.0,Personal Auto,Oregon,188.325603,Four-Door Car
UP29839,1916098.99,Master,F,22705.0,239.0,0.0,Personal Auto,Nevada,1294.700423,Luxury
IB80924,3286440.46,High School or Below,F,90783.0,104.0,0.0,Personal Auto,Washington,285.745227,SUV
OB55054,396481.3,Bachelor,M,88410.0,99.0,0.0,Corporate Auto,Oregon,475.2,Four-Door Car
NP91656,491177.31,Bachelor,F,0.0,69.0,0.0,Personal Auto,California,496.8,Four-Door Car
SH74080,780531.29,College,F,21073.0,106.0,0.0,Personal Auto,Oregon,508.8,SUV
KN25556,720066.49,College,F,0.0,66.0,0.0,Personal Auto,AZ,316.8,Four-Door Car
RB38792,538949.95,College,M,66429.0,136.0,0.0,Personal Auto,Oregon,57.712985,Luxury
QR72180,324131.42,Doctor,F,66889.0,80.0,0.0,Personal Auto,California,294.319428,Four-Door Car
TW64385,552821.28,Bachelor,M,36088.0,72.0,0.0,Corporate Auto,California,345.6,Four-Door Car
TM13955,299302.46,Master,M,0.0,80.0,0.0,Corporate Auto,Washington,286.115778,Four-Door Car
GF94951,707665.32,Bachelor,M,0.0,68.0,0.0,Corporate Auto,AZ,489.6,Two-Door Car
NF53775,370038.5,College,F,17557.0,96.0,0.0,Personal Auto,California,666.724937,Four-Door Car
YB58778,532883.59,College,F,81064.0,70.0,0.0,Personal Auto,California,42.238585,Two-Door Car
PH77560,483887.71,High School or Below,F,0.0,66.0,0.0,Personal Auto,Nevada,700.331425,Four-Door Car
ZO14864,341720.5,Master,F,42526.0,86.0,0.0,Personal Auto,Washington,287.5426,Two-Door Car
BI34376,787992.9,Doctor,F,45703.0,98.0,0.0,Personal Auto,California,470.4,Two-Door Car
UQ63396,786943.24,Bachelor,F,40036.0,65.0,0.0,Personal Auto,California,48.828732,Four-Door Car
BR23201,258680.72,Bachelor,M,0.0,71.0,0.0,Personal Auto,California,191.640085,Four-Door Car
VH45094,728678.91,High School or Below,M,65870.0,61.0,0.0,Personal Auto,AZ,202.847644,Four-Door Car
KD47243,1179799.21,Bachelor,F,91469.0,100.0,0.0,Personal Auto,California,418.864555,SUV
MY13737,938675.3,High School or Below,M,42090.0,119.0,0.0,Corporate Auto,California,203.352239,SUV
OR48881,630892.24,Doctor,F,21368.0,79.0,0.0,Corporate Auto,Oregon,4.61262,Four-Door Car
BD77090,860915.82,Bachelor,F,79090.0,107.0,0.0,Personal Auto,Washington,289.040734,SUV
LW77178,1542801.04,Bachelor,F,33879.0,98.0,0.0,Corporate Auto,Oregon,470.4,Two-Door Car
BQ12347,563079.3,High School or Below,M,72874.0,70.0,0.0,Special Auto,AZ,336.0,Four-Door Car
FF61670,1813118.87,High School or Below,M,0.0,82.0,0.0,Personal Auto,California,393.6,Four-Door Car
PM61374,808721.95,Bachelor,F,0.0,110.0,0.0,Personal Auto,California,550.825934,Two-Door Car
BW25236,1845357.63,College,M,72215.0,66.0,0.0,Personal Auto,AZ,247.911872,Four-Door Car
XO22038,521751.33,Bachelor,F,39854.0,66.0,0.0,Corporate Auto,California,261.930545,Two-Door Car
QG51953,483578.32,College,M,36655.0,61.0,0.0,Personal Auto,Oregon,295.223164,Four-Door Car
SZ56338,559712.5,High School or Below,F,37995.0,139.0,0.0,Personal Auto,Oregon,667.2,SUV
PX60116,892046.4,High School or Below,F,40867.0,112.0,0.0,Corporate Auto,California,537.6,Two-Door Car
BW46202,599541.1,Bachelor,F,28804.0,78.0,0.0,Personal Auto,Oregon,76.025368,Two-Door Car
GW14109,3849694.7,High School or Below,F,48409.0,124.0,0.0,Special Auto,California,345.211703,SUV
GP42026,838263.01,High School or Below,M,19683.0,117.0,0.0,Personal Auto,California,561.6,Luxury
DH41343,244366.52,College,none,92834.0,61.0,0.0,Special Auto,Washington,292.8,Four-Door Car
PY42157,247225.39,High School or Below,F,62006.0,61.0,0.0,Personal Auto,Washington,292.8,Four-Door Car
OL36978,540551.84,High School or Below,F,67241.0,68.0,0.0,Personal Auto,California,5.674809,Two-Door Car
KT40899,935247.9,High School or Below,M,75436.0,78.0,0.0,Personal Auto,California,9.747443,Four-Door Car
WE60408,433987.11,College,F,91761.0,109.0,0.0,Personal Auto,AZ,779.052276,SUV
LG64797,1772376.4,College,F,25771.0,222.0,0.0,Personal Auto,California,1253.984948,Luxury
MD87746,750745.54,College,M,60920.0,64.0,0.0,Personal Auto,Oregon,231.201886,Two-Door Car
QP80741,604857.42,College,F,0.0,61.0,0.0,Corporate Auto,Washington,292.8,Four-Door Car
WO59883,1901447.63,High School or Below,F,29822.0,61.0,0.0,Personal Auto,Washington,292.8,Two-Door Car
MU79385,1008037.03,College,M,60944.0,130.0,0.0,Personal Auto,AZ,623.505066,SUV
JH30384,650339.7,High School or Below,F,22081.0,84.0,0.0,Personal Auto,California,451.670309,Two-Door Car
LL45497,248772.97,College,F,67282.0,62.0,0.0,Personal Auto,Washington,297.6,Two-Door Car
SK95364,462039.01,College,F,0.0,130.0,0.0,Personal Auto,California,936.0,SUV
VG56765,247152.84,High School or Below,M,95697.0,61.0,0.0,Personal Auto,Arizona,114.273025,Two-Door Car
NE24371,649424.4,College,F,15300.0,85.0,0.0,Personal Auto,Oregon,408.0,Four-Door Car
KR48903,250490.76,High School or Below,M,88264.0,62.0,0.0,Personal Auto,Washington,297.6,Two-Door Car
ZF27999,490489.47,College,F,12902.0,139.0,0.0,Personal Auto,Nevada,667.2,Luxury
MH40017,480247.7,High School or Below,M,29809.0,61.0,0.0,Personal Auto,Arizona,365.312072,Four-Door Car
YJ99764,795577.48,High School or Below,M,0.0,74.0,0.0,Personal Auto,Nevada,355.2,Four-Door Car
AG22225,694190.08,High School or Below,M,0.0,96.0,0.0,Personal Auto,Oregon,460.8,Four-Door Car
ZJ26179,838247.84,Bachelor,M,25998.0,71.0,0.0,Personal Auto,Oregon,791.878042,Four-Door Car
VO36036,353643.18,Doctor,F,28248.0,90.0,0.0,Personal Auto,Oregon,634.385937,Four-Door Car
ZQ94281,324481.66,College,F,68103.0,82.0,0.0,Personal Auto,California,277.795988,Two-Door Car
CK40732,761121.28,High School or Below,F,0.0,103.0,0.0,Special Auto,California,741.6,Four-Door Car
UT73461,450539.83,Doctor,F,81079.0,111.0,0.0,Special Auto,Oregon,134.222332,SUV
LT57320,244584.48,Master,F,22732.0,62.0,0.0,Personal Auto,Nevada,15.616535,Four-Door Car
BZ44726,1647776.84,High School or Below,F,49825.0,70.0,0.0,Corporate Auto,Nevada,336.0,Two-Door Car
VU32116,354640.02,College,F,0.0,103.0,0.0,Personal Auto,Oregon,621.959357,SUV
EG94326,427727.01,High School or Below,M,77265.0,107.0,0.0,Personal Auto,Nevada,513.6,SUV
EJ43595,478477.35,High School or Below,M,0.0,72.0,0.0,Corporate Auto,California,779.629297,Four-Door Car
QI37869,757223.77,College,M,12876.0,107.0,0.0,Corporate Auto,California,425.964628,Four-Door Car
SX65826,1176087.64,Bachelor,M,36431.0,99.0,0.0,Personal Auto,Arizona,513.252488,Two-Door Car
XO42145,393381.4,High School or Below,M,25927.0,103.0,0.0,Personal Auto,Oregon,674.973614,SUV
WJ74851,570076.18,Bachelor,F,26811.0,72.0,0.0,Personal Auto,Nevada,465.763576,Two-Door Car
IG68709,349863.48,High School or Below,F,41711.0,90.0,0.0,Personal Auto,Oregon,351.286604,Four-Door Car
AC75391,576809.13,College,F,35091.0,74.0,0.0,Corporate Auto,Arizona,418.927204,Two-Door Car
WO94087,636195.4,Bachelor,F,0.0,87.0,0.0,Corporate Auto,Arizona,417.6,Four-Door Car
YJ69332,650339.7,High School or Below,F,22081.0,84.0,0.0,Personal Auto,Oregon,451.670309,Two-Door Car
WX87964,493519.0,High School or Below,M,29560.0,62.0,0.0,Personal Auto,Washington,297.6,Four-Door Car
PD32641,578522.35,College,M,31320.0,72.0,0.0,Personal Auto,Oregon,293.86579,Four-Door Car
CK39096,561968.91,High School or Below,M,0.0,153.0,0.0,Personal Auto,Oregon,1027.000029,SUV
QV19964,259928.96,Doctor,M,33947.0,66.0,0.0,Personal Auto,Oregon,192.213037,Four-Door Car
BF72793,673297.09,High School or Below,F,0.0,62.0,0.0,Personal Auto,California,446.4,Two-Door Car
WB12017,1832186.65,College,F,21189.0,66.0,0.0,Personal Auto,California,316.8,Two-Door Car
JO17193,230069.15,Bachelor,M,25905.0,63.0,0.0,Personal Auto,Washington,302.4,Four-Door Car
AY84441,400285.76,High School or Below,M,0.0,114.0,0.0,Personal Auto,Oregon,820.8,SUV
JQ65500,862099.74,Bachelor,F,44988.0,108.0,0.0,Corporate Auto,Oregon,518.4,Two-Door Car
OI29521,1038898.6,College,F,33432.0,90.0,0.0,Corporate Auto,Oregon,161.423101,Two-Door Car
MJ51323,842717.25,Bachelor,F,46503.0,215.0,0.0,Personal Auto,Oregon,1032.0,Luxury
QI64880,700727.42,Bachelor,M,0.0,101.0,0.0,Corporate Auto,California,973.787176,SUV
HV93429,517657.91,Master,F,23636.0,65.0,0.0,Personal Auto,Oregon,81.452537,Four-Door Car
TA89713,538949.95,College,M,66429.0,136.0,0.0,Personal Auto,Oregon,57.712985,Luxury
OB98149,470000.75,College,F,11417.0,63.0,0.0,Personal Auto,Washington,302.4,Two-Door Car
LE65901,443494.14,Bachelor,F,58082.0,112.0,0.0,Personal Auto,Oregon,103.022126,SUV
FF68864,1401052.74,Bachelor,F,36523.0,71.0,0.0,Personal Auto,Arizona,101.353875,Four-Door Car
YX99200,1235005.82,Bachelor,M,54710.0,103.0,0.0,Personal Auto,Nevada,294.058449,Two-Door Car
LZ26801,816157.69,High School or Below,F,73466.0,102.0,0.0,Personal Auto,California,204.74051,SUV
TA66375,1100913.05,Bachelor,F,51643.0,283.0,0.0,Corporate Auto,Oregon,1358.4,Luxury
SC92090,871704.98,College,M,83846.0,74.0,0.0,Personal Auto,Arizona,355.2,Four-Door Car
TK40018,591746.66,High School or Below,M,0.0,169.0,0.0,Personal Auto,Oregon,1207.084251,SUV
ZD63451,250366.04,Bachelor,M,53338.0,63.0,0.0,Personal Auto,California,35.45384,Four-Door Car
AO98601,501888.52,Bachelor,none,54500.0,63.0,0.0,Corporate Auto,Washington,302.4,Two-Door Car
DT35588,433038.6,College,M,60475.0,107.0,0.0,Personal Auto,Oregon,513.6,Four-Door Car
VF87723,1048774.33,College,M,30658.0,89.0,0.0,Personal Auto,California,441.757585,Four-Door Car
QP69826,356750.38,Bachelor,M,0.0,102.0,0.0,Corporate Auto,Arizona,660.430456,SUV
UW37050,1989642.23,Bachelor,F,60420.0,248.0,0.0,Personal Auto,Oregon,632.944366,Luxury
UH62254,2142363.72,Bachelor,M,0.0,65.0,0.0,Personal Auto,Oregon,312.0,Two-Door Car
IA15979,694832.59,College,M,40598.0,91.0,0.0,Personal Auto,Washington,302.791402,Four-Door Car
DB71122,351583.19,Doctor,F,15144.0,90.0,0.0,Personal Auto,California,372.652536,Four-Door Car
TM14491,1203662.05,Bachelor,M,44428.0,104.0,0.0,Personal Auto,California,499.2,SUV
OY94707,360979.83,College,M,58297.0,97.0,0.0,Special Auto,California,647.039443,Four-Door Car
LN55080,1773246.49,Bachelor,F,42191.0,74.0,0.0,Special Auto,Oregon,68.647736,Two-Door Car
TZ47750,850985.09,Master,M,26057.0,74.0,0.0,Personal Auto,Nevada,523.888845,Four-Door Car
SJ74501,586642.43,Bachelor,F,26608.0,73.0,0.0,Personal Auto,Arizona,234.234301,Two-Door Car
LE26899,482550.09,Doctor,M,0.0,63.0,0.0,Personal Auto,California,272.843439,Four-Door Car
ML34366,538949.95,College,M,66429.0,136.0,0.0,Personal Auto,California,57.712985,Luxury
EI45850,777800.56,Bachelor,F,25970.0,72.0,0.0,Personal Auto,California,430.818992,Four-Door Car
LD75023,2634608.58,High School or Below,M,48268.0,223.0,0.0,Personal Auto,Oregon,1605.6,Luxury
JW12998,1486645.12,High School or Below,F,24279.0,126.0,0.0,Personal Auto,California,604.8,Luxury
LP47259,832423.27,High School or Below,M,0.0,121.0,0.0,Corporate Auto,Arizona,871.2,Luxury
XD21246,923830.6,High School or Below,F,0.0,128.0,0.0,Personal Auto,Oregon,921.6,SUV
DW59142,2269329.08,High School or Below,F,71879.0,64.0,0.0,Corporate Auto,Nevada,9.163065,Two-Door Car
KX54900,623601.86,Doctor,M,57760.0,78.0,0.0,Special Auto,Arizona,223.950089,Four-Door Car
XV83643,501218.48,College,M,20976.0,129.0,0.0,Personal Auto,California,735.683769,Luxury
XY33610,1569553.94,College,M,97750.0,65.0,0.0,Personal Auto,Washington,303.002922,Four-Door Car
GK48045,821460.24,College,F,73245.0,68.0,0.0,Personal Auto,Washington,305.121363,Four-Door Car
ET79528,311898.11,College,M,23008.0,79.0,0.0,Personal Auto,California,80.663097,Four-Door Car
RA66180,276403.21,High School or Below,F,33837.0,72.0,0.0,Corporate Auto,Washington,305.575785,Two-Door Car
BC66536,688368.66,High School or Below,F,84869.0,85.0,0.0,Corporate Auto,Arizona,408.0,Four-Door Car
PN22481,221591.29,College,M,0.0,66.0,0.0,Corporate Auto,Oregon,316.8,Two-Door Car
XR95069,485474.57,Bachelor,none,29834.0,6464.0,0.0,Personal Auto,Washington,307.2,Four-Door Car
IF38438,2152294.75,High School or Below,F,44695.0,79.0,0.0,Personal Auto,Arizona,81.166323,Two-Door Car
ZC62609,276169.17,High School or Below,F,0.0,77.0,0.0,Personal Auto,Oregon,554.4,Four-Door Car
FD64348,2256361.84,High School or Below,M,23046.0,65.0,0.0,Personal Auto,Oregon,1.687291,Two-Door Car
TA58285,528591.83,High School or Below,M,0.0,73.0,0.0,Personal Auto,Oregon,392.951076,Two-Door Car
WV66165,3506264.8,High School or Below,F,84811.0,111.0,0.0,Personal Auto,Oregon,278.284943,SUV
YE27183,591319.9,Bachelor,M,0.0,91.0,0.0,Corporate Auto,Oregon,436.8,Four-Door Car
TI47802,259339.87,Master,F,0.0,69.0,0.0,Personal Auto,California,331.2,Two-Door Car
ZZ44902,1269267.09,High School or Below,M,40117.0,108.0,0.0,Personal Auto,Arizona,750.082794,Two-Door Car
JD73594,330911.97,Bachelor,M,72140.0,87.0,0.0,Personal Auto,Oregon,417.6,Four-Door Car
VW82067,518162.09,Master,F,97131.0,6464.0,0.0,Personal Auto,Washington,307.2,Four-Door Car
JS55721,241393.06,College,M,12495.0,65.0,0.0,Personal Auto,California,312.0,Four-Door Car
ZB62469,216168.55,High School or Below,M,0.0,67.0,0.0,Corporate Auto,California,482.4,Two-Door Car
HZ74609,552798.89,Bachelor,F,0.0,72.0,0.0,Personal Auto,Oregon,345.6,Four-Door Car
TJ76363,1062921.79,Doctor,F,36495.0,133.0,0.0,Corporate Auto,Arizona,229.930796,SUV
QZ58370,1182010.98,Bachelor,F,86801.0,98.0,0.0,Personal Auto,Nevada,371.108203,Four-Door Car
RF44930,496463.15,College,M,52679.0,62.0,0.0,Personal Auto,California,117.998498,Four-Door Car
VJ44100,912292.56,Master,M,90804.0,113.0,0.0,Personal Auto,California,434.09776,Luxury
KN13494,518162.09,Master,F,97131.0,6464.0,0.0,Personal Auto,Washington,307.2,Four-Door Car
NL80137,346066.5,College,F,14262.0,90.0,0.0,Personal Auto,Oregon,290.432527,Four-Door Car
NZ57065,287298.08,Bachelor,M,36844.0,73.0,0.0,Personal Auto,Oregon,283.966321,Four-Door Car
NM42917,992787.77,College,F,58703.0,127.0,0.0,Personal Auto,Arizona,227.916076,SUV
RR68322,348268.7,High School or Below,M,65162.0,86.0,0.0,Personal Auto,Nevada,134.430084,Four-Door Car
OF78862,399172.72,College,F,54964.0,99.0,0.0,Personal Auto,Oregon,525.515271,Four-Door Car
SC93784,551010.74,Bachelor,M,61401.0,69.0,0.0,Personal Auto,Oregon,144.439335,Four-Door Car
CM59084,360093.43,High School or Below,F,25147.0,101.0,0.0,Corporate Auto,Oregon,694.598288,SUV
QA41558,541945.81,Master,F,73536.0,67.0,0.0,Personal Auto,Oregon,172.518524,Two-Door Car
SD62061,581063.05,High School or Below,F,24860.0,73.0,0.0,Personal Auto,Oregon,350.4,Four-Door Car
VP13613,394272.58,Bachelor,M,65404.0,99.0,0.0,Personal Auto,California,300.703109,Four-Door Car
HF96939,312627.19,High School or Below,M,34510.0,81.0,0.0,Personal Auto,Oregon,388.8,Four-Door Car
DU18362,353000.77,Bachelor,M,0.0,108.0,0.0,Corporate Auto,California,777.6,Two-Door Car
UG34438,1099059.48,College,F,44552.0,137.0,0.0,Personal Auto,Washington,311.103582,SUV
XQ19793,477294.38,High School or Below,M,20993.0,133.0,0.0,Personal Auto,Arizona,638.4,SUV
OB77084,220233.52,Bachelor,F,0.0,61.0,0.0,Personal Auto,Oregon,292.8,Two-Door Car
LK74984,245917.17,High School or Below,M,21190.0,65.0,0.0,Personal Auto,Washington,312.0,Four-Door Car
JE13986,1037388.88,College,F,62587.0,86.0,0.0,Personal Auto,Arizona,412.8,Four-Door Car
QR15221,258420.39,High School or Below,F,22562.0,65.0,0.0,Personal Auto,Washington,312.0,Two-Door Car
LD49835,430742.28,High School or Below,M,73345.0,107.0,0.0,Personal Auto,California,513.6,SUV
EK19337,304025.38,High School or Below,F,0.0,83.0,0.0,Personal Auto,Oregon,989.105367,Four-Door Car
GD55093,1916098.99,Master,F,22705.0,239.0,0.0,Personal Auto,California,1294.700423,Luxury
RX19151,817657.68,Bachelor,M,67137.0,111.0,0.0,Personal Auto,Washington,314.880326,SUV
TJ30354,528530.76,Bachelor,F,22627.0,67.0,0.0,Personal Auto,Oregon,321.6,Four-Door Car
TA75663,802499.3,Master,F,38702.0,101.0,0.0,Personal Auto,California,253.364333,SUV
WG15841,281046.44,Bachelor,M,26790.0,71.0,0.0,Personal Auto,California,340.8,Two-Door Car
LO68739,773955.04,Bachelor,F,64859.0,96.0,0.0,Personal Auto,Arizona,266.949266,Four-Door Car
BE61743,410979.36,Bachelor,M,86657.0,103.0,0.0,Personal Auto,Washington,316.227946,Luxury
EG56026,327516.2,High School or Below,F,69263.0,81.0,0.0,Personal Auto,Nevada,494.847804,Two-Door Car
VF21395,265269.53,Bachelor,M,82655.0,66.0,0.0,Personal Auto,Oregon,316.8,Two-Door Car
SI11249,504822.62,High School or Below,F,29401.0,65.0,0.0,Personal Auto,California,312.0,Four-Door Car
PU95227,336241.44,Bachelor,M,22853.0,87.0,0.0,Personal Auto,Washington,316.35678,Four-Door Car
VO87785,485842.94,College,F,26480.0,63.0,0.0,Personal Auto,Arizona,378.695238,Two-Door Car
FS29897,214492.15,High School or Below,F,0.0,61.0,0.0,Personal Auto,Oregon,292.8,Four-Door Car
JG36165,604261.85,Bachelor,M,0.0,83.0,0.0,Personal Auto,California,904.385726,Two-Door Car
SJ42058,338720.33,High School or Below,F,73268.0,84.0,0.0,Personal Auto,Oregon,93.623377,Four-Door Car
CU13711,1086427.49,Doctor,F,95579.0,67.0,0.0,Personal Auto,Oregon,308.631159,Four-Door Car
GT65065,884265.0,Master,F,42142.0,112.0,0.0,Personal Auto,Oregon,396.17554,Luxury
LO77543,261661.39,College,M,72302.0,66.0,0.0,Special Auto,Washington,316.8,Two-Door Car
UQ85283,3076325.64,Bachelor,M,41279.0,115.0,0.0,Personal Auto,California,251.429988,Luxury
QA49556,520022.78,Master,M,23401.0,66.0,0.0,Personal Auto,Washington,316.8,Four-Door Car
GE29173,859130.54,Bachelor,M,0.0,128.0,0.0,Corporate Auto,Nevada,1448.994134,SUV
DF21541,264657.38,College,F,23170.0,71.0,0.0,Personal Auto,Arizona,340.8,Four-Door Car
JL59571,460724.43,Bachelor,F,17343.0,63.0,0.0,Corporate Auto,Oregon,208.659743,Two-Door Car
DF94525,486062.0,College,M,25854.0,68.0,0.0,Personal Auto,Oregon,396.284835,Four-Door Car
YO58424,258084.99,College,M,46900.0,66.0,0.0,Corporate Auto,Oregon,316.8,Four-Door Car
UF32671,529139.53,College,F,57338.0,66.0,0.0,Personal Auto,Washington,316.8,Four-Door Car
HO92982,840575.3,High School or Below,M,85355.0,71.0,0.0,Personal Auto,California,458.568921,Two-Door Car
MZ24175,309651.12,College,F,21604.0,79.0,0.0,Personal Auto,Arizona,379.2,Four-Door Car
YD48962,2941228.93,High School or Below,M,0.0,107.0,0.0,Personal Auto,Arizona,513.6,SUV
RI52095,182071.5176145921,High School or Below,M,51878.0,66.0,0.0,Personal Auto,Washington,316.8,Four-Door Car
MF18493,1749752.2,College,M,0.0,73.0,0.0,Personal Auto,California,350.4,Two-Door Car
EP61084,321860.86,High School or Below,F,68776.0,80.0,0.0,Personal Auto,Nevada,87.861666,Four-Door Car
EN38348,2320726.97,High School or Below,F,45039.0,96.0,0.0,Personal Auto,Oregon,192.144838,Four-Door Car
FG46258,692197.4,College,F,16483.0,90.0,0.0,Corporate Auto,Washington,320.519977,Two-Door Car
LS98306,1391853.48,High School or Below,M,64113.0,117.0,0.0,Special Auto,Nevada,561.6,Four-Door Car
PZ47477,896630.98,High School or Below,M,41829.0,76.0,0.0,Personal Auto,Arizona,416.365369,Two-Door Car
LT32391,1198198.48,Master,F,21514.0,62.0,0.0,Personal Auto,California,257.248789,Two-Door Car
KK30016,553262.98,Master,M,27722.0,69.0,0.0,Personal Auto,Nevada,331.2,Four-Door Car
OA89218,1166057.3,College,F,21506.0,151.0,0.0,Personal Auto,Nevada,826.658992,Luxury
CY47265,288645.16,High School or Below,F,10312.0,78.0,0.0,Personal Auto,Oregon,486.278557,Four-Door Car
ZI47663,1274184.75,Bachelor,F,73054.0,106.0,0.0,Personal Auto,Arizona,419.365958,SUV
GO14008,539809.81,Bachelor,F,73775.0,67.0,0.0,Personal Auto,Oregon,321.6,Four-Door Car
BC43958,728503.1,High School or Below,M,44788.0,61.0,0.0,Corporate Auto,California,386.031248,Four-Door Car
AI61368,1765196.34,High School or Below,F,22510.0,95.0,0.0,Personal Auto,Nevada,456.0,Four-Door Car
UF37831,1702989.34,Master,M,54613.0,213.0,0.0,Personal Auto,Arizona,731.559007,Luxury
PO90615,249125.76,High School or Below,F,25965.0,65.0,0.0,Personal Auto,Arizona,329.206567,Four-Door Car
GY74661,403931.5,College,F,34911.0,105.0,0.0,Personal Auto,Oregon,126.779673,SUV
MX50302,261933.74,Bachelor,M,78618.0,66.0,0.0,Special Auto,Oregon,225.578841,Two-Door Car
TC84427,504968.96,High School or Below,F,61080.0,66.0,0.0,Personal Auto,Oregon,294.284951,Four-Door Car
IQ82914,498345.71,Master,F,60415.0,62.0,0.0,Personal Auto,Oregon,72.665253,Two-Door Car
TY74870,253063.94,Master,F,25143.0,66.0,0.0,Corporate Auto,California,8.737111,Four-Door Car
II83628,739671.97,College,M,41045.0,64.0,0.0,Personal Auto,California,394.582401,Four-Door Car
ZR77995,383289.85,College,M,97729.0,95.0,0.0,Personal Auto,California,97.176153,Four-Door Car
QT89604,496140.59,High School or Below,F,55702.0,61.0,0.0,Personal Auto,Arizona,151.13336,Four-Door Car
AB21519,386148.63,College,F,93272.0,95.0,0.0,Personal Auto,California,281.110788,Four-Door Car
MP47256,2265853.65,Bachelor,M,23665.0,67.0,0.0,Personal Auto,California,404.817249,Four-Door Car
MA47641,1040896.87,High School or Below,M,20228.0,101.0,0.0,Personal Auto,Oregon,523.815839,SUV
GQ20713,483471.05,College,F,38713.0,66.0,0.0,Personal Auto,Nevada,316.8,Four-Door Car
WW87934,825766.65,Bachelor,F,23815.0,73.0,0.0,Personal Auto,Arizona,424.330166,Four-Door Car
HF75276,305262.95,High School or Below,F,0.0,93.0,0.0,Personal Auto,Nevada,446.4,Four-Door Car
ET64028,401231.93,High School or Below,F,47221.0,99.0,0.0,Personal Auto,California,475.2,Two-Door Car
QA41472,1335548.64,Bachelor,M,34495.0,113.0,0.0,Personal Auto,Oregon,389.673944,SUV
OZ92426,236443.16,College,M,46264.0,62.0,0.0,Corporate Auto,Oregon,199.37361,Four-Door Car
UM69933,248933.79,College,M,46051.0,63.0,0.0,Personal Auto,Nevada,302.4,Two-Door Car
RQ11502,475572.0,Bachelor,F,23975.0,128.0,0.0,Corporate Auto,Nevada,614.4,SUV
TX98128,1386438.5,College,F,0.0,74.0,0.0,Personal Auto,California,580.886785,Four-Door Car
XY52165,302042.48,College,F,78561.0,74.0,0.0,Personal Auto,Arizona,355.2,Two-Door Car
GB39003,628530.52,High School or Below,M,0.0,90.0,0.0,Personal Auto,California,432.0,Two-Door Car
VH43367,250602.2,High School or Below,F,61402.0,63.0,0.0,Special Auto,California,302.4,Four-Door Car
KG81168,282630.76,Bachelor,M,65090.0,71.0,0.0,Personal Auto,Arizona,73.995096,Four-Door Car
WU14549,436971.79,Master,M,88495.0,108.0,0.0,Personal Auto,Nevada,535.926948,Two-Door Car
XB17553,1217458.8,Bachelor,M,52797.0,104.0,0.0,Personal Auto,Nevada,88.173438,Luxury
MY88518,352804.43,Doctor,M,31278.0,92.0,0.0,Personal Auto,Nevada,441.6,Two-Door Car
XE18554,1043657.47,Bachelor,F,24177.0,92.0,0.0,Personal Auto,California,441.6,Four-Door Car
NY97446,274612.14,High School or Below,F,96339.0,68.0,0.0,Corporate Auto,Oregon,293.205349,Four-Door Car
VT96364,917517.19,Bachelor,M,68164.0,119.0,0.0,Personal Auto,California,222.582872,Four-Door Car
HF88410,182071.5176145921,High School or Below,none,36765.0,66.0,0.0,Personal Auto,Washington,320.849072,Four-Door Car
DP92488,272752.08,Doctor,F,74592.0,67.0,0.0,Personal Auto,Washington,321.6,Two-Door Car
VC54081,944974.59,College,F,0.0,63.0,0.0,Special Auto,Oregon,117.744416,Four-Door Car
CE94751,456881.94,College,M,0.0,70.0,0.0,Personal Auto,California,524.836298,Two-Door Car
VM85856,257402.04,Master,F,34990.0,65.0,0.0,Personal Auto,Oregon,42.689135,Four-Door Car
EH37385,878988.41,Master,F,22849.0,109.0,0.0,Personal Auto,Arizona,523.2,Luxury
FI45719,250740.78,Doctor,M,32893.0,63.0,0.0,Personal Auto,Arizona,174.086385,Four-Door Car
SB79528,252241.46,College,M,0.0,73.0,0.0,Corporate Auto,Oregon,350.4,Two-Door Car
WH81461,754271.4,College,M,0.0,111.0,0.0,Personal Auto,Nevada,1186.972445,SUV
UD47050,600521.48,High School or Below,M,26876.0,76.0,0.0,Corporate Auto,Oregon,364.8,Four-Door Car
XZ17273,2099825.95,Bachelor,M,71663.0,74.0,0.0,Corporate Auto,Nevada,84.494022,Four-Door Car
XR97812,234508.45,College,M,0.0,69.0,0.0,Personal Auto,California,331.2,Four-Door Car
BW88060,878316.54,High School or Below,F,16994.0,112.0,0.0,Personal Auto,California,806.4,SUV
CP32818,452996.54,Bachelor,M,64270.0,117.0,0.0,Personal Auto,Oregon,46.104534,Luxury
CM52565,603322.24,High School or Below,F,0.0,83.0,0.0,Corporate Auto,Nevada,597.6,Four-Door Car
YP40334,530824.7,Doctor,F,0.0,145.0,0.0,Personal Auto,Oregon,358.765757,SUV
KD63998,267473.07,College,M,56342.0,69.0,0.0,Personal Auto,California,331.2,Four-Door Car
VC77127,492980.75,High School or Below,F,0.0,70.0,0.0,Personal Auto,California,837.438442,Four-Door Car
AM30008,1413112.13,High School or Below,M,28327.0,185.0,0.0,Personal Auto,California,888.0,Luxury
PC83755,247152.84,High School or Below,M,95697.0,61.0,0.0,Personal Auto,Oregon,114.273025,Two-Door Car
XS22323,600521.48,High School or Below,M,26876.0,76.0,0.0,Personal Auto,Arizona,364.8,Four-Door Car
ST27958,438627.76,College,M,10621.0,67.0,0.0,Personal Auto,Washington,321.6,Four-Door Car
BH23017,1911656.81,Bachelor,F,0.0,61.0,0.0,Personal Auto,Nevada,657.808231,Two-Door Car
OD18225,663166.55,College,M,32918.0,84.0,0.0,Personal Auto,California,403.2,Four-Door Car
VE31507,743229.99,High School or Below,F,0.0,71.0,0.0,Personal Auto,Oregon,447.333545,Four-Door Car
NR18672,292811.51,High School or Below,M,63127.0,74.0,0.0,Personal Auto,Nevada,174.292234,Two-Door Car
DM76654,4661187.38,College,M,22022.0,136.0,0.0,Personal Auto,California,979.2,SUV
YY11432,1651500.93,High School or Below,F,51725.0,138.0,0.0,Personal Auto,Oregon,159.004261,SUV
GK67747,438627.76,College,M,10621.0,67.0,0.0,Special Auto,Washington,321.6,Four-Door Car
XA75063,1021356.34,College,F,39719.0,131.0,0.0,Personal Auto,Oregon,628.8,Luxury
PQ13422,1004928.59,College,M,58194.0,84.0,0.0,Personal Auto,Nevada,450.996589,Four-Door Car
NA89685,574614.83,College,M,61990.0,72.0,0.0,Personal Auto,Oregon,48.884434,Four-Door Car
AL35726,374675.16,College,F,41479.0,94.0,0.0,Personal Auto,Oregon,19.575683,Two-Door Car
WO70078,748606.84,Bachelor,F,97899.0,95.0,0.0,Personal Auto,Oregon,3.772105,Four-Door Car
CA56041,912006.52,College,F,63878.0,113.0,0.0,Personal Auto,Nevada,370.285349,SUV
HI41970,567804.67,High School or Below,F,68671.0,70.0,0.0,Special Auto,Oregon,8.076879,Two-Door Car
AU46443,751708.38,Bachelor,F,0.0,102.0,0.0,Personal Auto,Nevada,1178.995926,SUV
WC35554,453053.07,College,M,34640.0,117.0,0.0,Personal Auto,Oregon,466.318191,Luxury
JR10216,269138.06,Bachelor,F,21959.0,71.0,0.0,Corporate Auto,California,340.8,Four-Door Car
OH11674,806862.39,Bachelor,F,51584.0,69.0,0.0,Corporate Auto,Arizona,368.919773,Two-Door Car
US85318,247857.67,Bachelor,F,65744.0,62.0,0.0,Corporate Auto,Oregon,166.507217,Four-Door Car
FS19862,911204.15,Bachelor,F,25198.0,118.0,0.0,Personal Auto,Arizona,566.4,SUV
ZP80713,277244.13,Master,F,79663.0,69.0,0.0,Personal Auto,Arizona,263.957201,Two-Door Car
OK50159,430579.32,Bachelor,F,31071.0,111.0,0.0,Personal Auto,Arizona,215.23091,Luxury
TP54769,510335.76,Bachelor,F,39452.0,131.0,0.0,Corporate Auto,California,398.190882,SUV
FS49381,478496.05,Bachelor,F,25813.0,61.0,0.0,Personal Auto,Oregon,205.332749,Four-Door Car
DQ79499,1054110.98,Doctor,F,59965.0,131.0,0.0,Personal Auto,Oregon,905.030448,SUV
VH31965,528511.87,Bachelor,M,40783.0,67.0,0.0,Personal Auto,Washington,321.6,Four-Door Car
VO25602,761084.05,College,F,98701.0,94.0,0.0,Personal Auto,Nevada,79.615631,Four-Door Car
EP93369,851052.59,College,F,0.0,121.0,0.0,Personal Auto,Arizona,871.2,Luxury
DQ45854,1617294.05,College,F,64388.0,68.0,0.0,Personal Auto,Oregon,12.394834,Four-Door Car
QG15661,242549.48,College,M,66841.0,62.0,0.0,Personal Auto,Oregon,123.436634,Four-Door Car
YA80645,289931.72,High School or Below,F,33738.0,74.0,0.0,Corporate Auto,Oregon,304.390472,Four-Door Car
TW16499,363305.4,Bachelor,M,43334.0,95.0,0.0,Corporate Auto,California,614.367195,Two-Door Car
UP97629,345715.42,College,F,0.0,91.0,0.0,Personal Auto,California,245.673365,Four-Door Car
NU42684,339472.03,College,F,83431.0,84.0,0.0,Personal Auto,Nevada,403.2,Four-Door Car
EM85557,802106.71,College,F,54292.0,67.0,0.0,Personal Auto,Washington,321.6,Four-Door Car
BM69818,584152.81,Bachelor,M,0.0,79.0,0.0,Personal Auto,Oregon,379.2,Four-Door Car
HK15299,547985.42,High School or Below,M,38210.0,69.0,0.0,Personal Auto,California,383.043363,Four-Door Car
NP88496,2045524.95,High School or Below,F,0.0,67.0,0.0,Personal Auto,Nevada,482.4,Four-Door Car
SB99002,831912.3,Bachelor,F,49734.0,69.0,0.0,Corporate Auto,Oregon,154.748539,Four-Door Car
ZH42145,258286.23,High School or Below,F,50148.0,65.0,0.0,Corporate Auto,Washington,323.485239,Four-Door Car
JG30837,416379.34,College,M,11689.0,117.0,0.0,Corporate Auto,Oregon,561.6,SUV
AC22873,485310.03,High School or Below,F,17120.0,125.0,0.0,Special Auto,Arizona,717.285949,SUV
RO85831,753169.73,High School or Below,M,82157.0,188.0,0.0,Corporate Auto,Oregon,1353.6,Luxury
NN65845,258593.7,Bachelor,F,21603.0,68.0,0.0,Personal Auto,Washington,326.4,Four-Door Car
RZ27571,269596.39,Bachelor,F,25544.0,68.0,0.0,Personal Auto,Washington,326.4,Four-Door Car
GH31557,268458.16,High School or Below,M,98121.0,67.0,0.0,Personal Auto,California,383.655742,Two-Door Car
MK73855,810936.46,High School or Below,F,32314.0,68.0,0.0,Personal Auto,Washington,326.4,Four-Door Car
IO27771,903665.76,College,F,89382.0,112.0,0.0,Corporate Auto,Oregon,573.990258,Four-Door Car
HB99061,535218.7,High School or Below,F,97742.0,132.0,0.0,Corporate Auto,Arizona,199.590599,SUV
HQ82089,1188096.62,High School or Below,F,0.0,114.0,0.0,Personal Auto,Arizona,820.8,Four-Door Car
JN72184,255709.43,College,M,0.0,73.0,0.0,Corporate Auto,Oregon,525.6,Four-Door Car
WQ46946,791482.31,College,F,77153.0,99.0,0.0,Personal Auto,California,355.641958,Four-Door Car
WJ44028,984008.26,Master,M,94590.0,81.0,0.0,Personal Auto,California,388.8,Two-Door Car
WH77063,435155.05,High School or Below,F,74163.0,108.0,0.0,Personal Auto,Arizona,518.4,Four-Door Car
FI13966,2220782.62,High School or Below,F,40450.0,287.0,0.0,Personal Auto,Oregon,1377.6,Luxury
AQ46199,482525.86,High School or Below,M,0.0,71.0,0.0,Personal Auto,Oregon,511.2,Two-Door Car
WV69362,694783.88,High School or Below,F,0.0,99.0,0.0,Corporate Auto,Arizona,475.2,Two-Door Car
RJ90816,334480.95,College,F,33243.0,85.0,0.0,Personal Auto,California,24.555177,Four-Door Car
NH19236,235750.31,Master,M,0.0,64.0,0.0,Personal Auto,Arizona,199.791024,Four-Door Car
VW88911,3594471.05,High School or Below,M,0.0,114.0,0.0,Corporate Auto,Oregon,820.8,Four-Door Car
NV14535,1040896.87,High School or Below,M,20228.0,101.0,0.0,Personal Auto,Nevada,523.815839,SUV
BM66931,404816.13,High School or Below,F,92801.0,100.0,0.0,Personal Auto,Arizona,407.045238,SUV
JW24035,685200.19,College,M,0.0,69.0,0.0,Personal Auto,Oregon,406.999443,Four-Door Car
PG82270,290302.42,College,M,36845.0,74.0,0.0,Personal Auto,California,355.2,Four-Door Car
RW65101,1803911.42,College,F,0.0,63.0,0.0,Personal Auto,California,503.204804,Four-Door Car
QO79771,324204.39,Master,F,72330.0,81.0,0.0,Personal Auto,California,126.509441,Four-Door Car
EC44438,246762.08,Bachelor,F,19352.0,65.0,0.0,Personal Auto,Nevada,724.463534,Four-Door Car
MW54213,567438.34,College,M,0.0,62.0,0.0,Personal Auto,Arizona,297.6,Four-Door Car
ZN33412,863435.6,College,F,25073.0,79.0,0.0,Personal Auto,Arizona,379.2,Four-Door Car
HZ56678,278019.69,High School or Below,F,20261.0,72.0,0.0,Personal Auto,Oregon,345.6,Four-Door Car
AN36757,2205600.5,Master,M,66851.0,92.0,0.0,Personal Auto,Oregon,408.550442,Four-Door Car
NB54665,251459.2,High School or Below,F,43860.0,65.0,0.0,Corporate Auto,Arizona,156.124914,Four-Door Car
MG99229,588622.11,College,M,0.0,180.0,0.0,Corporate Auto,Oregon,1777.471271,Luxury
MX76292,770603.63,Doctor,F,48019.0,64.0,0.0,Corporate Auto,California,137.665031,Four-Door Car
EJ90880,279045.82,College,M,28786.0,71.0,0.0,Personal Auto,California,345.619809,Four-Door Car
WO95180,239703.61,High School or Below,F,22283.0,65.0,0.0,Corporate Auto,California,572.072106,Four-Door Car
BU53191,883432.28,Bachelor,F,34133.0,111.0,0.0,Personal Auto,Arizona,226.9684,SUV
ZK54897,1443567.37,Master,M,60880.0,119.0,0.0,Personal Auto,Arizona,109.906628,Two-Door Car
PP48389,687196.66,Bachelor,F,0.0,196.0,0.0,Personal Auto,California,940.8,Luxury
XD29421,1536235.44,High School or Below,M,48115.0,192.0,0.0,Personal Auto,Oregon,1382.4,Luxury
OP26403,483479.75,College,F,32017.0,62.0,0.0,Personal Auto,California,297.6,Four-Door Car
XK15687,1089930.18,High School or Below,F,58518.0,136.0,0.0,Personal Auto,Oregon,323.637414,SUV
ED29955,528404.1,Bachelor,M,61542.0,67.0,0.0,Personal Auto,California,321.6,Four-Door Car
QT84720,289172.68,Bachelor,F,56761.0,73.0,0.0,Corporate Auto,Oregon,85.146928,Two-Door Car
ZH35315,490054.51,College,M,22976.0,66.0,0.0,Personal Auto,California,345.951322,Four-Door Car
EE76374,2084259.63,High School or Below,F,0.0,72.0,0.0,Personal Auto,Nevada,709.082334,Four-Door Car
SH51981,524605.72,College,M,70301.0,67.0,0.0,Personal Auto,Washington,328.942798,Four-Door Car
BS13111,663083.61,Bachelor,M,0.0,66.0,0.0,Personal Auto,Arizona,315.950185,Four-Door Car
JP12645,1203662.05,Bachelor,M,44428.0,104.0,0.0,Personal Auto,Arizona,499.2,SUV
ZF28570,389503.48,Bachelor,M,52361.0,102.0,0.0,Personal Auto,Nevada,645.952371,Four-Door Car
UU93074,1170106.99,College,M,32435.0,297.0,0.0,Personal Auto,California,1767.348807,Luxury
SZ60450,341910.87,High School or Below,M,40272.0,86.0,0.0,Personal Auto,California,23.387192,Two-Door Car
HL63895,730277.51,Master,M,30492.0,61.0,0.0,Personal Auto,Arizona,171.38289,Four-Door Car
UD27196,1968540.91,High School or Below,M,51524.0,244.0,0.0,Personal Auto,Arizona,1171.2,Luxury
OU53351,248606.49,College,M,36635.0,63.0,0.0,Corporate Auto,Arizona,302.4,Four-Door Car
SX50964,522432.88,Bachelor,F,83389.0,65.0,0.0,Corporate Auto,Arizona,209.25613,Two-Door Car
RP30093,4922143.07,Bachelor,F,63035.0,153.0,0.0,Personal Auto,Oregon,734.4,SUV
BK73302,316788.87,Bachelor,M,61638.0,82.0,0.0,Corporate Auto,California,544.340079,Four-Door Car
CS93971,780531.29,College,F,21073.0,106.0,0.0,Personal Auto,Arizona,508.8,SUV
RG13940,1319792.89,College,F,0.0,68.0,0.0,Personal Auto,California,326.4,Four-Door Car
ZG94155,623430.59,Bachelor,M,0.0,82.0,0.0,Personal Auto,Oregon,192.7604,Two-Door Car
QN15356,753960.06,College,M,0.0,74.0,0.0,Personal Auto,Arizona,532.8,Four-Door Car
MZ16820,815793.36,High School or Below,M,86811.0,102.0,0.0,Corporate Auto,Nevada,489.6,Four-Door Car
DO98345,1315674.9,High School or Below,M,72517.0,82.0,0.0,Personal Auto,Oregon,371.458196,Two-Door Car
PA48777,249125.76,High School or Below,F,25965.0,5353.0,0.0,Personal Auto,Washington,329.206567,Four-Door Car
UK76814,533938.84,Doctor,F,84424.0,66.0,0.0,Personal Auto,Oregon,231.537001,Four-Door Car
SR30440,864917.5,College,F,43383.0,109.0,0.0,Personal Auto,California,757.593913,SUV
XE66367,751913.36,High School or Below,M,96306.0,95.0,0.0,Special Auto,Oregon,185.355353,Four-Door Car
SZ70655,429300.96,College,F,0.0,61.0,0.0,Corporate Auto,California,292.8,Two-Door Car
UV54502,253774.45,High School or Below,F,0.0,69.0,0.0,Personal Auto,Washington,331.2,Four-Door Car
DK98861,1316033.89,College,F,94125.0,109.0,0.0,Personal Auto,Arizona,341.680131,SUV
JX14364,1323554.44,College,M,39778.0,112.0,0.0,Personal Auto,Oregon,806.4,SUV
LI85491,374457.77,High School or Below,F,0.0,101.0,0.0,Personal Auto,Oregon,727.2,SUV
JY87538,2848607.28,College,F,91871.0,102.0,0.0,Personal Auto,Oregon,346.845129,SUV
VE55982,264468.46,Bachelor,M,54000.0,66.0,0.0,Corporate Auto,Nevada,373.881547,Two-Door Car
WK99918,507328.21,Doctor,M,57709.0,125.0,0.0,Personal Auto,Oregon,600.0,SUV
XP16538,427258.51,High School or Below,F,81132.0,107.0,0.0,Corporate Auto,Arizona,419.105559,SUV
HW42900,1100301.65,College,M,22926.0,93.0,0.0,Corporate Auto,California,479.934846,Four-Door Car
JG84729,1418164.28,College,F,0.0,72.0,0.0,Personal Auto,Arizona,345.6,Four-Door Car
XH85336,554803.19,Bachelor,M,67798.0,69.0,0.0,Personal Auto,Washington,331.2,Four-Door Car
ND29059,1107768.59,Bachelor,M,78011.0,138.0,0.0,Personal Auto,Oregon,619.698644,SUV
HC76653,243568.9,College,M,32931.0,62.0,0.0,Personal Auto,Oregon,297.6,Four-Door Car
SG73822,874385.22,Bachelor,F,99517.0,109.0,0.0,Personal Auto,California,239.905208,Four-Door Car
CB44654,240976.09,Bachelor,M,59665.0,62.0,0.0,Personal Auto,Arizona,167.138119,Two-Door Car
MP53505,550001.25,High School or Below,F,86073.0,136.0,0.0,Corporate Auto,Washington,333.5671,Luxury
YJ43481,852828.87,High School or Below,F,91099.0,107.0,0.0,Corporate Auto,Arizona,406.430632,SUV
TP15362,359199.61,College,M,28013.0,91.0,0.0,Personal Auto,Oregon,655.2,Four-Door Car
YX90754,853982.69,High School or Below,F,55478.0,71.0,0.0,Personal Auto,Nevada,339.399593,Two-Door Car
TQ32702,699091.78,College,F,22568.0,88.0,0.0,Corporate Auto,Nevada,422.4,Four-Door Car
TS50305,397938.82,High School or Below,F,0.0,112.0,0.0,Personal Auto,California,806.4,SUV
BY22068,2395037.44,High School or Below,M,39335.0,201.0,0.0,Corporate Auto,Arizona,964.8,Luxury
TJ48439,232105.25,College,F,0.0,66.0,0.0,Personal Auto,Oregon,508.703134,Two-Door Car
TE61015,508702.05,College,M,0.0,72.0,0.0,Personal Auto,Oregon,345.6,Four-Door Car
RD89159,436293.12,College,M,58842.0,110.0,0.0,Personal Auto,Oregon,528.0,Four-Door Car
VW86720,745746.81,Bachelor,F,0.0,69.0,0.0,Personal Auto,Oregon,678.209827,Four-Door Car
UM76485,702775.96,College,M,0.0,102.0,0.0,Personal Auto,Oregon,489.6,SUV
LS62045,283168.37,Bachelor,F,70037.0,70.0,0.0,Personal Auto,Oregon,409.985435,Four-Door Car
ZG84862,421785.79,High School or Below,M,0.0,62.0,0.0,Personal Auto,Nevada,446.4,Two-Door Car
CD76093,759629.15,College,M,59847.0,192.0,0.0,Corporate Auto,Nevada,921.6,Luxury
FO99259,836567.76,Bachelor,M,26630.0,118.0,0.0,Personal Auto,California,581.077056,Four-Door Car
KN87338,272639.3,High School or Below,F,48039.0,68.0,0.0,Personal Auto,Oregon,11.451889,Four-Door Car
LT89398,342045.22,High School or Below,M,0.0,92.0,0.0,Personal Auto,California,441.6,Four-Door Car
NZ19529,483910.72,High School or Below,M,0.0,137.0,0.0,Personal Auto,Arizona,1227.458548,SUV
PR41853,435855.35,Bachelor,F,0.0,118.0,0.0,Corporate Auto,Arizona,101.826804,Luxury
ZF40671,1242739.37,Master,F,15818.0,107.0,0.0,Personal Auto,Washington,333.886816,Two-Door Car
XR84971,2351585.33,Doctor,F,36537.0,85.0,0.0,Personal Auto,Oregon,165.309001,Four-Door Car
BP83941,839632.76,Master,F,0.0,115.0,0.0,Personal Auto,Arizona,552.0,SUV
PY80449,517097.64,High School or Below,M,53603.0,132.0,0.0,Personal Auto,Arizona,697.272246,Luxury
ET22260,558530.81,Doctor,M,0.0,80.0,0.0,Corporate Auto,Nevada,6.281344,Four-Door Car
OF47250,863949.5,Doctor,F,92374.0,107.0,0.0,Personal Auto,California,220.018279,SUV
WB58031,528183.35,High School or Below,M,39658.0,66.0,0.0,Corporate Auto,California,316.8,Four-Door Car
UV80201,838525.23,Bachelor,F,0.0,116.0,0.0,Personal Auto,Oregon,556.8,Luxury
PY10605,463310.13,Bachelor,M,0.0,70.0,0.0,Personal Auto,Arizona,336.0,Two-Door Car
JI82682,248039.27,High School or Below,F,0.0,65.0,0.0,Personal Auto,California,328.314222,Four-Door Car
BU14748,361868.69,High School or Below,M,50755.0,91.0,0.0,Personal Auto,Arizona,436.8,Two-Door Car
QK18099,537584.28,College,F,69050.0,67.0,0.0,Personal Auto,Washington,334.892437,Four-Door Car
LD26428,489329.15,Bachelor,M,0.0,73.0,0.0,Corporate Auto,Oregon,680.047456,Four-Door Car
MY43761,1073768.43,High School or Below,M,50607.0,137.0,0.0,Personal Auto,California,657.6,SUV
WQ89892,260781.55,College,F,0.0,70.0,0.0,Special Auto,Washington,336.0,Two-Door Car
GY55415,1572525.05,Bachelor,F,0.0,149.0,0.0,Corporate Auto,Nevada,1072.8,SUV
IB42395,955341.55,College,M,0.0,146.0,0.0,Corporate Auto,Nevada,1051.2,SUV
ZU74482,750745.54,College,M,60920.0,64.0,0.0,Personal Auto,Oregon,231.201886,Two-Door Car
NL74789,732492.82,Bachelor,F,0.0,105.0,0.0,Special Auto,California,504.0,Two-Door Car
YU86594,533303.81,High School or Below,M,55674.0,66.0,0.0,Personal Auto,Oregon,81.710575,Four-Door Car
QN37451,1276723.06,College,M,0.0,189.0,0.0,Corporate Auto,California,2201.327879,Luxury
GD83998,265933.8,Bachelor,M,24495.0,70.0,0.0,Personal Auto,Washington,336.0,Four-Door Car
IL83479,348363.04,College,F,42983.0,86.0,0.0,Personal Auto,Oregon,412.8,Four-Door Car
EF87528,463654.65,College,M,26802.0,66.0,0.0,Special Auto,Arizona,316.8,Two-Door Car
IV74747,1753003.66,Doctor,M,0.0,97.0,0.0,Corporate Auto,California,469.229028,Four-Door Car
JZ81608,697871.98,High School or Below,M,53808.0,88.0,0.0,Personal Auto,Oregon,189.835063,Four-Door Car
EO40136,291224.84,College,F,93403.0,73.0,0.0,Personal Auto,Arizona,295.224598,Four-Door Car
ZR40902,420927.93,Bachelor,F,26435.0,111.0,0.0,Corporate Auto,Oregon,1012.249308,Four-Door Car
PO89542,500980.89,Bachelor,F,0.0,68.0,0.0,Personal Auto,Oregon,326.4,Four-Door Car
FX57380,521751.33,Bachelor,F,39854.0,66.0,0.0,Personal Auto,California,261.930545,Two-Door Car
NM22175,1149033.62,College,M,0.0,161.0,0.0,Personal Auto,Oregon,1052.933035,SUV
BC97773,286454.4,Master,F,91368.0,71.0,0.0,Personal Auto,Nevada,395.328407,Four-Door Car
MN34012,840391.02,Bachelor,M,0.0,115.0,0.0,Personal Auto,Arizona,552.0,SUV
KY29506,2039596.88,College,F,92850.0,104.0,0.0,Personal Auto,California,499.2,Four-Door Car
VU84949,529263.25,Bachelor,F,0.0,70.0,0.0,Personal Auto,Washington,336.0,Two-Door Car
HC20975,1672777.19,Bachelor,M,30915.0,72.0,0.0,Personal Auto,Arizona,345.6,Four-Door Car
IF87079,580112.83,Master,F,48927.0,72.0,0.0,Personal Auto,Arizona,139.354893,Four-Door Car
EP18940,947297.38,Bachelor,F,0.0,86.0,0.0,Personal Auto,Oregon,412.8,Four-Door Car
SB44003,1048491.54,College,F,61108.0,89.0,0.0,Personal Auto,Arizona,49.451117,Four-Door Car
MK15785,438731.09,Master,M,48015.0,110.0,0.0,Corporate Auto,Nevada,528.0,Luxury
VP89545,452288.35,College,M,0.0,61.0,0.0,Personal Auto,Arizona,292.8,Four-Door Car
HJ58678,541815.21,College,F,57587.0,68.0,0.0,Personal Auto,Nevada,257.090387,Four-Door Car
MW80236,182071.5176145921,Master,M,0.0,70.0,0.0,Personal Auto,Washington,336.0,Four-Door Car
IA52178,1578529.69,College,F,81119.0,196.0,0.0,Corporate Auto,Arizona,940.8,SUV
WC42895,2211039.8,Bachelor,F,65724.0,70.0,0.0,Personal Auto,California,14.518312,Four-Door Car
JP41935,1359619.97,High School or Below,M,20128.0,70.0,0.0,Personal Auto,Washington,336.0,Four-Door Car
YM77369,475612.62,High School or Below,M,56146.0,119.0,0.0,Corporate Auto,Oregon,401.785805,Four-Door Car
WV15213,244705.31,Bachelor,M,84658.0,62.0,0.0,Personal Auto,California,44.780402,Four-Door Car
GX37592,567592.33,College,F,33257.0,72.0,0.0,Personal Auto,Nevada,345.6,Four-Door Car
VM34210,739903.21,College,F,0.0,101.0,0.0,Personal Auto,Washington,337.617149,SUV
YJ59924,730843.39,College,M,31115.0,92.0,0.0,Personal Auto,Oregon,441.6,Four-Door Car
OO35641,3287174.78,College,F,78487.0,117.0,0.0,Personal Auto,Oregon,448.255019,SUV
EU54076,522892.01,Bachelor,M,92472.0,65.0,0.0,Corporate Auto,Oregon,240.221415,Four-Door Car
QH56750,2070086.45,High School or Below,M,0.0,64.0,0.0,Personal Auto,Arizona,460.8,Four-Door Car
PQ27923,633303.08,Master,M,71737.0,79.0,0.0,Personal Auto,Washington,338.79562,Two-Door Car
ES16126,433038.6,College,M,60475.0,107.0,0.0,Personal Auto,California,513.6,Four-Door Car
PG42834,629273.54,Bachelor,F,26577.0,79.0,0.0,Personal Auto,Arizona,73.719521,Four-Door Car
OY44814,491788.96,High School or Below,M,0.0,71.0,0.0,Personal Auto,Arizona,511.2,Two-Door Car
JI97190,516581.0,High School or Below,M,43461.0,64.0,0.0,Personal Auto,California,307.2,Two-Door Car
ZK61113,629159.0,High School or Below,M,0.0,94.0,0.0,Personal Auto,Oregon,676.8,Two-Door Car
MU88116,458267.42,Master,F,69085.0,113.0,0.0,Corporate Auto,Oregon,472.271907,Luxury
TP61305,606244.16,High School or Below,M,0.0,84.0,0.0,Personal Auto,California,604.8,Four-Door Car
ZY20779,497907.99,High School or Below,M,0.0,71.0,0.0,Personal Auto,Washington,340.8,Two-Door Car
KP65334,583056.14,College,F,0.0,77.0,0.0,Corporate Auto,California,783.431945,Four-Door Car
OH15677,374257.91,High School or Below,M,0.0,110.0,0.0,Personal Auto,California,1272.546918,Luxury
HB53755,384959.67,High School or Below,F,0.0,106.0,0.0,Personal Auto,Oregon,763.2,Luxury
UF77079,1526581.49,High School or Below,F,58361.0,95.0,0.0,Personal Auto,Arizona,43.599861,Four-Door Car
TD20252,531780.72,College,M,74092.0,67.0,0.0,Personal Auto,Arizona,321.6,Four-Door Car
TH68362,237480.92,College,F,0.0,64.0,0.0,Corporate Auto,California,380.822087,Four-Door Car
TO34442,553286.33,College,M,59768.0,71.0,0.0,Personal Auto,Washington,340.8,Four-Door Car
MP96373,571978.57,Master,M,54585.0,7575.0,0.0,Personal Auto,Washington,340.8,Two-Door Car
CV72453,451220.44,High School or Below,F,0.0,125.0,0.0,Corporate Auto,Oregon,900.0,SUV
OY92520,726480.39,Bachelor,F,12075.0,94.0,0.0,Personal Auto,California,451.2,Four-Door Car
UY95530,865886.38,College,M,62464.0,109.0,0.0,Personal Auto,California,400.181882,Luxury
FB84235,549894.07,College,M,22520.0,73.0,0.0,Personal Auto,Oregon,350.4,Four-Door Car
MJ14480,559938.29,High School or Below,F,35012.0,72.0,0.0,Personal Auto,Arizona,345.6,Four-Door Car
KW81128,1522819.87,College,F,95140.0,126.0,0.0,Personal Auto,Arizona,45.049185,Luxury
DQ98402,364483.36,High School or Below,F,82477.0,90.0,0.0,Corporate Auto,Nevada,432.0,Two-Door Car
WN53966,369344.08,Master,M,85871.0,92.0,0.0,Personal Auto,California,112.633539,Four-Door Car
QK69627,938816.29,High School or Below,F,75264.0,78.0,0.0,Personal Auto,Washington,343.340301,Four-Door Car
QC55306,3116269.33,High School or Below,M,83170.0,97.0,0.0,Personal Auto,Washington,344.118069,Four-Door Car
WV79842,928373.78,High School or Below,M,24314.0,235.0,0.0,Personal Auto,California,1128.0,Luxury
DF40318,255122.67,Master,M,79751.0,63.0,0.0,Corporate Auto,Oregon,392.235698,Two-Door Car
TN90661,581191.81,High School or Below,M,83318.0,72.0,0.0,Corporate Auto,Nevada,345.6,Four-Door Car
ZU88029,406467.06,Master,F,26161.0,109.0,0.0,Personal Auto,Oregon,594.444586,Luxury
TQ88221,284144.31,Bachelor,F,30473.0,72.0,0.0,Corporate Auto,California,450.080101,Four-Door Car
KH34667,683213.39,College,M,50472.0,87.0,0.0,Corporate Auto,Nevada,281.163705,Four-Door Car
HW54198,520197.14,Master,M,94186.0,64.0,0.0,Personal Auto,Nevada,135.340489,Four-Door Car
GZ79662,548458.82,High School or Below,M,47611.0,69.0,0.0,Corporate Auto,Arizona,593.654484,Four-Door Car
YA11342,767268.14,High School or Below,M,0.0,103.0,0.0,Personal Auto,California,518.720216,Four-Door Car
ZW18871,827248.54,High School or Below,M,91245.0,69.0,0.0,Corporate Auto,Oregon,19.251693,Four-Door Car
QZ17137,333067.28,High School or Below,F,45944.0,83.0,0.0,Personal Auto,Arizona,182.948495,Two-Door Car
UV53712,556245.64,College,F,59649.0,69.0,0.0,Personal Auto,California,167.738267,Four-Door Car
SJ43436,245273.86,Bachelor,F,52785.0,61.0,0.0,Corporate Auto,Oregon,45.721456,Two-Door Car
VW46878,792028.29,High School or Below,F,59648.0,66.0,0.0,Personal Auto,Oregon,316.8,Four-Door Car
TW91179,386148.63,College,F,93272.0,95.0,0.0,Corporate Auto,Oregon,281.110788,Four-Door Car
LG19551,576478.42,Bachelor,M,22134.0,72.0,0.0,Corporate Auto,Arizona,445.879224,Four-Door Car
AI49712,259389.79,High School or Below,F,0.0,72.0,0.0,Personal Auto,Washington,345.6,Four-Door Car
WN14473,288235.06,Master,M,87798.0,71.0,0.0,Personal Auto,Arizona,204.448708,Two-Door Car
WH62198,221318.79,Bachelor,M,0.0,63.0,0.0,Personal Auto,California,305.552429,Four-Door Car
SP85148,942962.94,Master,F,43811.0,117.0,0.0,Personal Auto,California,571.136574,Luxury
FB49203,623925.75,College,F,0.0,91.0,0.0,Corporate Auto,California,655.2,Two-Door Car
FF94341,766880.96,Bachelor,F,92456.0,95.0,0.0,Special Auto,Nevada,456.0,Four-Door Car
TS42594,1377097.62,High School or Below,F,59207.0,116.0,0.0,Personal Auto,California,556.8,Four-Door Car
IL43607,274284.43,High School or Below,F,64519.0,69.0,0.0,Corporate Auto,California,331.2,Four-Door Car
FL85008,1346692.07,High School or Below,F,11432.0,119.0,0.0,Personal Auto,Oregon,571.2,SUV
AN47199,885835.2,College,F,0.0,80.0,0.0,Personal Auto,Nevada,81.255741,Two-Door Car
SV28347,848533.0,High School or Below,M,32607.0,111.0,0.0,Corporate Auto,California,532.8,SUV
IC78105,774464.44,High School or Below,F,26444.0,196.0,0.0,Personal Auto,Arizona,940.8,Luxury
RB28630,589490.74,High School or Below,F,39381.0,74.0,0.0,Personal Auto,Oregon,355.2,Four-Door Car
KA32645,577068.41,College,M,0.0,83.0,0.0,Personal Auto,Nevada,946.345269,Four-Door Car
QD73891,526111.75,High School or Below,M,90217.0,66.0,0.0,Personal Auto,Oregon,316.8,Four-Door Car
LM58949,240353.95,High School or Below,M,24248.0,70.0,0.0,Personal Auto,Oregon,336.0,Four-Door Car
YG40323,912460.0,Bachelor,M,99368.0,113.0,0.0,Personal Auto,Arizona,82.427785,Four-Door Car
EP82214,2618080.53,High School or Below,F,68189.0,82.0,0.0,Special Auto,Arizona,343.121192,Four-Door Car
EO91797,1564125.86,Master,F,32370.0,130.0,0.0,Corporate Auto,Nevada,487.736171,SUV
RU50098,257402.04,Master,F,34990.0,65.0,0.0,Personal Auto,Arizona,42.689135,Four-Door Car
QW10541,531983.87,High School or Below,F,25714.0,67.0,0.0,Personal Auto,California,321.6,Two-Door Car
SB50826,749600.66,College,M,61091.0,95.0,0.0,Personal Auto,Oregon,409.868003,Two-Door Car
XX29952,1217458.96,College,M,88184.0,104.0,0.0,Personal Auto,Arizona,240.176533,Four-Door Car
AT93647,260557.08,College,F,60252.0,65.0,0.0,Personal Auto,California,182.436205,Four-Door Car
QP56563,270720.85,College,M,80985.0,67.0,0.0,Personal Auto,Oregon,124.933587,Four-Door Car
UF88986,279490.75,College,F,39783.0,72.0,0.0,Personal Auto,Washington,345.6,Two-Door Car
TY43440,881901.89,High School or Below,M,99845.0,110.0,0.0,Personal Auto,California,528.0,SUV
NJ15094,534599.46,Bachelor,F,0.0,72.0,0.0,Personal Auto,Washington,345.6,Four-Door Car
MM45334,816951.4,College,F,40803.0,71.0,0.0,Personal Auto,Oregon,122.912377,Four-Door Car
KH93988,770888.39,College,F,71134.0,98.0,0.0,Personal Auto,Oregon,196.37368,Two-Door Car
RY38931,552821.28,Bachelor,M,36088.0,72.0,0.0,Personal Auto,Arizona,345.6,Four-Door Car
CV48634,1212844.67,College,M,29431.0,103.0,0.0,Personal Auto,Nevada,237.896227,SUV
TN76120,552821.28,Bachelor,M,36088.0,72.0,0.0,Personal Auto,Washington,345.6,Four-Door Car
ZS96174,679684.48,College,M,17937.0,65.0,0.0,Personal Auto,Oregon,312.0,Two-Door Car
MI62456,286731.22,Bachelor,F,23376.0,78.0,0.0,Personal Auto,Arizona,374.4,Four-Door Car
DD44177,239557.0,Doctor,F,21986.0,63.0,0.0,Personal Auto,California,333.696228,Two-Door Car
NX31380,709416.77,Bachelor,F,23032.0,89.0,0.0,Corporate Auto,Arizona,427.2,Four-Door Car
KQ43374,412809.13,College,F,32114.0,104.0,0.0,Corporate Auto,Oregon,445.29049,SUV
XA54112,404693.61,Bachelor,M,13330.0,117.0,0.0,Corporate Auto,California,561.6,SUV
QB14087,486928.28,College,F,44934.0,61.0,0.0,Personal Auto,California,357.926979,Four-Door Car
FV42881,290215.19,College,F,96137.0,73.0,0.0,Corporate Auto,Oregon,67.490616,Two-Door Car
AV76907,428294.8,College,F,40864.0,109.0,0.0,Personal Auto,Oregon,166.937747,SUV
VM85555,775012.03,College,F,22668.0,67.0,0.0,Personal Auto,California,33.718553,Four-Door Car
ZU88113,662717.46,College,M,90751.0,82.0,0.0,Personal Auto,Oregon,315.826382,Two-Door Car
SZ75668,747460.58,College,M,44186.0,64.0,0.0,Personal Auto,Oregon,295.04969,Four-Door Car
MZ65087,556129.14,College,M,92678.0,70.0,0.0,Personal Auto,Oregon,34.689611,Four-Door Car
EL61402,609846.21,Bachelor,F,74257.0,76.0,0.0,Personal Auto,Arizona,214.586742,Four-Door Car
CJ31839,285952.89,Bachelor,M,99981.0,71.0,0.0,Special Auto,California,204.872273,Four-Door Car
XM11175,599442.46,College,M,0.0,91.0,0.0,Personal Auto,Arizona,655.2,Four-Door Car
LF41085,563524.95,College,F,19591.0,74.0,0.0,Personal Auto,Arizona,95.925021,Two-Door Car
MB19556,506720.83,College,F,29095.0,127.0,0.0,Personal Auto,California,664.280864,SUV
HC74532,226328.46,Bachelor,F,0.0,62.0,0.0,Corporate Auto,Oregon,389.750793,Four-Door Car
SB66770,1443567.37,Master,M,60880.0,119.0,0.0,Corporate Auto,Arizona,109.906628,Two-Door Car
JI25066,492839.71,Bachelor,F,61785.0,61.0,0.0,Personal Auto,AZ,271.10697,Two-Door Car
PY98958,1203662.05,Bachelor,M,44428.0,104.0,0.0,Special Auto,Oregon,499.2,SUV
RA65645,856476.82,High School or Below,M,95697.0,107.0,0.0,Personal Auto,California,178.006524,Luxury
FQ79356,236188.39,Bachelor,F,18064.0,63.0,0.0,Personal Auto,California,182.964184,Four-Door Car
TM25808,556569.33,High School or Below,M,74720.0,70.0,0.0,Personal Auto,California,200.812425,Two-Door Car
XO46388,514680.98,Bachelor,F,22594.0,67.0,0.0,Personal Auto,California,321.6,Four-Door Car
LB81265,293808.03,Bachelor,F,40987.0,73.0,0.0,Personal Auto,AZ,329.013275,Four-Door Car
JR38787,1443274.64,High School or Below,M,24561.0,126.0,0.0,Personal Auto,Nevada,853.473552,SUV
KZ22690,1302741.98,College,F,76456.0,83.0,0.0,Personal Auto,California,42.693918,Four-Door Car
NY49598,245198.88,College,M,65828.0,62.0,0.0,Personal Auto,California,297.6,Four-Door Car
KY39767,466198.41,College,F,0.0,68.0,0.0,Personal Auto,Oregon,489.6,Four-Door Car
YU35386,560001.02,Bachelor,F,63621.0,70.0,0.0,Personal Auto,AZ,444.620265,Four-Door Car
TF82172,401613.28,College,M,10074.0,107.0,0.0,Corporate Auto,AZ,108.995934,SUV
ER40041,2219580.3,College,F,78965.0,183.0,0.0,Personal Auto,Oregon,145.587985,Luxury
MS39869,734335.37,College,F,0.0,68.0,0.0,Personal Auto,Nevada,479.028818,Four-Door Car
PV77906,480451.43,Bachelor,M,23604.0,64.0,0.0,Corporate Auto,AZ,460.8,Two-Door Car
QF21045,273553.89,College,F,99205.0,68.0,0.0,Personal Auto,Oregon,323.246017,Two-Door Car
HF65914,694097.28,College,M,0.0,92.0,0.0,Personal Auto,AZ,441.6,Two-Door Car
AJ58038,239621.93,Bachelor,F,0.0,66.0,0.0,Corporate Auto,California,433.160284,Four-Door Car
ZR88383,538089.86,College,F,55350.0,67.0,0.0,Personal Auto,Nevada,321.6,Four-Door Car
OT49339,843281.57,College,M,21052.0,111.0,0.0,Corporate Auto,Oregon,453.578343,SUV
FI74985,755650.75,High School or Below,F,0.0,69.0,0.0,Personal Auto,Oregon,496.8,Four-Door Car
JW15301,778743.17,High School or Below,M,24664.0,69.0,0.0,Corporate Auto,AZ,496.8,Four-Door Car
PY20159,478781.29,College,M,45225.0,124.0,0.0,Corporate Auto,Nevada,209.176923,Luxury
NC42524,970764.76,College,M,30430.0,86.0,0.0,Special Auto,California,425.662574,Four-Door Car
ZG19911,255222.62,Bachelor,F,35149.0,64.0,0.0,Personal Auto,California,120.477298,Two-Door Car
DI89983,522342.93,Bachelor,M,16513.0,71.0,0.0,Personal Auto,California,340.8,Four-Door Car
IG56214,501044.93,High School or Below,M,10892.0,66.0,0.0,Personal Auto,Nevada,316.8,Four-Door Car
CA86085,560831.63,High School or Below,M,67176.0,72.0,0.0,Personal Auto,Washington,345.6,Four-Door Car
UO95739,445793.63,College,M,54704.0,113.0,0.0,Personal Auto,Oregon,468.176056,SUV
SB64873,820078.73,Doctor,M,25381.0,71.0,0.0,Personal Auto,Oregon,340.8,Four-Door Car
TE82896,274608.01,High School or Below,F,0.0,74.0,0.0,Personal Auto,Oregon,355.2,Four-Door Car
VY64199,1021577.92,Bachelor,F,18150.0,67.0,0.0,Corporate Auto,Oregon,220.304649,Four-Door Car
IE82679,245357.08,Bachelor,M,29735.0,69.0,0.0,Personal Auto,California,331.2,Four-Door Car
SL70257,587295.88,College,F,77156.0,73.0,0.0,Personal Auto,Nevada,445.817914,Four-Door Car
XJ85947,311892.79,College,F,88782.0,78.0,0.0,Personal Auto,Oregon,357.757645,Four-Door Car
EF84269,556865.65,College,F,51489.0,139.0,0.0,Personal Auto,California,236.739322,SUV
NY91328,902971.47,Bachelor,F,16972.0,125.0,0.0,Personal Auto,California,600.0,SUV
AT49447,759182.72,Bachelor,M,99359.0,95.0,0.0,Personal Auto,California,233.265397,Two-Door Car
BM70908,225531.29,College,M,58289.0,62.0,0.0,Personal Auto,AZ,297.6,Two-Door Car
GM63998,3261369.04,Doctor,F,45173.0,268.0,0.0,Personal Auto,Oregon,1286.4,Luxury
AR61426,944564.95,Bachelor,F,93246.0,78.0,0.0,Personal Auto,California,41.628869,Two-Door Car
CB62406,680359.68,High School or Below,M,43758.0,171.0,0.0,Corporate Auto,AZ,1129.929433,SUV
WH82416,976621.71,Bachelor,M,75651.0,81.0,0.0,Personal Auto,Oregon,375.11129,Four-Door Car
UI53874,729484.61,Doctor,F,0.0,67.0,0.0,Personal Auto,AZ,321.6,Four-Door Car
LM44949,568251.53,Doctor,F,36938.0,70.0,0.0,Special Auto,Oregon,244.801119,Four-Door Car
JR59597,633294.18,Bachelor,M,50843.0,82.0,0.0,Personal Auto,California,393.6,Two-Door Car
ZS22428,491657.7,Bachelor,F,21907.0,62.0,0.0,Personal Auto,California,2.96438,Four-Door Car
AZ34845,479824.09,Bachelor,F,77846.0,119.0,0.0,Personal Auto,California,342.471939,Luxury
XZ34917,564380.24,Bachelor,M,41043.0,72.0,0.0,Personal Auto,Washington,345.6,Four-Door Car
QU20310,924746.44,High School or Below,F,97030.0,76.0,0.0,Corporate Auto,AZ,416.637499,Four-Door Car
NQ42020,732292.89,High School or Below,M,80864.0,182.0,0.0,Personal Auto,Oregon,618.210272,Luxury
ZF40143,827590.01,College,F,48197.0,106.0,0.0,Personal Auto,Nevada,508.8,Four-Door Car
GU65780,563540.37,Doctor,M,70837.0,73.0,0.0,Personal Auto,California,362.743231,Four-Door Car
KY32675,1497028.51,High School or Below,M,85297.0,93.0,0.0,Special Auto,AZ,620.011594,Two-Door Car
ZX35838,933633.69,Master,F,70177.0,115.0,0.0,Personal Auto,Oregon,225.517666,Four-Door Car
LU42720,4835696.08,College,M,52499.0,138.0,0.0,Personal Auto,Nevada,1171.537594,SUV
FB25242,568691.53,College,M,63143.0,71.0,0.0,Corporate Auto,Oregon,340.8,Four-Door Car
RW51650,862283.54,Bachelor,M,97361.0,73.0,0.0,Personal Auto,Oregon,350.4,Four-Door Car
XX94684,507967.48,High School or Below,M,50052.0,130.0,0.0,Personal Auto,Nevada,624.0,Luxury
AH99727,562331.45,Bachelor,F,11612.0,71.0,0.0,Personal Auto,AZ,340.8,Four-Door Car
NZ85858,527001.36,High School or Below,F,78115.0,65.0,0.0,Personal Auto,AZ,255.454322,Four-Door Car
JU19953,862117.22,Master,F,81947.0,71.0,0.0,Personal Auto,California,203.993499,Two-Door Car
LC33025,791833.49,College,M,44698.0,211.0,0.0,Personal Auto,Oregon,1012.8,Luxury
BV86143,2103401.82,High School or Below,F,26876.0,66.0,0.0,Personal Auto,California,219.209762,Four-Door Car
AY88788,1541768.22,College,F,69841.0,192.0,0.0,Personal Auto,Oregon,878.812468,Luxury
OJ33945,869263.68,High School or Below,F,97768.0,72.0,0.0,Personal Auto,Oregon,151.843731,Two-Door Car
LO84523,650314.39,High School or Below,M,0.0,187.0,0.0,Personal Auto,Oregon,1588.682955,Luxury
HZ25580,239619.24,High School or Below,F,39062.0,61.0,0.0,Corporate Auto,Washington,346.991025,Two-Door Car
AR96516,591495.18,Bachelor,F,50217.0,74.0,0.0,Personal Auto,Oregon,355.2,Two-Door Car
JP69864,224844.96,Bachelor,F,24910.0,63.0,0.0,Personal Auto,Washington,347.857619,Four-Door Car
DL26809,682679.77,College,M,0.0,68.0,0.0,Personal Auto,Nevada,489.6,Two-Door Car
MV69686,398218.07,Doctor,F,38500.0,99.0,0.0,Corporate Auto,Oregon,423.286512,Four-Door Car
SC95565,288777.97,High School or Below,F,62018.0,71.0,0.0,Personal Auto,Nevada,293.865315,Two-Door Car
RL31641,225241.68,College,F,0.0,65.0,0.0,Personal Auto,Oregon,468.0,Two-Door Car
OH83248,845853.13,Master,M,57394.0,106.0,0.0,Personal Auto,California,316.492058,Four-Door Car
DB28979,747831.37,Bachelor,M,23530.0,65.0,0.0,Corporate Auto,California,312.0,Two-Door Car
ZS32263,378864.98,High School or Below,F,48887.0,95.0,0.0,Personal Auto,California,456.0,Four-Door Car
IY59173,522068.53,Master,F,68867.0,129.0,0.0,Personal Auto,Oregon,619.2,SUV
KL17620,713029.48,College,F,12062.0,63.0,0.0,Corporate Auto,California,302.4,Four-Door Car
CP28581,851359.27,College,M,59230.0,107.0,0.0,Personal Auto,AZ,245.076091,SUV
QR15592,566013.38,Bachelor,F,59586.0,72.0,0.0,Personal Auto,AZ,91.198362,Four-Door Car
RI85578,263814.01,Bachelor,F,79699.0,65.0,0.0,Personal Auto,Washington,348.82656,Two-Door Car
TG68823,531889.66,Bachelor,F,25134.0,67.0,0.0,Personal Auto,AZ,321.6,Four-Door Car
WO78310,416016.26,College,F,0.0,61.0,0.0,Personal Auto,Oregon,292.8,Four-Door Car
SC78905,223734.78,College,F,0.0,61.0,0.0,Personal Auto,Oregon,292.8,Four-Door Car
EL88957,346012.3,College,M,0.0,100.0,0.0,Personal Auto,California,720.0,SUV
SS54050,1600550.51,Bachelor,M,44901.0,70.0,0.0,Personal Auto,California,460.806124,Four-Door Car
ZV99487,698660.37,Bachelor,F,0.0,93.0,0.0,Personal Auto,AZ,149.269407,Four-Door Car
XI51746,882696.15,Bachelor,F,28463.0,113.0,0.0,Personal Auto,Oregon,324.317667,SUV
KG85675,472686.93,Bachelor,F,13037.0,124.0,0.0,Personal Auto,Nevada,839.348464,SUV
KK64803,2744347.48,High School or Below,M,82320.0,99.0,0.0,Personal Auto,California,475.2,Four-Door Car
OM80593,724731.35,Bachelor,F,0.0,104.0,0.0,Personal Auto,California,499.2,SUV
RL59810,513785.21,College,F,78460.0,64.0,0.0,Personal Auto,Oregon,203.568733,Four-Door Car
QQ53360,273905.72,College,M,0.0,92.0,0.0,Personal Auto,Nevada,657.290491,Two-Door Car
WR76339,509279.39,College,M,46922.0,64.0,0.0,Corporate Auto,California,403.385123,Two-Door Car
BA40043,579982.68,College,M,60689.0,74.0,0.0,Corporate Auto,California,5.746657,Four-Door Car
MK52197,550706.32,Master,F,0.0,71.0,0.0,Personal Auto,Nevada,340.8,Four-Door Car
SV48204,1048491.54,College,F,61108.0,89.0,0.0,Personal Auto,Oregon,49.451117,Four-Door Car
RJ79502,850128.0,Bachelor,M,98003.0,107.0,0.0,Personal Auto,AZ,449.408637,SUV
LY14355,293598.83,High School or Below,F,73847.0,73.0,0.0,Personal Auto,Washington,350.4,Two-Door Car
NL32558,650339.7,High School or Below,F,22081.0,84.0,0.0,Personal Auto,AZ,451.670309,Two-Door Car
CP92616,4680522.31,High School or Below,M,83006.0,235.0,0.0,Personal Auto,Nevada,1065.049894,Luxury
BP28492,483471.05,College,F,38713.0,66.0,0.0,Corporate Auto,AZ,316.8,Four-Door Car
MX28412,257532.37,College,F,28700.0,68.0,0.0,Personal Auto,Oregon,326.4,Four-Door Car
DT99586,3711165.95,Master,F,61552.0,115.0,0.0,Personal Auto,California,12.252847,SUV
IC41932,437119.04,College,M,56718.0,113.0,0.0,Personal Auto,Nevada,542.4,SUV
DA35744,1679633.6,Doctor,M,66776.0,71.0,0.0,Corporate Auto,Oregon,131.808343,Four-Door Car
GU96042,798850.64,High School or Below,M,58268.0,67.0,0.0,Corporate Auto,California,228.641342,Two-Door Car
UW98698,226984.11,College,M,0.0,68.0,0.0,Personal Auto,California,542.016902,Four-Door Car
SF32458,499147.2,Doctor,M,12608.0,66.0,0.0,Personal Auto,California,214.866605,Four-Door Car
OM85313,292193.09,Master,M,63499.0,73.0,0.0,Personal Auto,California,278.964095,Four-Door Car
MH81246,761319.31,High School or Below,M,36247.0,96.0,0.0,Corporate Auto,Oregon,329.522858,Four-Door Car
OH99089,582740.97,Master,F,30228.0,73.0,0.0,Personal Auto,California,163.345647,Four-Door Car
TG57800,260064.12,College,F,0.0,74.0,0.0,Personal Auto,Oregon,501.472124,Two-Door Car
GX19342,849146.57,High School or Below,F,0.0,116.0,0.0,Personal Auto,California,1193.115879,Four-Door Car
XE39286,977873.36,Bachelor,F,99364.0,121.0,0.0,Personal Auto,AZ,580.8,Luxury
JA93297,2265853.65,Bachelor,M,23665.0,67.0,0.0,Personal Auto,California,404.817249,Four-Door Car
II37789,1000402.76,College,F,0.0,94.0,0.0,Corporate Auto,AZ,807.168846,Four-Door Car
IC32996,487277.44,High School or Below,M,69247.0,61.0,0.0,Corporate Auto,Oregon,226.522147,Two-Door Car
LO67195,744481.46,College,F,56047.0,92.0,0.0,Corporate Auto,AZ,82.733588,Four-Door Car
PG93638,576111.12,College,M,28919.0,73.0,0.0,Personal Auto,Oregon,207.828024,Two-Door Car
OZ41737,536677.91,Doctor,F,0.0,70.0,0.0,Personal Auto,Oregon,223.174067,Four-Door Car
OY66019,625947.78,College,F,0.0,83.0,0.0,Personal Auto,Oregon,254.142365,Four-Door Car
CH73843,762358.07,High School or Below,M,69900.0,64.0,0.0,Personal Auto,AZ,33.97,Two-Door Car
XT93203,1096395.72,High School or Below,M,55687.0,276.0,0.0,Personal Auto,California,1324.8,Luxury
OR85652,742784.51,Bachelor,F,78294.0,92.0,0.0,Personal Auto,Oregon,181.148732,Four-Door Car
LR10110,550413.9,Bachelor,F,0.0,73.0,0.0,Corporate Auto,Washington,350.4,Four-Door Car
XK11432,466512.96,Bachelor,M,0.0,62.0,0.0,Personal Auto,AZ,297.6,Two-Door Car
OX24868,602184.25,High School or Below,F,0.0,168.0,0.0,Personal Auto,California,1476.670903,SUV
EZ74530,307410.55,High School or Below,M,0.0,104.0,0.0,Personal Auto,Nevada,748.8,Luxury
HP46467,495308.64,College,F,21385.0,127.0,0.0,Corporate Auto,Oregon,609.6,SUV
KP54476,778048.93,Master,M,87128.0,97.0,0.0,Personal Auto,California,495.612777,Two-Door Car
AI47152,799277.91,College,F,35434.0,66.0,0.0,Personal Auto,Nevada,297.051768,Four-Door Car
BU15334,417068.73,Master,F,29462.0,107.0,0.0,Corporate Auto,California,513.6,SUV
GD59796,2322823.67,College,F,53243.0,102.0,0.0,Personal Auto,Nevada,489.6,Four-Door Car
OX59701,544581.7,High School or Below,M,21006.0,139.0,0.0,Personal Auto,California,667.2,SUV
OD63728,455849.84,College,F,0.0,65.0,0.0,Personal Auto,California,312.0,Two-Door Car
JC38573,552821.28,Bachelor,M,36088.0,72.0,0.0,Corporate Auto,Oregon,345.6,Four-Door Car
RC11491,1039066.65,College,F,28948.0,131.0,0.0,Corporate Auto,Oregon,295.83086,SUV
RZ24101,714254.91,College,F,24417.0,185.0,0.0,Personal Auto,Nevada,888.0,SUV
OB88698,546954.3,High School or Below,M,67099.0,69.0,0.0,Personal Auto,Oregon,22.995594,Two-Door Car
IK92617,1162873.4,Bachelor,F,97830.0,96.0,0.0,Personal Auto,Oregon,298.362415,Four-Door Car
YH43996,1018965.43,College,M,0.0,101.0,0.0,Personal Auto,AZ,727.2,Four-Door Car
BJ65040,273343.19,High School or Below,F,93558.0,67.0,0.0,Personal Auto,AZ,478.234236,Four-Door Car
WY57101,401445.31,Doctor,F,37384.0,99.0,0.0,Personal Auto,AZ,475.2,Four-Door Car
OG77759,711953.19,Bachelor,M,28227.0,62.0,0.0,Personal Auto,AZ,551.28213,Four-Door Car
HN38084,1177279.07,High School or Below,M,51008.0,74.0,0.0,Corporate Auto,Nevada,355.2,Two-Door Car
GD11927,238179.08,High School or Below,M,78185.0,61.0,0.0,Personal Auto,California,292.8,Four-Door Car
MC20349,520835.39,Bachelor,F,0.0,74.0,0.0,Personal Auto,California,532.8,Four-Door Car
HM22034,501872.79,College,M,0.0,68.0,0.0,Personal Auto,Nevada,670.47746,Four-Door Car
KH48996,1190054.48,Bachelor,F,97205.0,100.0,0.0,Personal Auto,AZ,5.573179,Luxury
VF32979,580017.19,Bachelor,F,25472.0,73.0,0.0,Corporate Auto,Washington,350.4,Four-Door Car
LS90887,567438.12,Bachelor,F,26225.0,72.0,0.0,Special Auto,California,320.777404,Four-Door Car
EN72010,727143.4,College,M,20545.0,70.0,0.0,Personal Auto,Oregon,336.0,Two-Door Car
KH44031,316449.4,Master,F,0.0,83.0,0.0,Personal Auto,Oregon,398.4,Four-Door Car
GJ47896,266103.34,College,F,35503.0,67.0,0.0,Personal Auto,AZ,216.173135,Two-Door Car
GD87742,1414055.89,College,F,58988.0,118.0,0.0,Personal Auto,Oregon,566.4,Luxury
MD14027,765422.71,Bachelor,F,0.0,74.0,0.0,Personal Auto,Nevada,355.2,Two-Door Car
XA32915,219973.95,High School or Below,M,0.0,64.0,0.0,Personal Auto,Nevada,685.456738,Two-Door Car
XR52852,200435.07,College,F,0.0,66.0,0.0,Special Auto,Oregon,316.8,Four-Door Car
EZ48947,1311111.32,College,M,67197.0,111.0,0.0,Special Auto,Nevada,147.948783,SUV
OJ50322,1576260.35,High School or Below,M,39032.0,198.0,0.0,Personal Auto,Nevada,950.4,SUV
XB77333,1319792.89,College,F,0.0,68.0,0.0,Personal Auto,Oregon,326.4,Four-Door Car
QB58745,278753.98,High School or Below,M,34927.0,70.0,0.0,Personal Auto,California,242.491357,Two-Door Car
IG62421,343613.43,Doctor,M,30817.0,88.0,0.0,Personal Auto,Nevada,91.834668,Four-Door Car
SF29724,271336.8,Bachelor,F,31535.0,70.0,0.0,Personal Auto,California,90.525716,Four-Door Car
WM95454,286731.22,Bachelor,F,23376.0,78.0,0.0,Personal Auto,California,374.4,Four-Door Car
CB96381,1459024.58,College,F,46244.0,62.0,0.0,Corporate Auto,California,255.285875,Four-Door Car
MJ60422,665247.45,Bachelor,M,34886.0,84.0,0.0,Personal Auto,AZ,403.2,Two-Door Car
NC63295,244462.11,High School or Below,M,0.0,66.0,0.0,Corporate Auto,AZ,316.8,Four-Door Car
CM55703,289691.88,College,F,33746.0,74.0,0.0,Personal Auto,Washington,355.2,Two-Door Car
ZE76673,1097206.78,Doctor,M,24164.0,137.0,0.0,Personal Auto,Oregon,657.6,Luxury
TO60700,182071.5176145921,Bachelor,F,25859.0,74.0,0.0,Special Auto,Washington,355.2,Four-Door Car
WF34690,1935737.2,Bachelor,F,0.0,68.0,0.0,Personal Auto,Oregon,326.4,Four-Door Car
ZM28138,722712.04,Bachelor,F,40153.0,61.0,0.0,Personal Auto,AZ,340.07498,Four-Door Car
FI14842,785730.39,College,F,0.0,104.0,0.0,Personal Auto,Nevada,499.2,SUV
KC32511,518162.09,Master,F,97131.0,64.0,0.0,Personal Auto,Oregon,307.2,Four-Door Car
NE10467,428106.22,High School or Below,F,23712.0,106.0,0.0,Corporate Auto,AZ,508.8,SUV
PT93474,1151316.29,Bachelor,F,0.0,64.0,0.0,Personal Auto,Oregon,307.2,Four-Door Car
RL74454,514711.02,Bachelor,F,33171.0,65.0,0.0,Personal Auto,Nevada,236.643695,Four-Door Car
DQ31994,866349.76,College,F,0.0,83.0,0.0,Corporate Auto,Nevada,398.4,Four-Door Car
DN98431,253532.17,High School or Below,F,0.0,68.0,0.0,Corporate Auto,Oregon,326.4,Four-Door Car
EV53200,2150433.88,College,M,60228.0,112.0,0.0,Personal Auto,Nevada,286.102971,SUV
AJ89107,734932.85,High School or Below,M,27072.0,93.0,0.0,Personal Auto,AZ,565.336931,Four-Door Car
WS25565,850985.09,Master,M,26057.0,74.0,0.0,Personal Auto,California,523.888845,Four-Door Car
ZY33234,429718.91,High School or Below,F,66331.0,107.0,0.0,Personal Auto,Nevada,513.6,Two-Door Car
PS69748,871704.98,College,M,83846.0,74.0,0.0,Personal Auto,Washington,355.2,Four-Door Car
HL33607,871704.98,College,M,83846.0,74.0,0.0,Personal Auto,Washington,355.2,Four-Door Car
DG90902,1747664.14,College,F,45106.0,73.0,0.0,Personal Auto,California,350.4,Four-Door Car
SW96063,1047989.97,Bachelor,F,78435.0,130.0,0.0,Personal Auto,AZ,553.61131,SUV
CP19929,224257.44,Bachelor,F,0.0,63.0,0.0,Corporate Auto,California,453.6,Two-Door Car
KR50062,275445.68,College,M,79507.0,70.0,0.0,Personal Auto,Oregon,442.199439,Two-Door Car
CU19735,804120.06,High School or Below,M,44986.0,101.0,0.0,Corporate Auto,Arizona,624.023564,SUV
ST52914,604291.19,College,M,25899.0,79.0,0.0,Personal Auto,Arizona,568.8,Two-Door Car
WQ68301,282743.89,Bachelor,M,13610.0,74.0,0.0,Personal Auto,Oregon,355.2,Four-Door Car
LR33381,2204185.64,Doctor,M,0.0,65.0,0.0,Personal Auto,Nevada,312.0,Four-Door Car
UR36912,279680.22,Bachelor,M,77362.0,70.0,0.0,Personal Auto,California,386.599797,Two-Door Car
SK46419,407284.94,High School or Below,M,96443.0,102.0,0.0,Personal Auto,California,489.6,SUV
BY88757,518246.23,Master,M,0.0,135.0,0.0,Personal Auto,California,939.528475,SUV
ER65086,613166.32,Doctor,M,90778.0,76.0,0.0,Personal Auto,Nevada,62.291009,Four-Door Car
TP87527,239213.11,High School or Below,F,0.0,65.0,0.0,Corporate Auto,California,361.181122,Four-Door Car
VL80291,320966.3,Master,F,78494.0,79.0,0.0,Personal Auto,Nevada,122.305677,Two-Door Car
WL45773,280860.6,Doctor,F,83497.0,69.0,0.0,Special Auto,California,196.523187,Four-Door Car
TT36693,436293.12,College,M,58842.0,110.0,0.0,Personal Auto,Nevada,528.0,Four-Door Car
PT12544,688046.89,College,M,63935.0,87.0,0.0,Personal Auto,Arizona,221.61885,Four-Door Car
CI24326,359106.67,Bachelor,M,0.0,96.0,0.0,Personal Auto,Oregon,460.8,Four-Door Car
YQ73717,520125.22,High School or Below,M,0.0,69.0,0.0,Personal Auto,California,331.2,Four-Door Car
FG99706,552154.26,College,F,0.0,77.0,0.0,Personal Auto,Oregon,369.6,Four-Door Car
OM63414,507165.15,Bachelor,F,62258.0,65.0,0.0,Personal Auto,Arizona,117.450428,Two-Door Car
JQ74890,292168.14,Bachelor,M,0.0,80.0,0.0,Corporate Auto,Nevada,739.310493,Four-Door Car
FP93662,1580653.4,Master,F,58516.0,98.0,0.0,Corporate Auto,California,470.4,Two-Door Car
SA40041,574988.38,Bachelor,F,22814.0,73.0,0.0,Personal Auto,Washington,360.773462,Four-Door Car
EW82164,416741.96,Bachelor,F,56901.0,104.0,0.0,Personal Auto,California,499.2,SUV
KV99550,651495.4,High School or Below,M,0.0,61.0,0.0,Personal Auto,California,292.8,Four-Door Car
CA96230,918951.83,Doctor,M,99443.0,117.0,0.0,Personal Auto,California,228.049424,SUV
QN17712,823122.34,College,F,0.0,113.0,0.0,Personal Auto,Oregon,373.073162,SUV
KM79894,309517.54,Master,M,88246.0,77.0,0.0,Corporate Auto,Arizona,428.608683,Four-Door Car
KR25511,600521.48,High School or Below,M,26876.0,76.0,0.0,Corporate Auto,Washington,364.8,Four-Door Car
DZ45471,758211.38,College,M,64801.0,64.0,0.0,Personal Auto,Nevada,268.471802,Four-Door Car
DE18949,1634460.81,College,F,57029.0,68.0,0.0,Corporate Auto,Oregon,135.788525,Two-Door Car
BN74268,1176315.25,College,F,28045.0,99.0,0.0,Personal Auto,Arizona,475.2,Four-Door Car
QJ93301,405337.38,Master,M,44661.0,101.0,0.0,Personal Auto,Nevada,436.836944,Two-Door Car
OO92815,331115.79,High School or Below,F,21246.0,83.0,0.0,Personal Auto,Arizona,398.4,Four-Door Car
HV50891,352804.43,Doctor,M,31278.0,92.0,0.0,Personal Auto,Nevada,441.6,Two-Door Car
RK59543,559538.99,High School or Below,F,74454.0,71.0,0.0,Personal Auto,California,340.8,Four-Door Car
IH54239,508969.43,Master,M,62474.0,63.0,0.0,Personal Auto,California,112.120881,Four-Door Car
GB14456,2233716.31,High School or Below,M,0.0,130.0,0.0,Personal Auto,Nevada,1376.910777,SUV
RC95515,479283.05,College,M,20647.0,63.0,0.0,Personal Auto,Arizona,185.061408,Four-Door Car
TI61458,2778969.24,Bachelor,F,33806.0,89.0,0.0,Personal Auto,California,395.729716,Four-Door Car
RB49468,751166.06,Bachelor,F,0.0,70.0,0.0,Personal Auto,Oregon,340.201412,Four-Door Car
SJ18454,1876755.16,High School or Below,M,0.0,111.0,0.0,Personal Auto,Oregon,900.14526,Luxury
KC19420,498764.31,College,F,19589.0,127.0,0.0,Personal Auto,California,1027.010512,SUV
TP12241,512319.68,College,F,22338.0,67.0,0.0,Personal Auto,California,307.801098,Two-Door Car
BD89564,598977.39,College,M,66839.0,154.0,0.0,Personal Auto,Nevada,739.2,Luxury
EC71986,242928.05,High School or Below,F,26736.0,63.0,0.0,Personal Auto,Washington,367.92773,Four-Door Car
CJ97736,582818.22,College,F,31364.0,74.0,0.0,Personal Auto,Oregon,461.269135,Four-Door Car
QF59448,283158.77,College,M,17752.0,77.0,0.0,Personal Auto,Washington,369.6,Four-Door Car
YB70005,976793.69,College,M,36225.0,123.0,0.0,Special Auto,Oregon,221.048602,SUV
QI40455,1209791.22,Doctor,F,0.0,107.0,0.0,Personal Auto,Oregon,271.014511,SUV
YL72747,226531.86,High School or Below,M,0.0,61.0,0.0,Personal Auto,California,292.8,Four-Door Car
FL18392,571908.87,Bachelor,F,77601.0,71.0,0.0,Personal Auto,California,276.640352,Two-Door Car
AL21967,1017147.78,Master,M,74243.0,84.0,0.0,Corporate Auto,Oregon,71.311211,Four-Door Car
KC67431,1051715.64,College,F,46707.0,133.0,0.0,Personal Auto,California,80.70505,Luxury
EG40823,430347.14,Bachelor,F,0.0,116.0,0.0,Personal Auto,Oregon,765.566699,SUV
QO89177,1192675.33,College,M,50234.0,101.0,0.0,Personal Auto,California,484.8,Four-Door Car
AV72430,1653170.38,Master,M,75526.0,103.0,0.0,Personal Auto,Oregon,494.4,Four-Door Car
TL18087,305928.21,Bachelor,M,65083.0,77.0,0.0,Personal Auto,Washington,369.6,Four-Door Car
WI29961,543744.37,High School or Below,M,28343.0,69.0,0.0,Personal Auto,Nevada,331.2,Two-Door Car
ZR11692,510329.66,Bachelor,M,74948.0,64.0,0.0,Corporate Auto,California,216.744457,Four-Door Car
No36572,458310.09,High School or Below,M,22728.0,116.0,0.0,Personal Auto,Oregon,556.8,Four-Door Car
YZ56105,640962.75,High School or Below,F,0.0,99.0,0.0,Personal Auto,California,712.8,Two-Door Car
MN62189,899198.45,High School or Below,F,17331.0,117.0,0.0,Personal Auto,California,1138.255325,SUV
MQ32284,1223277.63,College,F,35133.0,102.0,0.0,Personal Auto,California,692.962785,SUV
NS38229,512603.89,College,F,63147.0,64.0,0.0,Personal Auto,Nevada,87.565229,Four-Door Car
IB41597,1101416.36,College,F,67575.0,91.0,0.0,Personal Auto,California,401.60781,Four-Door Car
IP68868,381961.95,High School or Below,M,0.0,111.0,0.0,Personal Auto,Oregon,799.2,Two-Door Car
EL70257,840439.51,High School or Below,F,48315.0,71.0,0.0,Personal Auto,California,340.8,Four-Door Car
NB27041,903567.11,High School or Below,F,34337.0,113.0,0.0,Corporate Auto,Arizona,542.4,Four-Door Car
BM28359,545370.76,High School or Below,M,33818.0,72.0,0.0,Personal Auto,Oregon,341.878002,Four-Door Car
VB77950,376636.66,High School or Below,F,22439.0,98.0,0.0,Personal Auto,California,470.4,Four-Door Car
PE47967,728393.44,College,F,79055.0,186.0,0.0,Personal Auto,Oregon,177.635183,Luxury
QR47308,274524.98,College,F,45191.0,69.0,0.0,Personal Auto,Nevada,330.782934,Four-Door Car
YU49449,262627.94,Bachelor,M,41990.0,66.0,0.0,Personal Auto,California,316.8,Four-Door Car
KN25124,245681.66,Master,F,50979.0,61.0,0.0,Personal Auto,Oregon,262.842655,Two-Door Car
HI51182,845367.77,College,F,59888.0,106.0,0.0,Personal Auto,Oregon,712.682559,Four-Door Car
MS18916,350856.95,College,M,20978.0,98.0,0.0,Personal Auto,California,1176.2788,Four-Door Car
IE40701,287735.43,High School or Below,M,32807.0,73.0,0.0,Personal Auto,California,350.4,Four-Door Car
UT48216,784016.58,College,M,58414.0,210.0,0.0,Personal Auto,Nevada,1008.0,Luxury
VN92740,277104.5,College,F,50071.0,71.0,0.0,Corporate Auto,Arizona,18.918935,Two-Door Car
IZ55070,533948.83,High School or Below,F,67796.0,69.0,0.0,Personal Auto,Nevada,331.2,Four-Door Car
HI74419,809287.7,College,M,50825.0,102.0,0.0,Personal Auto,Washington,369.614729,SUV
MP76478,864650.41,High School or Below,F,64125.0,108.0,0.0,Corporate Auto,Washington,369.818708,SUV
DY30071,565923.84,Bachelor,M,69387.0,71.0,0.0,Personal Auto,Oregon,71.517444,Four-Door Car
ZN24083,553246.23,Doctor,M,29084.0,71.0,0.0,Corporate Auto,Oregon,492.088331,Four-Door Car
JU74347,794351.33,Bachelor,M,60214.0,100.0,0.0,Corporate Auto,Oregon,291.287905,Luxury
YJ35850,977460.58,High School or Below,M,96018.0,122.0,0.0,Personal Auto,Oregon,390.88142,SUV
IE15348,406700.47,High School or Below,F,28466.0,102.0,0.0,Personal Auto,Washington,371.802628,SUV
GP67816,2320839.42,High School or Below,F,60233.0,116.0,0.0,Personal Auto,California,481.265179,Two-Door Car
PW51793,732589.27,Bachelor,M,52920.0,93.0,0.0,Personal Auto,Oregon,1101.05432,Four-Door Car
UF59346,417034.07,Bachelor,M,90310.0,104.0,0.0,Personal Auto,California,166.355491,SUV
FG29932,784016.58,College,M,58414.0,210.0,0.0,Special Auto,California,1008.0,Luxury
UX71137,887596.55,Doctor,F,69205.0,110.0,0.0,Personal Auto,Washington,372.362565,Four-Door Car
BY54111,1937890.78,High School or Below,M,21159.0,73.0,0.0,Personal Auto,Oregon,350.4,Four-Door Car
RM83767,597099.57,College,M,64008.0,85.0,0.0,Personal Auto,Washington,372.893812,Four-Door Car
PT15464,914887.79,Bachelor,F,68236.0,114.0,0.0,Personal Auto,Arizona,20.725611,SUV
BP92643,1377097.62,High School or Below,F,59207.0,116.0,0.0,Personal Auto,Arizona,556.8,Four-Door Car
BW94308,2009689.34,High School or Below,F,92766.0,71.0,0.0,Personal Auto,Washington,379.029102,Two-Door Car
GQ46925,582168.43,High School or Below,M,77563.0,143.0,0.0,Personal Auto,Arizona,545.999699,Luxury
RF14806,309580.34,College,F,33415.0,78.0,0.0,Personal Auto,Arizona,374.4,Four-Door Car
KJ23009,1059854.25,Bachelor,F,20179.0,133.0,0.0,Corporate Auto,California,638.4,SUV
IB81655,769512.3,Bachelor,M,50147.0,101.0,0.0,Personal Auto,California,484.8,SUV
SV62436,304179.16,Bachelor,none,13789.0,79.0,0.0,Personal Auto,Washington,379.2,Four-Door Car
HR64684,868982.25,Master,M,0.0,99.0,0.0,Personal Auto,Oregon,475.2,Four-Door Car
QS96715,813177.92,High School or Below,F,93715.0,102.0,0.0,Personal Auto,Nevada,254.83769,SUV
SW55711,381532.16,High School or Below,M,23540.0,103.0,0.0,Corporate Auto,Oregon,494.4,Two-Door Car
LZ19268,1163889.95,College,F,25370.0,102.0,0.0,Personal Auto,California,489.6,Luxury
FU74983,2280053.54,Bachelor,F,68771.0,96.0,0.0,Personal Auto,Nevada,276.268778,Four-Door Car
KB99097,446299.7,Bachelor,F,0.0,73.0,0.0,Special Auto,California,350.4,Two-Door Car
AP52126,1315183.2,College,F,68562.0,108.0,0.0,Personal Auto,Oregon,228.498823,SUV
EX61844,1401997.55,High School or Below,M,36733.0,71.0,0.0,Personal Auto,Arizona,327.078047,Four-Door Car
QC30857,293115.52,College,F,45768.0,73.0,0.0,Personal Auto,Nevada,191.934494,Two-Door Car
RT69513,477475.17,Bachelor,F,0.0,64.0,0.0,Personal Auto,California,307.2,Four-Door Car
HV85198,847141.75,Master,M,63513.0,70.0,0.0,Personal Auto,Arizona,185.667213,Four-Door Car
BS91566,543121.91,College,F,58161.0,68.0,0.0,Corporate Auto,Arizona,140.747286,Four-Door Car
IL40123,568964.41,College,F,83640.0,70.0,0.0,Corporate Auto,Nevada,471.050488,Two-Door Car
MY32149,368672.38,Master,F,0.0,96.0,0.0,Personal Auto,California,28.460568,Two-Door Car
SA91515,399258.39,Bachelor,M,0.0,111.0,0.0,Personal Auto,California,700.349052,SUV
SA25987,3479.137523,High School or Below,M,0.0,104.0,0.0,Personal Auto,Washington,499.2,Two-Door Car
TB86706,2502.637401,Master,M,0.0,66.0,0.0,Personal Auto,Arizona,3.468912,Two-Door Car
ZL73902,3265.156348,Bachelor,F,25820.0,82.0,0.0,Personal Auto,Nevada,393.6,Four-Door Car
KX23516,4455.843406,High School or Below,F,0.0,121.0,0.0,Personal Auto,California,699.615192,SUV
FN77294,7704.95848,High School or Below,M,30366.0,101.0,2.0,Personal Auto,California,484.8,SUV
VI78454,2750.705045,College,M,51789.0,70.0,0.0,Personal Auto,Arizona,336.0,Four-Door Car
FP59138,13024.13012,Master,M,0.0,125.0,0.0,Personal Auto,Oregon,900.0,SUV
XN62489,2538.62632,Bachelor,M,18608.0,71.0,0.0,Corporate Auto,Oregon,340.8,Four-Door Car
GP66031,2585.955652,College,F,83758.0,64.0,0.0,Corporate Auto,California,106.591949,Two-Door Car
IX68587,5096.673223,Master,F,22886.0,65.0,0.0,Personal Auto,Nevada,312.0,Four-Door Car
HX17929,10083.48688,High School or Below,F,11828.0,90.0,0.0,Personal Auto,California,571.479602,Four-Door Car
IC59236,4943.386117,College,F,44762.0,62.0,0.0,Corporate Auto,California,114.51444,Four-Door Car
VG31922,6516.214888,Bachelor,F,0.0,175.0,0.0,Personal Auto,Nevada,1221.143438,SUV
HP87787,8838.085637,Bachelor,M,82664.0,114.0,3.0,Corporate Auto,Arizona,133.425609,SUV
AL78075,3810.238281,High School or Below,M,0.0,108.0,0.0,Personal Auto,Oregon,777.6,Four-Door Car
WA97671,6334.466403,Bachelor,M,0.0,63.0,0.0,Personal Auto,Arizona,302.4,Four-Door Car
QZ77637,11665.09779,College,F,84978.0,72.0,1.0,Corporate Auto,Washington,166.77296,Four-Door Car
FP11777,10972.06778,Doctor,M,24164.0,137.0,0.0,Corporate Auto,California,657.6,Luxury
ID45268,6006.963446,College,F,0.0,80.0,0.0,Personal Auto,California,488.910614,Four-Door Car
AX86150,2656.713092,High School or Below,M,62777.0,67.0,0.0,Personal Auto,Washington,101.288069,Two-Door Car
MW57614,2359.423599,Bachelor,F,19864.0,63.0,0.0,Personal Auto,Arizona,352.394515,Four-Door Car
TJ30081,12036.62051,Bachelor,M,44428.0,104.0,0.0,Personal Auto,Arizona,499.2,SUV
FW44940,8467.387317,Bachelor,F,21139.0,113.0,0.0,Personal Auto,California,656.798232,Luxury
CS55808,9392.557553,College,M,0.0,88.0,0.0,Personal Auto,California,851.146266,Four-Door Car
WZ61178,5227.230377,Bachelor,F,11896.0,69.0,0.0,Personal Auto,California,476.254583,Two-Door Car
IV55977,2693.75925,Bachelor,M,0.0,73.0,1.0,Personal Auto,Oregon,350.4,Two-Door Car
YC67208,2227.072755,High School or Below,M,27972.0,61.0,0.0,Personal Auto,California,292.8,Four-Door Car
LZ89773,2326.864833,Doctor,M,0.0,62.0,0.0,Personal Auto,California,624.711448,Four-Door Car
IP52990,16794.31422,High School or Below,F,38399.0,106.0,0.0,Personal Auto,Oregon,368.890904,SUV
VF73104,5016.827946,High School or Below,F,20868.0,63.0,0.0,Personal Auto,Arizona,134.629643,Four-Door Car
OC80343,7757.924239,Bachelor,M,49682.0,101.0,0.0,Personal Auto,Oregon,198.84453,SUV
EL89222,8609.158215,Bachelor,F,79090.0,107.0,0.0,Personal Auto,California,289.040734,SUV
QB14114,5275.056933,High School or Below,F,81850.0,132.0,0.0,Personal Auto,Oregon,429.860895,Luxury
HM41195,5746.32619,High School or Below,M,22906.0,76.0,0.0,Personal Auto,Arizona,519.883102,Four-Door Car
JT41591,2705.987629,College,M,0.0,83.0,1.0,Personal Auto,Washington,398.4,Four-Door Car
HE15857,6186.265217,Bachelor,M,37138.0,83.0,2.0,Personal Auto,Washington,417.28389,Two-Door Car
KI64666,22445.28088,Bachelor,F,0.0,71.0,0.0,Personal Auto,Nevada,511.2,Four-Door Car
JC33752,6277.844624,College,F,21024.0,82.0,1.0,Personal Auto,Oregon,450.129276,Two-Door Car
JA25453,7215.821106,High School or Below,M,0.0,103.0,0.0,Personal Auto,California,741.6,Four-Door Car
AJ69778,6514.430592,High School or Below,F,77135.0,84.0,3.0,Personal Auto,Oregon,98.372265,Four-Door Car
FQ83162,34708.87261,College,M,0.0,109.0,0.0,Personal Auto,Washington,718.700718,Luxury
EY89842,4216.19522,Bachelor,M,0.0,114.0,0.0,Corporate Auto,Arizona,820.8,SUV
TG69238,13158.37206,Bachelor,F,72845.0,108.0,0.0,Personal Auto,Oregon,463.000336,SUV
UI63465,2917.539465,High School or Below,F,51622.0,74.0,0.0,Corporate Auto,Oregon,355.2,Four-Door Car
WX33904,6355.678846,Bachelor,M,0.0,61.0,0.0,Special Auto,Arizona,292.8,Two-Door Car
HA20933,13269.59942,Bachelor,F,15616.0,114.0,1.0,Personal Auto,Oregon,547.2,SUV
BU16704,5880.256499,High School or Below,F,0.0,82.0,0.0,Personal Auto,Oregon,590.4,Four-Door Car
JV68002,5926.729379,College,M,23091.0,96.0,5.0,Corporate Auto,Washington,460.8,Four-Door Car
PM78410,4121.252137,Bachelor,F,0.0,67.0,3.0,Personal Auto,Oregon,482.4,Two-Door Car
PU92298,7956.152761,Bachelor,F,22699.0,74.0,4.0,Personal Auto,Arizona,355.2,Four-Door Car
AA16582,24127.50402,Bachelor,M,14072.0,71.0,0.0,Personal Auto,Washington,511.2,Four-Door Car
AZ87715,26864.20332,High School or Below,F,81713.0,74.0,0.0,Personal Auto,California,332.224293,Four-Door Car
GI89160,31934.62164,Bachelor,F,56516.0,199.0,0.0,Personal Auto,California,955.2,Luxury
WV57813,5132.684537,Bachelor,F,0.0,73.0,0.0,Personal Auto,Oregon,525.6,Four-Door Car
EW86465,4759.624343,High School or Below,M,26747.0,61.0,0.0,Corporate Auto,Arizona,404.074203,Four-Door Car
UW70224,2637.942355,College,F,63422.0,66.0,0.0,Personal Auto,Oregon,355.922452,Four-Door Car
LU12532,6503.397049,High School or Below,F,22081.0,84.0,0.0,Personal Auto,California,451.670309,Two-Door Car
WD48852,12786.66898,College,F,0.0,180.0,0.0,Special Auto,Oregon,1296.0,Luxury
BH43379,3147.973444,Bachelor,F,29698.0,83.0,2.0,Personal Auto,Oregon,215.884804,Four-Door Car
GV59387,5618.485357,College,F,24518.0,74.0,0.0,Personal Auto,California,241.656325,Two-Door Car
LQ76410,3230.576665,College,M,62873.0,81.0,0.0,Special Auto,Arizona,207.75186,Four-Door Car
MF19231,7434.675149,Master,M,28377.0,94.0,0.0,Personal Auto,California,451.2,Four-Door Car
XS47087,11714.78278,College,M,21102.0,100.0,0.0,Personal Auto,Oregon,480.0,SUV
IL56791,2009.772923,Bachelor,M,0.0,65.0,2.0,Personal Auto,Oregon,312.0,Two-Door Car
UV88036,6625.472768,High School or Below,F,0.0,88.0,0.0,Personal Auto,Nevada,539.280951,Four-Door Car
SE76116,9567.711298,Bachelor,M,81410.0,119.0,0.0,Personal Auto,California,221.188327,SUV
GJ63103,18474.71111,High School or Below,F,27869.0,67.0,0.0,Personal Auto,Oregon,482.4,Two-Door Car
PL78574,12157.32992,High School or Below,M,57449.0,103.0,0.0,Personal Auto,Arizona,494.4,Four-Door Car
NV69875,2956.358303,High School or Below,M,40901.0,74.0,0.0,Corporate Auto,Oregon,13.628274,Four-Door Car
MC38650,3963.394851,High School or Below,M,88701.0,99.0,0.0,Personal Auto,Nevada,171.830049,Two-Door Car
No73819,10896.04838,Master,F,29365.0,137.0,0.0,Personal Auto,California,657.6,Luxury
OW84864,6081.048248,College,F,0.0,82.0,0.0,Personal Auto,California,393.6,Four-Door Car
BV91898,30141.61738,Bachelor,F,0.0,103.0,0.0,Personal Auto,Arizona,1060.310769,SUV
WQ54314,5737.233278,Bachelor,F,56455.0,73.0,2.0,Personal Auto,Oregon,350.4,Four-Door Car
NM57315,16979.79757,Bachelor,M,35095.0,73.0,0.0,Special Auto,California,525.6,Two-Door Car
JB51220,10915.35877,High School or Below,F,0.0,155.0,1.0,Corporate Auto,Oregon,1116.0,Luxury
EN77569,3808.122147,College,F,94903.0,94.0,0.0,Special Auto,Oregon,451.2,Two-Door Car
YP47665,5408.911507,Doctor,M,80192.0,67.0,0.0,Personal Auto,Washington,95.193157,Four-Door Car
QO54008,13419.39623,Master,M,0.0,122.0,0.0,Personal Auto,Oregon,827.786203,SUV
EQ59908,3237.996209,Master,M,60244.0,83.0,3.0,Corporate Auto,California,326.281835,Four-Door Car
YU72540,10357.62776,College,F,52735.0,65.0,0.0,Personal Auto,Arizona,123.512596,Four-Door Car
BZ50261,11619.91802,High School or Below,F,78275.0,72.0,0.0,Personal Auto,Arizona,25.336642,Two-Door Car
QE92747,8209.054963,Bachelor,F,77282.0,102.0,0.0,Corporate Auto,Oregon,489.6,Four-Door Car
KG83280,3096.511217,College,F,21604.0,79.0,0.0,Personal Auto,California,379.2,Four-Door Car
IL42365,4804.35851,High School or Below,F,51962.0,125.0,4.0,Personal Auto,Arizona,788.206874,Luxury
FI86516,4786.054889,Bachelor,F,0.0,68.0,0.0,Corporate Auto,Oregon,489.6,Four-Door Car
FV14881,15886.03136,Doctor,F,56362.0,197.0,1.0,Personal Auto,California,945.6,Luxury
RR54950,5285.079293,College,M,85753.0,66.0,1.0,Special Auto,Arizona,316.8,Four-Door Car
FC70869,2945.370362,High School or Below,F,36167.0,76.0,3.0,Personal Auto,Arizona,364.8,Two-Door Car
PB60303,18089.79629,Master,F,68568.0,223.0,1.0,Personal Auto,Oregon,1070.4,Luxury
HO50571,10208.92761,College,F,35482.0,129.0,0.0,Personal Auto,California,619.2,SUV
BH86846,20708.25881,High School or Below,M,92079.0,65.0,1.0,Corporate Auto,Washington,114.798771,Four-Door Car
PC42162,5247.852585,Bachelor,M,0.0,77.0,0.0,Personal Auto,Oregon,554.4,Two-Door Car
KD21661,5179.55248,College,M,0.0,165.0,2.0,Personal Auto,California,1188.0,SUV
FZ73016,4513.435299,Bachelor,F,34558.0,113.0,0.0,Personal Auto,California,376.529086,SUV
HJ19927,5297.625945,Master,M,14775.0,69.0,0.0,Personal Auto,Nevada,170.939409,Four-Door Car
RJ99408,5377.014781,High School or Below,M,35637.0,68.0,0.0,Personal Auto,California,326.4,Four-Door Car
EL81968,7661.388132,Bachelor,M,66726.0,97.0,1.0,Personal Auto,Oregon,335.840529,Two-Door Car
WU86174,2677.279707,Bachelor,F,0.0,72.0,0.0,Personal Auto,California,345.6,Four-Door Car
DN21342,6877.817669,College,F,0.0,96.0,0.0,Personal Auto,Oregon,460.8,Four-Door Car
PB60406,5714.232848,Doctor,F,79719.0,71.0,0.0,Personal Auto,California,425.924132,Four-Door Car
IY37465,4929.549699,Bachelor,M,25632.0,63.0,0.0,Corporate Auto,Arizona,351.270869,Two-Door Car
LF55270,10484.91535,College,F,61108.0,89.0,0.0,Personal Auto,Oregon,49.451117,Four-Door Car
UV69038,9490.406534,College,M,0.0,137.0,0.0,Corporate Auto,California,657.6,SUV
IS63925,7805.31287,College,F,21073.0,106.0,1.0,Personal Auto,Arizona,508.8,SUV
CQ21583,21274.34205,Doctor,M,17932.0,79.0,0.0,Personal Auto,Oregon,379.2,Four-Door Car
PR21713,5838.89915,High School or Below,M,81082.0,73.0,0.0,Personal Auto,Nevada,281.295903,Four-Door Car
XE10977,2677.495763,High School or Below,F,71684.0,66.0,0.0,Personal Auto,Oregon,196.065149,Two-Door Car
JG87029,2374.798861,High School or Below,M,57338.0,61.0,0.0,Personal Auto,Oregon,292.8,Two-Door Car
BK21146,22103.5072,College,M,0.0,102.0,0.0,Personal Auto,Arizona,489.6,SUV
WE19034,2427.770513,College,M,24409.0,62.0,0.0,Corporate Auto,Oregon,297.6,Four-Door Car
DF62718,7294.40195,High School or Below,F,83488.0,90.0,0.0,Personal Auto,California,432.784577,Four-Door Car
MS59254,11360.46496,High School or Below,M,0.0,104.0,0.0,Corporate Auto,Washington,773.346065,Two-Door Car
WC65050,2811.956395,Master,F,62537.0,71.0,1.0,Personal Auto,California,354.199664,Two-Door Car
ST27958,4386.277558,College,M,10621.0,67.0,0.0,Personal Auto,Washington,321.6,Four-Door Car
XZ81226,6446.918637,Bachelor,F,43478.0,80.0,0.0,Personal Auto,Arizona,384.0,Four-Door Car
TU53781,8427.172486,Bachelor,F,46503.0,215.0,1.0,Corporate Auto,Oregon,1032.0,Luxury
GC93551,5290.127299,High School or Below,F,27179.0,66.0,0.0,Personal Auto,Oregon,344.201601,Four-Door Car
MO33279,5592.455266,College,F,62229.0,70.0,0.0,Personal Auto,California,336.0,Two-Door Car
LD20926,18892.19767,Bachelor,F,0.0,92.0,1.0,Personal Auto,Arizona,441.6,Two-Door Car
PW90662,13623.62257,College,M,67060.0,126.0,4.0,Personal Auto,Oregon,339.000467,SUV
WS53288,25464.82059,College,F,13663.0,97.0,0.0,Personal Auto,Oregon,465.6,Four-Door Car
HE84643,2175.624856,High School or Below,F,0.0,63.0,0.0,Personal Auto,California,453.6,Four-Door Car
CL37990,6699.222525,Bachelor,F,0.0,99.0,1.0,Corporate Auto,Arizona,699.67536,Four-Door Car
HR87252,9043.678095,Bachelor,F,97745.0,113.0,0.0,Personal Auto,California,695.136477,Luxury
SB27146,4369.041685,High School or Below,F,26026.0,116.0,1.0,Personal Auto,Oregon,283.670312,Two-Door Car
KI58952,51337.90677,College,F,72794.0,164.0,1.0,Personal Auto,California,50.454459,SUV
RM21896,28699.89392,College,F,47730.0,91.0,0.0,Personal Auto,Oregon,219.440024,Four-Door Car
JS38272,4270.034394,College,M,0.0,122.0,0.0,Personal Auto,Arizona,725.870693,SUV
NJ15094,5345.994644,Bachelor,F,0.0,72.0,0.0,Personal Auto,Washington,345.6,Four-Door Car
MZ88454,4774.747415,Bachelor,F,0.0,70.0,0.0,Personal Auto,Oregon,336.0,Four-Door Car
PO27978,14727.50526,Doctor,F,97785.0,73.0,0.0,Personal Auto,Oregon,236.614219,Two-Door Car
VT28596,4755.47946,High School or Below,F,0.0,66.0,0.0,Personal Auto,California,712.309237,Four-Door Car
TI19722,3436.134281,Doctor,M,30817.0,88.0,0.0,Corporate Auto,Washington,91.834668,Four-Door Car
DO83038,8355.774443,College,F,64502.0,70.0,0.0,Personal Auto,California,39.336222,Two-Door Car
AG62087,3412.566597,Bachelor,M,30335.0,87.0,0.0,Corporate Auto,California,326.132867,Four-Door Car
BA56812,6185.337641,Master,M,21020.0,80.0,0.0,Corporate Auto,Oregon,178.371281,Four-Door Car
QF74147,8456.722498,College,F,84574.0,70.0,0.0,Special Auto,California,167.459769,Four-Door Car
RN88075,3021.938522,Bachelor,F,0.0,84.0,0.0,Personal Auto,Washington,700.725788,Two-Door Car
OG71924,6966.142868,Master,F,0.0,93.0,0.0,Personal Auto,Oregon,436.143226,Four-Door Car
YF87007,10083.48688,High School or Below,F,11828.0,90.0,0.0,Corporate Auto,Oregon,571.479602,Four-Door Car
ZL18631,2539.990699,College,F,54889.0,63.0,0.0,Personal Auto,Arizona,302.4,Four-Door Car
BZ71120,8456.455313,College,F,89918.0,105.0,0.0,Personal Auto,Oregon,367.230882,SUV
UP60200,26576.31541,Bachelor,M,87002.0,110.0,0.0,Personal Auto,California,199.851173,Two-Door Car
XZ64172,10963.95723,High School or Below,M,55687.0,276.0,0.0,Corporate Auto,Oregon,1324.8,Luxury
CA47176,9671.98323,Bachelor,M,17103.0,87.0,0.0,Personal Auto,Oregon,417.6,Two-Door Car
CI68869,1898.683686,College,F,0.0,70.0,5.0,Personal Auto,Arizona,702.020904,Two-Door Car
XT10744,8595.146838,College,M,28441.0,73.0,0.0,Special Auto,Arizona,686.020135,Two-Door Car
HT48275,5532.753182,Bachelor,M,91212.0,69.0,0.0,Personal Auto,Oregon,270.311239,Two-Door Car
HB48073,9371.773682,Bachelor,F,66325.0,117.0,0.0,Corporate Auto,Arizona,497.719213,SUV
MD43085,3975.321516,Doctor,F,67895.0,101.0,4.0,Personal Auto,Oregon,403.937672,Four-Door Car
NJ11986,4456.016549,Master,F,29550.0,114.0,1.0,Corporate Auto,Arizona,118.750512,Two-Door Car
HH55884,3495.891476,College,M,10275.0,97.0,0.0,Personal Auto,Arizona,465.6,Four-Door Car
JP69867,8512.13221,College,M,61725.0,106.0,0.0,Personal Auto,Nevada,508.8,Four-Door Car
FT86104,4650.063763,College,M,28215.0,65.0,0.0,Corporate Auto,California,468.0,Two-Door Car
GV39658,13523.12989,College,F,10563.0,121.0,0.0,Corporate Auto,Arizona,109.814874,SUV
GB66110,4422.409799,Bachelor,M,0.0,62.0,0.0,Personal Auto,California,722.432062,Two-Door Car
VD51297,7320.98824,College,M,99722.0,61.0,0.0,Personal Auto,California,292.8,Four-Door Car
EP29567,7031.463693,Master,M,16224.0,93.0,0.0,Corporate Auto,Washington,498.452698,Four-Door Car
PE59368,5123.484988,Bachelor,F,72096.0,64.0,0.0,Personal Auto,Washington,252.330905,Two-Door Car
DQ50538,9050.756606,Bachelor,M,63800.0,113.0,0.0,Personal Auto,Nevada,542.4,SUV
WP58340,10963.95723,High School or Below,M,55687.0,276.0,0.0,Personal Auto,Arizona,1324.8,Luxury
TM23788,6039.020697,High School or Below,M,0.0,89.0,1.0,Personal Auto,California,640.8,Four-Door Car
UF44021,2108.493744,Bachelor,M,0.0,61.0,0.0,Personal Auto,California,351.85681,Two-Door Car
WB96917,9875.092794,College,M,29598.0,87.0,0.0,Personal Auto,California,150.926696,Two-Door Car
MN95006,6928.601611,Bachelor,M,22907.0,180.0,2.0,Personal Auto,California,49.18776,Luxury
NP60037,14318.44839,Bachelor,M,22697.0,186.0,1.0,Corporate Auto,Oregon,892.8,Luxury
NQ71171,5107.071054,Bachelor,M,70174.0,64.0,0.0,Personal Auto,California,128.90032,Four-Door Car
SM58898,17223.89108,High School or Below,F,85378.0,107.0,0.0,Corporate Auto,California,513.6,SUV
FN98595,7516.831717,High School or Below,F,31477.0,94.0,0.0,Special Auto,Nevada,146.950756,Four-Door Car
TW94555,5389.499465,College,M,66429.0,136.0,0.0,Personal Auto,Nevada,57.712985,Luxury
XW60886,6275.155361,High School or Below,M,0.0,90.0,0.0,Personal Auto,California,900.242038,Four-Door Car
IE84844,4722.237214,High School or Below,F,0.0,65.0,0.0,Personal Auto,Nevada,655.489027,Four-Door Car
HY76810,6282.317743,Bachelor,F,0.0,172.0,0.0,Corporate Auto,Oregon,141.460349,SUV
JL41129,7986.191274,Bachelor,M,74217.0,100.0,0.0,Personal Auto,California,418.005524,SUV
OQ41280,6503.219978,High School or Below,M,46298.0,88.0,3.0,Corporate Auto,Nevada,128.292466,Four-Door Car
AP65984,4881.753428,College,F,0.0,135.0,0.0,Personal Auto,Oregon,648.0,SUV
EE99484,2514.59196,High School or Below,F,43860.0,65.0,0.0,Corporate Auto,Washington,156.124914,Four-Door Car
XM39121,7955.442668,College,F,0.0,69.0,0.0,Personal Auto,Arizona,331.2,Four-Door Car
DK49336,4809.21696,College,M,48029.0,61.0,0.0,Corporate Auto,Arizona,292.8,Four-Door Car
HB43486,9696.548818,College,F,86830.0,123.0,0.0,Personal Auto,Washington,480.533246,SUV
KB15252,8709.321889,College,F,0.0,77.0,0.0,Personal Auto,Arizona,509.100577,Two-Door Car
BN83547,2858.452328,High School or Below,F,40706.0,71.0,0.0,Personal Auto,Nevada,166.123172,Four-Door Car
MC55901,5233.949019,High School or Below,F,69231.0,65.0,0.0,Personal Auto,California,193.243084,Four-Door Car
PZ98142,13494.76017,College,F,0.0,132.0,0.0,Personal Auto,Arizona,950.4,SUV
GB43363,6870.607058,College,M,0.0,105.0,0.0,Personal Auto,Oregon,756.0,Four-Door Car
TH67541,5652.72374,High School or Below,F,16171.0,74.0,0.0,Corporate Auto,Arizona,311.004168,Four-Door Car
WC21901,2345.262087,College,M,51397.0,61.0,0.0,Personal Auto,Arizona,292.8,Four-Door Car
CL38124,19688.31898,Bachelor,F,83879.0,69.0,0.0,Personal Auto,Oregon,212.148485,Four-Door Car
XH89851,7247.206475,College,F,63267.0,92.0,0.0,Personal Auto,California,530.340202,Four-Door Car
KA58700,6085.304178,College,M,44712.0,82.0,2.0,Corporate Auto,Nevada,537.78416,Four-Door Car
ZB40259,5480.070226,Doctor,M,59311.0,69.0,0.0,Corporate Auto,California,14.812808,Four-Door Car
JV63229,6876.309925,Bachelor,M,81957.0,86.0,0.0,Personal Auto,Arizona,433.426544,Four-Door Car
SI31035,5368.887709,Doctor,M,59601.0,67.0,0.0,Personal Auto,Arizona,321.6,Four-Door Car
JW30054,8283.066678,High School or Below,M,71034.0,103.0,0.0,Corporate Auto,Oregon,494.4,Four-Door Car
AP56340,5384.671725,Bachelor,M,13103.0,72.0,0.0,Personal Auto,Washington,458.003651,Four-Door Car
FN44127,3508.569533,College,M,20978.0,98.0,1.0,Personal Auto,Oregon,1176.2788,Four-Door Car
QE79527,8427.172486,Bachelor,F,46503.0,215.0,1.0,Personal Auto,California,1032.0,Luxury
UP36767,4553.809528,College,M,61064.0,113.0,0.0,Personal Auto,California,539.774172,SUV
PG43749,4318.433036,College,F,17572.0,110.0,0.0,Personal Auto,Oregon,639.769748,Two-Door Car
LL96228,14091.19449,Master,M,99823.0,116.0,0.0,Corporate Auto,Oregon,250.183388,SUV
OV40993,8693.631249,College,F,17453.0,118.0,1.0,Personal Auto,Nevada,566.4,SUV
MA80983,6661.181553,College,M,55663.0,166.0,0.0,Personal Auto,Oregon,194.739777,SUV
SA54664,2654.380994,Master,M,73196.0,66.0,1.0,Personal Auto,Washington,85.809817,Four-Door Car
TW12556,4428.031583,High School or Below,F,58577.0,110.0,0.0,Personal Auto,Oregon,303.872752,SUV
TC88451,5738.277584,High School or Below,F,88055.0,71.0,0.0,Personal Auto,Nevada,337.727542,Four-Door Car
BL93659,5815.049178,Bachelor,M,0.0,80.0,0.0,Personal Auto,California,384.0,Four-Door Car
SI20178,4425.905071,High School or Below,M,80892.0,110.0,0.0,Personal Auto,California,528.0,SUV
KC50464,2574.020376,Master,F,34990.0,65.0,0.0,Corporate Auto,Arizona,42.689135,Four-Door Car
HG64216,2832.513487,College,M,37124.0,72.0,0.0,Personal Auto,California,430.518791,Two-Door Car
XM91056,4876.315707,High School or Below,F,22236.0,62.0,0.0,Personal Auto,California,409.425049,Two-Door Car
KN13494,5181.620895,Master,F,97131.0,64.0,0.0,Personal Auto,Washington,307.2,Four-Door Car
OC47565,5947.215835,College,F,67760.0,74.0,0.0,Special Auto,Oregon,465.278453,Four-Door Car
HH14259,2563.863345,Bachelor,F,0.0,69.0,0.0,Personal Auto,Arizona,97.691104,Four-Door Car
QF66741,15144.40954,College,M,0.0,62.0,1.0,Personal Auto,Nevada,307.649586,Two-Door Car
LY46898,5558.304507,High School or Below,M,37473.0,70.0,0.0,Corporate Auto,California,336.0,Four-Door Car
MK73855,8109.364607,High School or Below,F,32314.0,68.0,0.0,Personal Auto,Washington,326.4,Four-Door Car
HU82227,15638.57599,College,M,49214.0,102.0,3.0,Corporate Auto,Arizona,371.322406,Four-Door Car
FF75737,8334.317162,High School or Below,F,49851.0,69.0,1.0,Personal Auto,Oregon,331.2,Four-Door Car
KJ50265,10418.31143,High School or Below,M,27951.0,91.0,0.0,Personal Auto,Washington,436.8,Four-Door Car
OQ82364,6846.150323,Bachelor,F,0.0,95.0,0.0,Corporate Auto,Nevada,456.0,Two-Door Car
SO47345,9403.875138,Master,F,56410.0,117.0,0.0,Personal Auto,Arizona,523.99823,SUV
JN51592,16985.49688,Bachelor,F,22497.0,212.0,0.0,Special Auto,Arizona,1017.6,Luxury
FH36069,21101.21422,College,F,61347.0,106.0,0.0,Personal Auto,Arizona,604.237801,SUV
ZW32080,2914.955295,Bachelor,F,37803.0,74.0,0.0,Personal Auto,Nevada,355.2,Four-Door Car
ZH98656,8593.866533,Master,F,91276.0,105.0,0.0,Personal Auto,Nevada,504.0,SUV
GZ31904,6861.745956,College,M,30816.0,87.0,0.0,Personal Auto,Oregon,237.57033,Two-Door Car
PN47493,2680.900678,College,F,41968.0,67.0,0.0,Corporate Auto,Oregon,183.207703,Four-Door Car
CX18273,15797.98978,Master,M,35754.0,199.0,0.0,Personal Auto,Arizona,612.973779,Luxury
IG80173,2863.312165,Master,F,36706.0,71.0,0.0,Personal Auto,California,435.606086,Four-Door Car
JG76775,30061.69259,High School or Below,M,48258.0,249.0,0.0,Personal Auto,Washington,1195.2,Luxury
JR82641,10682.7619,Master,M,52965.0,134.0,3.0,Personal Auto,Arizona,83.815183,SUV
NW41789,2746.90319,Bachelor,M,0.0,84.0,0.0,Personal Auto,Oregon,604.8,Four-Door Car
VG74039,2388.949198,Bachelor,F,0.0,65.0,0.0,Personal Auto,Oregon,455.644704,Four-Door Car
DV27428,13776.74135,High School or Below,M,62634.0,116.0,0.0,Personal Auto,Oregon,122.017931,SUV
AN57220,17263.64048,Bachelor,F,96917.0,61.0,0.0,Special Auto,Oregon,71.942176,Four-Door Car
VD62056,4669.22664,High School or Below,F,76157.0,116.0,0.0,Personal Auto,Arizona,556.8,Two-Door Car
AH92481,4673.196379,College,F,53219.0,117.0,0.0,Corporate Auto,California,561.6,SUV
LX97765,4347.591949,College,F,81412.0,109.0,0.0,Personal Auto,Arizona,344.294164,Two-Door Car
JP82211,33873.18123,College,F,59744.0,105.0,0.0,Personal Auto,California,476.486416,SUV
SI88726,9100.787395,College,F,38898.0,117.0,0.0,Corporate Auto,California,561.6,SUV
MG46007,6358.251692,High School or Below,M,0.0,94.0,2.0,Personal Auto,California,17.938979,Four-Door Car
GL69461,2628.468543,College,F,99961.0,66.0,2.0,Personal Auto,Oregon,316.8,Four-Door Car
RA63927,7193.101159,High School or Below,M,30886.0,91.0,0.0,Personal Auto,Oregon,103.424766,Two-Door Car
UE76013,5039.869278,Master,F,35984.0,128.0,3.0,Personal Auto,Washington,275.577631,SUV
RI35792,3962.825542,College,F,0.0,125.0,4.0,Personal Auto,Nevada,539.5622,SUV
WL63802,6425.709981,High School or Below,M,0.0,181.0,0.0,Personal Auto,California,1303.2,Luxury
KZ29413,15672.69696,Master,M,0.0,139.0,0.0,Personal Auto,Oregon,667.2,SUV
SN23932,3237.996209,Master,M,60244.0,83.0,3.0,Personal Auto,Arizona,326.281835,Four-Door Car
YW26148,12992.27561,High School or Below,F,0.0,72.0,0.0,Personal Auto,California,518.4,Four-Door Car
LS51818,22217.96796,College,F,37553.0,187.0,0.0,Personal Auto,California,897.6,Luxury
ZG47195,4931.258363,College,M,0.0,73.0,0.0,Personal Auto,Nevada,525.6,Four-Door Car
No50634,4330.38602,College,M,60475.0,107.0,0.0,Personal Auto,Oregon,513.6,Four-Door Car
GC42314,8296.176276,Doctor,M,0.0,111.0,0.0,Personal Auto,Arizona,672.91665,SUV
SD77009,8334.359986,College,M,0.0,136.0,2.0,Personal Auto,California,979.2,SUV
OW85480,5348.071007,Master,M,25545.0,69.0,0.0,Personal Auto,California,331.2,Four-Door Car
SW93780,2398.740007,Master,M,24182.0,66.0,0.0,Personal Auto,Arizona,316.8,Four-Door Car
ZW51071,6622.05254,High School or Below,F,80979.0,84.0,2.0,Personal Auto,Oregon,25.961213,Four-Door Car
CK74127,4155.946211,Bachelor,M,0.0,62.0,0.0,Corporate Auto,Arizona,446.4,Four-Door Car
KM52241,8430.059143,High School or Below,F,0.0,74.0,0.0,Personal Auto,Arizona,47.502366,Four-Door Car
PE66545,2545.518369,Bachelor,M,29250.0,64.0,0.0,Personal Auto,Oregon,308.240792,Two-Door Car
GG70928,5004.583872,Master,F,33566.0,63.0,1.0,Personal Auto,California,205.043307,Four-Door Car
GI36262,2899.702858,College,F,65247.0,72.0,0.0,Corporate Auto,Washington,381.238176,Four-Door Car
MH85165,6767.806751,High School or Below,M,39650.0,86.0,0.0,Personal Auto,California,922.335972,Four-Door Car
AM26717,3123.080994,Bachelor,M,0.0,101.0,4.0,Personal Auto,California,960.115399,SUV
CV90092,8184.691323,College,M,82680.0,68.0,0.0,Corporate Auto,Oregon,326.4,Four-Door Car
CL70684,7636.279594,High School or Below,M,0.0,111.0,0.0,Corporate Auto,California,799.2,Two-Door Car
GK13851,9227.567263,College,M,0.0,129.0,0.0,Personal Auto,Oregon,619.2,SUV
TQ73726,7587.337272,Bachelor,M,0.0,69.0,0.0,Personal Auto,Oregon,460.741097,Two-Door Car
RW65977,2191.133237,College,M,0.0,61.0,1.0,Special Auto,Arizona,439.2,Four-Door Car
EY74093,5004.135361,High School or Below,M,86834.0,64.0,0.0,Corporate Auto,Nevada,0.099007,Four-Door Car
YG11074,4794.931261,Bachelor,F,46143.0,122.0,0.0,Personal Auto,Arizona,223.028356,SUV
HW65139,26730.06042,Doctor,M,21275.0,240.0,0.0,Personal Auto,California,1152.0,Luxury
BT49333,4260.765808,High School or Below,M,47746.0,106.0,0.0,Personal Auto,Arizona,246.696768,SUV
KN78424,15477.27854,College,M,51675.0,196.0,0.0,Corporate Auto,California,940.8,Luxury
TH68648,5126.836814,College,M,85522.0,64.0,0.0,Personal Auto,California,165.002742,Four-Door Car
GZ22403,4068.092649,High School or Below,M,0.0,63.0,4.0,Personal Auto,Oregon,753.22565,Two-Door Car
NU26460,17712.20524,College,F,0.0,84.0,0.0,Corporate Auto,Oregon,633.294203,Four-Door Car
PB21909,9775.816061,Bachelor,M,55632.0,123.0,0.0,Personal Auto,Oregon,478.609999,SUV
TA78865,20534.39224,High School or Below,M,0.0,93.0,0.0,Special Auto,Nevada,669.6,Four-Door Car
FP23103,5800.188903,Bachelor,M,0.0,78.0,0.0,Special Auto,Oregon,374.4,Two-Door Car
YK43172,3319.620511,Bachelor,M,69152.0,89.0,4.0,Personal Auto,Arizona,221.359492,Four-Door Car
YZ36062,6529.431827,Bachelor,M,13476.0,67.0,2.0,Corporate Auto,Oregon,433.588181,Four-Door Car
SJ29837,7602.663689,High School or Below,F,0.0,105.0,0.0,Personal Auto,Washington,914.538629,SUV
RC72799,2839.808041,College,F,33252.0,71.0,0.0,Personal Auto,Oregon,407.668083,Four-Door Car
AN67558,3288.209809,College,M,0.0,102.0,1.0,Personal Auto,Nevada,734.4,SUV
EQ62488,15031.5645,College,F,59456.0,189.0,0.0,Personal Auto,Oregon,907.2,Luxury
OA92714,5055.902381,Bachelor,F,88989.0,63.0,1.0,Personal Auto,California,232.745161,Four-Door Car
QS76805,8012.917253,High School or Below,M,0.0,107.0,0.0,Corporate Auto,Arizona,513.6,SUV
PQ46798,8300.70769,College,F,17034.0,113.0,0.0,Personal Auto,California,542.4,Luxury
IA56290,2516.103555,College,F,88435.0,62.0,0.0,Personal Auto,Arizona,136.263492,Four-Door Car
XU35186,2749.407985,High School or Below,F,71445.0,70.0,2.0,Personal Auto,California,336.0,Four-Door Car
DR84620,8071.334962,Bachelor,M,72149.0,101.0,0.0,Personal Auto,California,69.310166,SUV
QG27547,2867.312197,Bachelor,F,23376.0,78.0,0.0,Personal Auto,Oregon,374.4,Four-Door Car
NM95102,7285.030983,High School or Below,M,44788.0,61.0,0.0,Personal Auto,Oregon,386.031248,Four-Door Car
KZ26788,4118.588554,Bachelor,F,69379.0,103.0,0.0,Personal Auto,Washington,494.4,Two-Door Car
GW25077,5293.368089,Bachelor,F,38521.0,134.0,0.0,Personal Auto,Oregon,557.184015,SUV
ZU91897,13265.96256,High School or Below,M,34482.0,67.0,0.0,Personal Auto,California,83.830109,Four-Door Car
ZK38095,2369.439009,Bachelor,F,0.0,68.0,0.0,Personal Auto,California,487.345606,Four-Door Car
TY84623,9816.528302,College,M,37256.0,62.0,0.0,Corporate Auto,California,128.969729,Four-Door Car
IP69763,21914.40548,College,F,77311.0,181.0,0.0,Personal Auto,Washington,113.609508,SUV
NF90665,5143.88351,Bachelor,M,39268.0,66.0,1.0,Personal Auto,Oregon,188.870427,Four-Door Car
KG53186,3136.698216,College,M,59644.0,79.0,0.0,Corporate Auto,Nevada,379.2,Four-Door Car
KV57104,7713.819259,High School or Below,F,0.0,68.0,0.0,Personal Auto,Oregon,326.4,Four-Door Car
ZX93551,2867.312197,Bachelor,F,23376.0,78.0,0.0,Personal Auto,Arizona,374.4,Four-Door Car
TR18337,11516.40557,College,F,50854.0,73.0,0.0,Personal Auto,Nevada,101.489422,Four-Door Car
XV22744,15025.19126,Bachelor,F,35158.0,76.0,0.0,Personal Auto,Oregon,165.958605,Four-Door Car
KK27683,4013.849907,High School or Below,F,15413.0,106.0,0.0,Personal Auto,Nevada,508.8,SUV
HX11651,3288.825448,College,M,17860.0,99.0,2.0,Personal Auto,Oregon,656.122925,Two-Door Car
FD73388,13736.1325,Master,F,16181.0,181.0,0.0,Personal Auto,Arizona,1261.319869,SUV
KF70569,3890.87081,High School or Below,M,91182.0,96.0,0.0,Personal Auto,Nevada,249.140907,Four-Door Car
CC94413,5701.277221,Bachelor,F,41154.0,72.0,1.0,Personal Auto,Oregon,345.6,Four-Door Car
QO59138,2590.214327,High School or Below,M,18746.0,68.0,0.0,Personal Auto,Arizona,326.4,Four-Door Car
JW58698,3223.331519,College,F,70277.0,80.0,0.0,Personal Auto,Oregon,84.818806,Four-Door Car
GT57081,4912.025292,Bachelor,F,0.0,66.0,0.0,Personal Auto,Oregon,668.158687,Four-Door Car
GU82475,6532.010543,College,M,24919.0,84.0,1.0,Personal Auto,California,420.420755,Four-Door Car
BG60187,8012.124825,Bachelor,M,0.0,79.0,0.0,Personal Auto,Oregon,335.234102,Four-Door Car
TN73558,3731.504584,High School or Below,F,0.0,96.0,0.0,Personal Auto,Arizona,460.8,Four-Door Car
KK15032,2702.380487,High School or Below,F,46370.0,68.0,1.0,Personal Auto,Arizona,326.4,Two-Door Car
KA95160,23207.24981,Master,F,89918.0,115.0,0.0,Personal Auto,Arizona,423.116739,SUV
KD52867,3347.028677,High School or Below,F,37138.0,85.0,0.0,Personal Auto,Oregon,612.0,Two-Door Car
WY53775,8382.630118,High School or Below,M,19683.0,117.0,1.0,Personal Auto,Arizona,561.6,Luxury
HS94778,11793.12528,College,F,32214.0,100.0,0.0,Personal Auto,Oregon,296.560998,SUV
EJ96266,2965.71995,College,F,26472.0,74.0,0.0,Personal Auto,California,355.2,Four-Door Car
RK53289,5646.323845,Bachelor,F,39841.0,72.0,0.0,Personal Auto,California,440.128707,Two-Door Car
TX39594,2452.491364,High School or Below,F,51085.0,62.0,1.0,Personal Auto,Arizona,406.902001,Two-Door Car
JM93892,5953.213546,College,M,61006.0,74.0,0.0,Corporate Auto,Arizona,73.919629,Four-Door Car
PY51000,12883.81001,Bachelor,M,34148.0,109.0,0.0,Personal Auto,California,451.566751,Four-Door Car
HX74855,2471.528431,High School or Below,M,95697.0,61.0,0.0,Personal Auto,Washington,114.273025,Two-Door Car
VE64781,2927.07045,Bachelor,F,75685.0,73.0,0.0,Personal Auto,Arizona,369.918482,Four-Door Car
KY57676,8400.788878,High School or Below,M,20870.0,72.0,0.0,Personal Auto,California,345.6,Four-Door Car
JL42497,2729.126448,High School or Below,F,66900.0,68.0,0.0,Personal Auto,Nevada,326.4,Four-Door Car
WQ91717,7643.068919,College,F,0.0,106.0,1.0,Special Auto,Arizona,508.8,SUV
WO39817,2493.591571,High School or Below,M,37043.0,68.0,3.0,Personal Auto,Oregon,30.984936,Two-Door Car
HW20940,4170.572119,Bachelor,M,42837.0,106.0,0.0,Personal Auto,California,290.580543,SUV
KE60943,4908.207958,Bachelor,M,33305.0,62.0,0.0,Special Auto,California,353.77899,Four-Door Car
ZI48518,3891.583881,High School or Below,F,0.0,103.0,0.0,Personal Auto,Nevada,558.281543,Luxury
KI17749,2682.423898,High School or Below,F,24823.0,69.0,0.0,Personal Auto,Oregon,229.279059,Four-Door Car
DS50601,10003.24729,Bachelor,M,98192.0,84.0,1.0,Personal Auto,Nevada,403.2,Four-Door Car
PU78245,13094.60875,Bachelor,F,88249.0,108.0,0.0,Personal Auto,Arizona,244.803741,SUV
MP96373,5719.785738,Master,M,54585.0,71.0,1.0,Personal Auto,Washington,340.8,Two-Door Car
QK62680,9393.968332,Master,F,39770.0,117.0,0.0,Personal Auto,Oregon,561.6,Two-Door Car
HN63935,3433.82408,Master,M,85367.0,85.0,0.0,Personal Auto,Arizona,67.975243,Four-Door Car
ON30714,4932.878744,College,M,74809.0,61.0,0.0,Personal Auto,California,283.787384,Two-Door Car
FM61329,13610.10746,College,M,50144.0,114.0,0.0,Personal Auto,California,786.934186,SUV
NK91656,2913.323811,Master,M,20075.0,79.0,1.0,Personal Auto,Oregon,483.731784,Two-Door Car
MS94619,5111.304579,High School or Below,F,76448.0,63.0,0.0,Personal Auto,California,302.4,Four-Door Car
MO38507,4540.381153,High School or Below,M,59556.0,113.0,0.0,Personal Auto,California,681.505066,Luxury
PQ36549,5598.273622,Bachelor,M,14174.0,72.0,0.0,Personal Auto,Arizona,345.6,Four-Door Car
WG91434,9638.066778,High School or Below,M,35230.0,61.0,1.0,Personal Auto,Oregon,16.214764,Four-Door Car
WR43077,9801.287358,High School or Below,M,0.0,91.0,0.0,Corporate Auto,California,436.8,Four-Door Car
LR10110,5504.139033,Bachelor,F,0.0,73.0,0.0,Corporate Auto,Washington,350.4,Four-Door Car
XZ58588,8447.801005,High School or Below,M,0.0,114.0,0.0,Corporate Auto,Arizona,547.2,Four-Door Car
FX12602,19927.63513,High School or Below,M,51352.0,66.0,3.0,Personal Auto,Oregon,95.661376,Four-Door Car
BL55947,5815.261714,College,M,76675.0,72.0,0.0,Personal Auto,California,141.718568,Four-Door Car
LA60344,18690.34066,College,M,0.0,68.0,0.0,Personal Auto,Arizona,326.4,Four-Door Car
KQ44803,7224.235434,College,M,0.0,72.0,2.0,Personal Auto,Arizona,297.419028,Two-Door Car
QY81331,8595.982289,High School or Below,F,94242.0,71.0,1.0,Personal Auto,Arizona,41.229484,Four-Door Car
NP33989,12362.08766,Bachelor,F,0.0,113.0,0.0,Personal Auto,Oregon,217.92632,Four-Door Car
CP30637,4916.303715,High School or Below,F,71153.0,122.0,0.0,Corporate Auto,California,209.019238,Luxury
RW50070,8935.274872,High School or Below,M,63326.0,225.0,0.0,Personal Auto,Arizona,1080.0,Luxury
LO42325,5433.214031,Bachelor,F,29629.0,71.0,4.0,Special Auto,California,228.443418,Four-Door Car
YQ50209,4847.24253,High School or Below,M,0.0,69.0,0.0,Corporate Auto,Arizona,599.152722,Four-Door Car
JP35025,5714.165863,Master,F,23726.0,74.0,0.0,Corporate Auto,California,355.2,Four-Door Car
WZ13788,10097.68732,High School or Below,F,48999.0,86.0,3.0,Corporate Auto,Nevada,412.8,Four-Door Car
IS21172,4726.869327,Bachelor,F,13037.0,124.0,0.0,Personal Auto,Oregon,839.348464,SUV
CL10476,7079.790277,College,M,24245.0,63.0,0.0,Corporate Auto,Arizona,302.4,Two-Door Car
WO83615,5395.434909,Bachelor,M,44047.0,137.0,0.0,Corporate Auto,Nevada,969.232217,Luxury
ZJ77881,9452.996411,Bachelor,F,91942.0,117.0,0.0,Personal Auto,Oregon,561.6,Four-Door Car
GT37101,5284.312599,High School or Below,F,37640.0,67.0,0.0,Personal Auto,Oregon,174.046849,Two-Door Car
WE13528,20215.3918,High School or Below,F,77058.0,63.0,0.0,Personal Auto,California,119.331041,Four-Door Car
BT78503,2510.054168,High School or Below,M,0.0,73.0,0.0,Corporate Auto,Oregon,525.6,Four-Door Car
WM19967,19884.91592,College,F,63755.0,62.0,0.0,Personal Auto,California,291.860708,Two-Door Car
EW13798,4014.453113,Doctor,F,37384.0,99.0,0.0,Personal Auto,California,475.2,Four-Door Car
RO18530,2540.689797,Master,M,42557.0,65.0,0.0,Personal Auto,Washington,57.562324,Four-Door Car
AY18433,27382.81893,High School or Below,F,45473.0,76.0,0.0,Special Auto,Washington,188.938397,Two-Door Car
CS29328,4875.31604,Bachelor,M,10743.0,70.0,2.0,Personal Auto,Nevada,336.0,Two-Door Car
QL75176,12324.2654,High School or Below,F,0.0,113.0,0.0,Personal Auto,Oregon,813.6,Four-Door Car
IO25161,2280.386988,College,F,0.0,61.0,0.0,Personal Auto,Arizona,283.881697,Four-Door Car
FA82777,4165.994433,High School or Below,F,0.0,64.0,3.0,Personal Auto,Arizona,575.890362,Four-Door Car
GR49281,4974.801539,Bachelor,M,75644.0,65.0,3.0,Personal Auto,California,467.803638,Two-Door Car
ZW19492,2404.917967,Bachelor,M,63455.0,61.0,0.0,Personal Auto,Oregon,287.654819,Two-Door Car
UW88168,3032.816016,Bachelor,M,73782.0,76.0,0.0,Special Auto,Oregon,111.622054,Four-Door Car
XX53620,2891.272351,Bachelor,F,80590.0,71.0,0.0,Corporate Auto,Oregon,134.158389,Four-Door Car
IM90123,15261.41386,Bachelor,F,59797.0,127.0,0.0,Personal Auto,California,609.6,SUV
BE33446,5015.009472,Bachelor,F,48567.0,130.0,0.0,Personal Auto,Arizona,624.0,SUV
YW11227,5325.394799,Bachelor,M,62470.0,66.0,0.0,Personal Auto,California,243.766542,Two-Door Car
UF32671,5291.395332,College,F,57338.0,66.0,0.0,Personal Auto,Washington,316.8,Four-Door Car
ZW10467,16107.19004,High School or Below,F,63288.0,199.0,0.0,Personal Auto,Arizona,558.433218,Luxury
KK95092,7605.637524,Bachelor,M,55281.0,192.0,1.0,Personal Auto,Arizona,921.6,Luxury
HZ43637,3065.365332,College,F,22985.0,77.0,0.0,Special Auto,Arizona,458.056054,Four-Door Car
FY82691,6245.575806,College,F,39608.0,78.0,1.0,Corporate Auto,California,22.961216,Four-Door Car
SO40738,9406.381948,High School or Below,F,99189.0,117.0,0.0,Corporate Auto,California,75.302707,SUV
MB83471,7815.46882,High School or Below,M,0.0,112.0,0.0,Personal Auto,Oregon,574.102379,Four-Door Car
GA63091,9747.99401,College,M,0.0,92.0,0.0,Personal Auto,California,514.360634,Four-Door Car
AU75025,4686.469674,College,M,58089.0,118.0,0.0,Personal Auto,Oregon,566.4,SUV
XF15789,8869.619888,College,F,81350.0,110.0,0.0,Personal Auto,Arizona,228.185834,SUV
SH13204,4741.808942,High School or Below,F,0.0,65.0,0.0,Personal Auto,California,731.289267,Two-Door Car
FX48006,24178.68478,College,M,43704.0,201.0,0.0,Personal Auto,Oregon,1064.482165,Luxury
HS69837,7951.777533,College,M,75497.0,100.0,0.0,Personal Auto,Oregon,71.773341,SUV
GL49408,6762.082924,Doctor,M,40372.0,85.0,0.0,Corporate Auto,California,76.975713,Four-Door Car
PK51938,3044.78946,College,F,17489.0,85.0,0.0,Corporate Auto,Oregon,587.689075,Four-Door Car
JE62426,5908.16294,High School or Below,F,86277.0,74.0,0.0,Personal Auto,Arizona,212.039619,Four-Door Car
IA31850,4574.547243,College,F,0.0,63.0,0.0,Personal Auto,Arizona,453.6,Four-Door Car
PP50567,8377.499751,Bachelor,M,0.0,74.0,0.0,Corporate Auto,California,355.2,Four-Door Car
CS26667,22332.43946,College,M,49078.0,97.0,0.0,Special Auto,Washington,484.013411,Four-Door Car
UF73578,5838.89915,High School or Below,M,81082.0,73.0,0.0,Personal Auto,California,281.295903,Four-Door Car
MY23958,7577.065297,Bachelor,M,0.0,116.0,2.0,Personal Auto,California,835.2,Luxury
OP75571,8012.841201,College,F,40635.0,102.0,0.0,Personal Auto,Arizona,489.6,SUV
SI60881,9217.978125,Bachelor,F,26351.0,119.0,0.0,Personal Auto,Oregon,571.2,SUV
DQ15807,2749.189304,High School or Below,M,0.0,80.0,0.0,Personal Auto,Oregon,824.487259,Four-Door Car
WU15684,3588.87609,College,F,42836.0,89.0,0.0,Corporate Auto,Nevada,244.580023,Four-Door Car
KR17533,3954.538361,Doctor,M,40175.0,102.0,1.0,Personal Auto,Oregon,154.721555,SUV
IM98086,3230.576665,College,M,62873.0,81.0,0.0,Personal Auto,California,207.75186,Four-Door Car
XY48850,5158.648497,High School or Below,F,0.0,74.0,0.0,Personal Auto,Nevada,588.936956,Two-Door Car
YT25875,2776.582901,College,F,50985.0,71.0,0.0,Personal Auto,California,307.68931,Two-Door Car
TL59568,12836.00951,High School or Below,M,0.0,116.0,0.0,Personal Auto,Arizona,835.2,Two-Door Car
UE52886,28421.57022,Bachelor,M,42803.0,245.0,0.0,Personal Auto,Arizona,889.288242,Luxury
TM28833,2276.392936,College,M,0.0,69.0,1.0,Personal Auto,Oregon,624.980751,Two-Door Car
SQ60915,3895.961837,High School or Below,M,35970.0,98.0,0.0,Corporate Auto,Arizona,470.4,Four-Door Car
GU42084,4247.683347,Bachelor,M,44537.0,106.0,0.0,Corporate Auto,Arizona,441.907057,Luxury
ZH93283,6005.847375,College,M,13528.0,86.0,0.0,Personal Auto,Arizona,412.8,Four-Door Car
WF51811,2719.506996,College,F,14030.0,72.0,0.0,Personal Auto,Arizona,345.6,Two-Door Car
RL51023,4185.757242,College,M,0.0,64.0,0.0,Corporate Auto,Arizona,492.644465,Four-Door Car
NQ67659,33473.34946,Bachelor,F,33190.0,106.0,0.0,Personal Auto,Nevada,508.8,SUV
KI45566,7331.508054,College,M,0.0,100.0,0.0,Personal Auto,Nevada,61.580247,Luxury
WB68229,9320.284812,Bachelor,F,21033.0,118.0,0.0,Personal Auto,Arizona,738.975495,Two-Door Car
UF84144,3312.323945,College,M,26285.0,84.0,0.0,Corporate Auto,Washington,403.2,Four-Door Car
ZH28312,5560.278162,Bachelor,F,0.0,74.0,0.0,Corporate Auto,California,65.953005,Four-Door Car
GK48045,8214.602384,College,F,73245.0,68.0,0.0,Personal Auto,Washington,305.121363,Four-Door Car
HZ67642,8647.139152,Bachelor,M,0.0,119.0,0.0,Personal Auto,California,244.816163,SUV
HE12295,4446.738622,High School or Below,M,0.0,61.0,0.0,Personal Auto,California,616.279356,Four-Door Car
XL66550,7769.841954,Bachelor,M,74365.0,193.0,0.0,Corporate Auto,Oregon,926.4,Luxury
AL27471,3911.118202,Doctor,M,30821.0,97.0,0.0,Personal Auto,Oregon,451.319227,Four-Door Car
NG94479,2731.520409,High School or Below,F,69844.0,68.0,0.0,Corporate Auto,Arizona,184.379697,Four-Door Car
WR58220,8401.788653,Bachelor,M,0.0,124.0,0.0,Personal Auto,Oregon,595.2,SUV
RT64920,5875.038074,Master,M,55836.0,73.0,0.0,Personal Auto,Oregon,314.936185,Four-Door Car
IR58695,6188.379423,High School or Below,M,40352.0,77.0,0.0,Corporate Auto,Oregon,406.367233,Four-Door Car
AS93181,4506.577736,Bachelor,F,14985.0,116.0,0.0,Personal Auto,Arizona,571.319514,Luxury
ML23548,10548.53703,Doctor,F,27458.0,131.0,1.0,Personal Auto,Arizona,730.373515,Luxury
PU71194,35203.57475,Bachelor,F,56343.0,295.0,0.0,Personal Auto,Oregon,1612.962321,Luxury
QT46430,8193.750001,College,F,12780.0,111.0,2.0,Personal Auto,California,225.437098,Luxury
WP83694,5313.436344,Bachelor,F,68558.0,131.0,0.0,Personal Auto,California,280.903779,SUV
UE19977,4379.770178,College,F,47747.0,111.0,0.0,Personal Auto,California,165.588524,Two-Door Car
WC83942,20885.55547,Bachelor,M,16113.0,81.0,0.0,Corporate Auto,Oregon,494.890996,Four-Door Car
HZ62410,2771.963072,Bachelor,M,0.0,79.0,0.0,Personal Auto,Oregon,379.2,Four-Door Car
CE72177,5461.548993,High School or Below,F,39626.0,69.0,0.0,Personal Auto,California,485.705851,Four-Door Car
YI89801,2570.235172,High School or Below,F,49304.0,65.0,0.0,Corporate Auto,California,312.0,Four-Door Car
KB53430,2227.072755,High School or Below,M,27972.0,61.0,0.0,Personal Auto,Oregon,292.8,Four-Door Car
KB50999,5394.000979,College,F,27568.0,68.0,0.0,Personal Auto,California,278.689331,Two-Door Car
JO17193,2300.691547,Bachelor,M,25905.0,63.0,0.0,Personal Auto,Washington,302.4,Four-Door Car
BO42776,25360.10404,Bachelor,M,21442.0,108.0,0.0,Corporate Auto,Washington,518.4,SUV
OZ19432,4374.038985,High School or Below,F,34516.0,113.0,3.0,Special Auto,Nevada,42.950852,Four-Door Car
VT34834,4953.358432,High School or Below,M,0.0,68.0,0.0,Personal Auto,Nevada,342.468248,Four-Door Car
MI65698,4590.811214,College,F,28354.0,118.0,0.0,Personal Auto,Oregon,320.327775,Two-Door Car
IG85969,5062.37379,College,F,0.0,72.0,0.0,Personal Auto,Arizona,345.6,Two-Door Car
SE72928,9075.768214,Master,M,37722.0,116.0,0.0,Personal Auto,California,158.077504,Luxury
QV47358,8133.157212,Bachelor,F,32021.0,70.0,0.0,Personal Auto,Arizona,336.0,Four-Door Car
HR50405,2869.301319,Bachelor,F,13393.0,73.0,0.0,Personal Auto,Oregon,34.708194,Four-Door Car
MN53151,27937.75093,College,M,13624.0,117.0,0.0,Personal Auto,Oregon,561.6,Luxury
VD64777,2606.186321,College,F,27800.0,67.0,0.0,Personal Auto,Nevada,321.6,Two-Door Car
EG21289,7764.273102,College,F,58419.0,191.0,0.0,Personal Auto,California,202.468807,Luxury
YI85251,18380.39026,High School or Below,M,50407.0,92.0,0.0,Personal Auto,Nevada,352.060768,Four-Door Car
RD61361,6102.953572,Bachelor,F,0.0,84.0,0.0,Personal Auto,Arizona,856.347474,Four-Door Car
PG26401,9191.672825,High School or Below,M,77603.0,114.0,0.0,Personal Auto,Washington,547.2,SUV
NV91476,9581.281433,College,F,75606.0,119.0,0.0,Personal Auto,California,571.2,Four-Door Car
SJ16410,7532.262392,Bachelor,M,41458.0,98.0,0.0,Personal Auto,Arizona,191.100227,Four-Door Car
BI17208,2795.321353,College,M,0.0,74.0,0.0,Personal Auto,Oregon,420.765993,Two-Door Car
WR70403,5673.840992,High School or Below,M,0.0,82.0,0.0,Personal Auto,Washington,445.001296,Two-Door Car
ZZ22858,15016.18511,Bachelor,F,70619.0,187.0,0.0,Personal Auto,Arizona,293.948632,Luxury
EZ75048,3087.249746,Doctor,M,41273.0,77.0,0.0,Personal Auto,California,221.226696,Four-Door Car
CN31328,5480.701059,College,F,46946.0,70.0,0.0,Personal Auto,Arizona,336.0,Four-Door Car
ZP91150,7944.973807,College,M,0.0,113.0,0.0,Corporate Auto,Oregon,542.4,Four-Door Car
LC77957,8543.247323,Bachelor,M,99180.0,106.0,0.0,Personal Auto,Oregon,33.751887,SUV
PT34656,5380.898636,College,F,55350.0,67.0,0.0,Personal Auto,California,321.6,Four-Door Car
MI99404,4650.063763,College,M,28215.0,65.0,0.0,Personal Auto,California,468.0,Two-Door Car
AI58313,36946.06393,College,F,75425.0,116.0,1.0,Personal Auto,Nevada,663.643801,Luxury
VA60020,3314.55133,High School or Below,F,63583.0,83.0,0.0,Special Auto,Nevada,167.39959,Four-Door Car
TW53467,4566.377261,Bachelor,M,0.0,66.0,0.0,Personal Auto,California,475.2,Four-Door Car
IC11062,5597.12496,High School or Below,F,37995.0,139.0,0.0,Personal Auto,Nevada,667.2,SUV
OO11531,2540.551456,Master,F,37125.0,63.0,0.0,Personal Auto,Nevada,290.911693,Four-Door Car
JV80614,2939.330187,College,M,53357.0,73.0,0.0,Personal Auto,California,55.320014,Four-Door Car
IC70693,16068.34838,Bachelor,F,70140.0,199.0,0.0,Corporate Auto,California,955.2,Luxury
JY45326,7360.873696,College,M,52380.0,186.0,2.0,Personal Auto,Oregon,892.8,Luxury
QW17940,2700.985899,High School or Below,M,79292.0,67.0,0.0,Corporate Auto,California,55.394702,Four-Door Car
AV25133,3095.705571,College,F,0.0,92.0,1.0,Personal Auto,Oregon,774.892461,Two-Door Car
QJ57215,4383.751482,College,F,0.0,123.0,0.0,Personal Auto,Nevada,1480.336748,SUV
IG94072,9928.874825,High School or Below,F,75425.0,123.0,0.0,Personal Auto,Oregon,823.798803,Luxury
WC28543,2399.17815,Bachelor,M,20992.0,64.0,0.0,Personal Auto,Arizona,307.2,Two-Door Car
DH13219,3402.777293,Bachelor,M,57428.0,85.0,1.0,Corporate Auto,Washington,414.649796,Four-Door Car
ET80689,8711.302422,College,M,92606.0,109.0,0.0,Special Auto,California,287.437831,SUV
JD10245,4358.762008,High School or Below,M,86001.0,109.0,1.0,Personal Auto,California,523.2,SUV
XO96556,2551.226692,Master,M,79751.0,63.0,0.0,Personal Auto,Arizona,392.235698,Two-Door Car
UJ61336,5642.747998,Bachelor,F,68654.0,71.0,2.0,Personal Auto,Arizona,208.048487,Four-Door Car
XS94482,4151.667368,Master,F,0.0,61.0,3.0,Personal Auto,Arizona,208.892861,Two-Door Car
QX57337,2842.025913,Doctor,F,92629.0,72.0,3.0,Personal Auto,Oregon,60.845685,Four-Door Car
CZ35936,8791.444942,High School or Below,F,54094.0,112.0,0.0,Corporate Auto,California,502.994931,SUV
IM41800,8268.272933,College,M,95419.0,70.0,3.0,Personal Auto,Nevada,336.0,Four-Door Car
GI70742,8581.637267,High School or Below,F,66466.0,71.0,0.0,Personal Auto,Oregon,293.016168,Four-Door Car
HQ32112,5244.40475,High School or Below,M,68131.0,130.0,0.0,Personal Auto,Arizona,226.607648,SUV
CC85895,8509.019846,Bachelor,F,56481.0,106.0,0.0,Personal Auto,Nevada,273.250112,SUV
CF40646,4743.615503,College,M,70082.0,119.0,0.0,Personal Auto,California,571.2,SUV
RF39856,22754.66137,Bachelor,M,51437.0,115.0,0.0,Corporate Auto,Nevada,244.086665,SUV
VT85216,5335.015944,High School or Below,M,0.0,73.0,0.0,Personal Auto,Nevada,525.6,Four-Door Car
SW69117,6966.319103,College,M,27972.0,90.0,0.0,Corporate Auto,Oregon,240.318607,Two-Door Car
EI58852,21205.37785,High School or Below,F,24930.0,76.0,0.0,Personal Auto,Arizona,364.8,Four-Door Car
FN61865,4271.200049,Master,F,26245.0,110.0,0.0,Personal Auto,Nevada,44.284642,Two-Door Car
LI11560,5580.818466,Bachelor,F,57883.0,69.0,0.0,Personal Auto,California,431.847824,Four-Door Car
NY12562,2224.089639,College,F,0.0,64.0,0.0,Corporate Auto,Nevada,483.25721,Four-Door Car
GE46404,2709.539796,College,F,58828.0,68.0,0.0,Personal Auto,Oregon,446.751243,Four-Door Car
PP26786,2890.338106,College,M,51906.0,73.0,0.0,Corporate Auto,Arizona,374.864662,Four-Door Car
BE55425,6403.577368,College,M,28095.0,82.0,0.0,Personal Auto,Oregon,393.6,Four-Door Car
SH75038,5981.381645,Bachelor,F,88723.0,74.0,0.0,Personal Auto,California,355.2,Two-Door Car
LD22387,6225.022266,High School or Below,F,53078.0,79.0,2.0,Corporate Auto,California,200.97608,Four-Door Car
FF94034,8496.358981,Bachelor,F,88895.0,106.0,0.0,Personal Auto,California,209.863509,Luxury
YK16362,10213.99111,Bachelor,F,60078.0,127.0,0.0,Corporate Auto,Arizona,140.819942,SUV
DN10177,4547.162694,College,M,0.0,67.0,0.0,Personal Auto,California,321.6,Two-Door Car
IV35546,5741.696078,Master,F,45820.0,71.0,0.0,Corporate Auto,Nevada,249.742856,Four-Door Car
SK12432,2388.353882,Bachelor,M,0.0,73.0,0.0,Personal Auto,Arizona,677.970934,Four-Door Car
DF71709,12624.96121,College,M,12439.0,115.0,0.0,Corporate Auto,California,552.0,Two-Door Car
UT61518,8382.478392,Bachelor,M,25998.0,71.0,0.0,Personal Auto,California,791.878042,Four-Door Car
PU75847,4964.666365,College,M,98451.0,62.0,0.0,Personal Auto,Arizona,316.546868,Four-Door Car
XA47378,2871.437451,Bachelor,F,23803.0,72.0,0.0,Corporate Auto,California,410.548521,Two-Door Car
NE22677,13080.78528,College,M,0.0,124.0,0.0,Special Auto,California,595.2,SUV
HV62406,2482.411991,High School or Below,F,26100.0,67.0,0.0,Personal Auto,Oregon,482.4,Four-Door Car
VS20668,2726.834065,Bachelor,F,0.0,73.0,0.0,Personal Auto,Nevada,376.923839,Four-Door Car
YZ79232,4776.186527,Master,M,0.0,67.0,0.0,Personal Auto,Oregon,315.215329,Four-Door Car
ND87457,6091.89923,Bachelor,M,65252.0,78.0,0.0,Personal Auto,Nevada,482.48791,Four-Door Car
TY59231,5015.009472,Bachelor,F,48567.0,130.0,0.0,Personal Auto,California,624.0,SUV
DA54619,9035.671134,High School or Below,F,34337.0,113.0,0.0,Personal Auto,Oregon,542.4,Four-Door Car
OL27257,4381.880534,College,F,20394.0,115.0,0.0,Personal Auto,Nevada,508.614758,Two-Door Car
TH86528,5775.517825,High School or Below,F,0.0,76.0,0.0,Personal Auto,Washington,784.611446,Two-Door Car
DS34823,4250.282624,High School or Below,F,0.0,61.0,1.0,Personal Auto,Arizona,292.8,Four-Door Car
HB24005,2347.048112,College,M,31617.0,62.0,1.0,Personal Auto,California,244.269407,Four-Door Car
ZV96574,6940.069184,High School or Below,F,0.0,62.0,1.0,Corporate Auto,California,297.6,Four-Door Car
JC80093,2572.506605,Master,M,21104.0,66.0,0.0,Personal Auto,Washington,118.454974,Four-Door Car
KN24990,41491.74481,College,M,37748.0,181.0,2.0,Personal Auto,Arizona,868.8,Luxury
RR39751,3571.346578,Bachelor,F,0.0,96.0,0.0,Personal Auto,California,438.661509,Four-Door Car
BN80677,12734.21253,Bachelor,M,25023.0,82.0,0.0,Corporate Auto,Oregon,397.139856,Two-Door Car
WL74893,4529.112791,College,F,0.0,62.0,0.0,Special Auto,Oregon,271.164139,Four-Door Car
ZN59196,4177.876779,Bachelor,F,14108.0,109.0,0.0,Personal Auto,Oregon,523.2,Four-Door Car
PF77449,9824.745841,High School or Below,F,23923.0,82.0,1.0,Personal Auto,Washington,393.6,Four-Door Car
HO38996,2430.801647,High School or Below,M,0.0,67.0,0.0,Special Auto,Oregon,321.6,Four-Door Car
YU86361,19160.98994,Master,F,22705.0,239.0,0.0,Personal Auto,Washington,1294.700423,Luxury
PJ13204,3301.518961,High School or Below,F,0.0,89.0,0.0,Corporate Auto,California,427.2,Two-Door Car
SP63623,4692.098956,College,M,0.0,69.0,0.0,Personal Auto,Oregon,506.92275,Four-Door Car
DP33625,8092.87696,College,M,50825.0,102.0,0.0,Personal Auto,Arizona,369.614729,SUV
BJ18904,3964.534974,College,M,14616.0,106.0,0.0,Personal Auto,Arizona,575.260213,SUV
TR26615,2497.531509,High School or Below,M,0.0,69.0,0.0,Corporate Auto,Oregon,272.381465,Two-Door Car
ZD44648,9656.212573,College,M,29504.0,125.0,0.0,Personal Auto,Arizona,1224.56345,SUV
QW60568,8888.143979,College,M,58789.0,111.0,0.0,Corporate Auto,California,215.438825,Four-Door Car
XS78545,7347.410517,College,F,29491.0,61.0,0.0,Personal Auto,Oregon,292.8,Four-Door Car
EU19773,8578.364528,High School or Below,F,78077.0,107.0,2.0,Personal Auto,Arizona,438.069458,Four-Door Car
ZL45417,3467.323976,High School or Below,F,0.0,96.0,0.0,Personal Auto,California,799.251165,Two-Door Car
JS58659,8901.468512,Bachelor,M,76558.0,74.0,0.0,Special Auto,Nevada,216.980413,Four-Door Car
XK84089,2619.337376,Bachelor,M,78618.0,66.0,0.0,Personal Auto,California,225.578841,Two-Door Car
LH91968,8838.085637,Bachelor,M,82664.0,114.0,3.0,Corporate Auto,Oregon,133.425609,SUV
NX63627,10127.77087,Doctor,M,23053.0,132.0,0.0,Personal Auto,Oregon,780.941649,Luxury
ND62955,4633.452912,Bachelor,M,50250.0,117.0,0.0,Personal Auto,Nevada,561.6,SUV
YQ11786,7796.000083,High School or Below,M,32169.0,199.0,0.0,Personal Auto,Oregon,785.82348,Luxury
TM13955,2993.024583,Master,M,0.0,80.0,0.0,Corporate Auto,Washington,286.115778,Four-Door Car
IA91291,7985.472561,College,F,99069.0,66.0,0.0,Corporate Auto,Arizona,77.442722,Four-Door Car
RO89785,3508.569533,College,M,20978.0,98.0,1.0,Personal Auto,Oregon,1176.2788,Four-Door Car
QW40898,2722.210707,College,F,17576.0,71.0,0.0,Personal Auto,Arizona,398.502948,Four-Door Car
ZD40816,2783.583044,Bachelor,M,42297.0,71.0,0.0,Personal Auto,Nevada,200.38673,Four-Door Car
PD82395,8649.997286,Bachelor,F,0.0,115.0,0.0,Special Auto,Arizona,824.597262,Four-Door Car
NW23827,4652.91278,College,F,0.0,63.0,0.0,Personal Auto,California,151.231247,Four-Door Car
GG61186,8395.806331,Doctor,F,0.0,110.0,0.0,Personal Auto,Nevada,161.092415,Four-Door Car
TB31268,8804.53711,College,F,48990.0,74.0,0.0,Personal Auto,Arizona,355.2,Four-Door Car
SX98462,7155.337765,College,M,16916.0,64.0,0.0,Personal Auto,Oregon,377.512951,Four-Door Car
OL82456,3954.344534,Bachelor,M,18375.0,103.0,0.0,Personal Auto,Oregon,535.080276,Luxury
DN14211,15032.9003,College,M,17150.0,65.0,0.0,Personal Auto,Oregon,689.800891,Two-Door Car
ZG12619,8257.666512,Bachelor,F,23815.0,73.0,0.0,Personal Auto,Washington,424.330166,Four-Door Car
VH31071,9256.918609,College,F,21947.0,118.0,0.0,Personal Auto,Arizona,566.4,SUV
SP36555,6507.751779,Bachelor,M,0.0,97.0,0.0,Personal Auto,Arizona,863.219668,Four-Door Car
ME83611,2530.705137,Bachelor,F,89451.0,63.0,0.0,Personal Auto,Nevada,61.769564,Four-Door Car
PH85036,5482.549359,Bachelor,F,79325.0,68.0,0.0,Corporate Auto,Washington,251.294821,Four-Door Car
PE54870,4050.506193,College,M,88454.0,101.0,0.0,Personal Auto,Oregon,308.749796,SUV
DT52189,6326.679236,High School or Below,F,0.0,87.0,0.0,Personal Auto,California,417.6,Four-Door Car
XN48526,2627.76229,College,F,20943.0,69.0,0.0,Personal Auto,California,240.00056,Four-Door Car
KW52227,7814.604545,Bachelor,M,51972.0,66.0,0.0,Personal Auto,California,316.8,Four-Door Car
JC98569,6314.579645,College,F,54408.0,79.0,0.0,Personal Auto,Oregon,288.329793,Four-Door Car
BG48083,6386.278164,Bachelor,F,23751.0,82.0,1.0,Personal Auto,Nevada,586.921708,Two-Door Car
PD19551,2537.969253,Bachelor,F,37612.0,64.0,0.0,Personal Auto,California,307.2,Four-Door Car
BJ13380,5335.375586,Bachelor,F,91603.0,69.0,2.0,Personal Auto,Oregon,472.67262,Four-Door Car
HY25004,4549.079221,High School or Below,F,0.0,62.0,0.0,Personal Auto,Arizona,639.758314,Two-Door Car
WF50693,4836.21886,High School or Below,M,16450.0,128.0,0.0,Corporate Auto,Oregon,871.484565,SUV
MA45099,6478.801192,Bachelor,M,50864.0,83.0,1.0,Corporate Auto,Oregon,158.362972,Four-Door Car
ZC69696,35440.14262,College,F,74560.0,110.0,0.0,Personal Auto,Arizona,528.0,SUV
VO43359,2404.380963,High School or Below,M,62488.0,62.0,2.0,Personal Auto,California,200.689331,Four-Door Car
OM63954,9264.565015,Bachelor,F,55837.0,117.0,0.0,Personal Auto,California,741.867506,Two-Door Car
GV71044,2433.024631,College,F,0.0,66.0,0.0,Personal Auto,Oregon,475.2,Two-Door Car
TM79451,5367.089817,College,F,97742.0,67.0,0.0,Personal Auto,California,67.648392,Four-Door Car
PA84292,2452.360892,Bachelor,F,0.0,69.0,0.0,Personal Auto,Oregon,496.8,Four-Door Car
QX67584,8646.504109,High School or Below,F,64125.0,108.0,0.0,Personal Auto,Nevada,369.818708,SUV
JK90180,4340.086445,College,M,0.0,62.0,0.0,Personal Auto,Arizona,446.4,Four-Door Car
BH35482,4930.949334,Doctor,M,70412.0,61.0,0.0,Corporate Auto,Washington,136.291083,Two-Door Car
VU84949,5292.632491,Bachelor,F,0.0,70.0,0.0,Personal Auto,Washington,336.0,Two-Door Car
SF46129,8986.610653,High School or Below,M,66267.0,111.0,0.0,Personal Auto,California,1093.708851,Four-Door Car
OH35544,5619.967791,College,F,0.0,82.0,0.0,Corporate Auto,Nevada,863.935307,Four-Door Car
ZF82387,10340.45566,High School or Below,M,40882.0,89.0,0.0,Corporate Auto,Oregon,393.637436,Two-Door Car
MD40054,6369.262355,High School or Below,M,34498.0,83.0,0.0,Personal Auto,Oregon,398.4,Two-Door Car
LE96510,2767.5949,High School or Below,F,0.0,74.0,0.0,Personal Auto,Oregon,355.2,Four-Door Car
MC11907,4831.421687,High School or Below,F,23228.0,64.0,1.0,Corporate Auto,California,307.2,Four-Door Car
DA57177,4282.947971,College,F,40864.0,109.0,1.0,Personal Auto,Oregon,166.937747,SUV
SU77646,5718.276608,Master,M,46133.0,73.0,0.0,Personal Auto,Oregon,19.626306,Four-Door Car
YZ19736,2580.849899,College,M,46900.0,66.0,0.0,Personal Auto,Arizona,316.8,Four-Door Car
JZ69749,6481.382268,High School or Below,F,0.0,92.0,0.0,Personal Auto,Washington,441.6,Four-Door Car
BJ22117,5133.414764,Master,M,53390.0,64.0,0.0,Personal Auto,Washington,278.999409,Four-Door Car
UQ60825,9369.639891,College,F,99185.0,115.0,0.0,Corporate Auto,California,449.428182,SUV
ZZ89380,3196.578455,Bachelor,F,62815.0,80.0,0.0,Special Auto,Oregon,47.061469,Two-Door Car
LU87443,4720.608872,College,F,26277.0,61.0,0.0,Personal Auto,Oregon,292.8,Four-Door Car
DG33206,8861.900439,Doctor,F,41854.0,110.0,0.0,Personal Auto,Washington,481.269644,Four-Door Car
AB98823,6032.737631,College,M,0.0,86.0,0.0,Personal Auto,Arizona,412.8,Two-Door Car
MS34991,6832.36853,High School or Below,M,66627.0,85.0,0.0,Personal Auto,Arizona,733.21126,Four-Door Car
EE53627,2242.090803,High School or Below,M,12131.0,64.0,1.0,Personal Auto,Oregon,251.44949,Four-Door Car
XY39691,4157.698118,High School or Below,F,0.0,110.0,0.0,Personal Auto,Arizona,528.0,SUV
ZU96776,6189.122455,Bachelor,M,0.0,90.0,0.0,Personal Auto,California,648.0,Two-Door Car
FF84784,5643.724704,College,M,33317.0,72.0,1.0,Personal Auto,California,345.6,Two-Door Car
QT90140,5332.462694,Doctor,F,68931.0,66.0,0.0,Personal Auto,Arizona,309.577946,Four-Door Car
TO71844,2121.313061,College,M,0.0,67.0,1.0,Personal Auto,Oregon,321.6,Four-Door Car
HV69023,8281.740124,High School or Below,F,19189.0,108.0,0.0,Personal Auto,California,518.4,SUV
RE32481,7835.929299,Master,F,49390.0,195.0,0.0,Personal Auto,California,738.05105,Luxury
CA79988,2552.913868,College,M,33124.0,67.0,0.0,Personal Auto,Oregon,80.119997,Four-Door Car
DO48071,2795.410029,College,F,40516.0,70.0,0.0,Personal Auto,California,137.168874,Two-Door Car
MW48891,8007.399376,High School or Below,F,0.0,112.0,0.0,Personal Auto,Washington,537.6,Luxury
JC37277,6886.324494,College,M,34615.0,87.0,0.0,Personal Auto,Oregon,417.6,Four-Door Car
YU80673,5106.781547,College,F,29894.0,72.0,4.0,Personal Auto,California,16.510134,Four-Door Car
BV69462,5612.375586,Bachelor,F,0.0,79.0,0.0,Corporate Auto,Oregon,379.2,Two-Door Car
DW86238,5658.912313,High School or Below,M,0.0,84.0,0.0,Personal Auto,Washington,847.490817,Four-Door Car
BQ51616,7263.599744,High School or Below,F,86732.0,180.0,0.0,Personal Auto,Oregon,204.373113,Luxury
XX89213,8712.157741,Master,F,68516.0,216.0,0.0,Corporate Auto,Nevada,95.693949,Luxury
JC96695,9198.685111,Doctor,M,31562.0,115.0,0.0,Personal Auto,California,552.0,SUV
RN55306,5162.370678,High School or Below,F,0.0,74.0,0.0,Personal Auto,Oregon,582.420512,Four-Door Car
WH36609,6289.946999,Bachelor,F,24477.0,79.0,0.0,Personal Auto,Arizona,379.2,Four-Door Car
UO43395,3649.708655,Master,M,0.0,100.0,0.0,Personal Auto,Oregon,480.0,SUV
DS32060,6766.558551,College,M,20046.0,87.0,0.0,Personal Auto,California,417.6,Two-Door Car
LK51056,4631.011293,Bachelor,M,78152.0,114.0,0.0,Corporate Auto,Arizona,547.2,SUV
PX71218,6810.52531,Bachelor,M,0.0,65.0,0.0,Personal Auto,Arizona,733.522405,Four-Door Car
NS19456,9378.634228,College,F,36067.0,117.0,0.0,Personal Auto,Oregon,561.6,Luxury
MR60878,15762.53198,Bachelor,F,44362.0,66.0,0.0,Corporate Auto,Oregon,142.113373,Four-Door Car
MB32944,2635.505781,Master,M,77350.0,66.0,0.0,Personal Auto,Nevada,316.8,Four-Door Car
FE70473,5741.72743,College,F,86641.0,71.0,0.0,Personal Auto,Oregon,161.752532,Two-Door Car
XB64251,8414.942855,College,M,72258.0,105.0,0.0,Personal Auto,Oregon,12.497538,SUV
WI38796,9123.911266,Bachelor,M,70737.0,114.0,0.0,Corporate Auto,Oregon,741.655597,SUV
KS12294,15994.008,Bachelor,M,0.0,159.0,0.0,Personal Auto,California,1410.16929,SUV
US89453,9022.08313,College,M,0.0,125.0,0.0,Personal Auto,California,988.535078,SUV
XK39439,4759.664624,College,M,0.0,81.0,3.0,Personal Auto,California,388.8,Four-Door Car
VJ71087,3993.882994,Bachelor,M,17672.0,110.0,0.0,Personal Auto,Arizona,792.0,SUV
FM54600,18853.73945,High School or Below,F,0.0,173.0,0.0,Corporate Auto,Washington,1245.6,SUV
UV43859,8840.193762,High School or Below,F,47297.0,115.0,4.0,Personal Auto,Oregon,796.130111,SUV
JP28293,6696.903521,Doctor,F,57240.0,83.0,0.0,Corporate Auto,California,83.652384,Four-Door Car
UV48189,8476.082867,Bachelor,M,28181.0,109.0,0.0,Personal Auto,California,523.2,SUV
ZA34848,5205.748188,Bachelor,F,31275.0,66.0,0.0,Personal Auto,Arizona,316.8,Two-Door Car
FA57012,6141.961623,College,M,0.0,182.0,0.0,Special Auto,California,1310.4,Luxury
GU82757,4376.363592,Bachelor,F,63774.0,111.0,0.0,Corporate Auto,California,60.036683,Four-Door Car
KW12214,12375.02163,High School or Below,M,78441.0,103.0,0.0,Personal Auto,Oregon,613.866905,SUV
EG97649,3451.10244,College,F,0.0,104.0,2.0,Personal Auto,Oregon,499.2,SUV
YB42706,8107.26533,College,M,0.0,76.0,0.0,Corporate Auto,Nevada,364.8,Two-Door Car
WV74449,8662.048958,College,F,0.0,117.0,0.0,Personal Auto,Washington,511.422666,SUV
AZ77669,8696.907111,High School or Below,M,91423.0,109.0,1.0,Personal Auto,Oregon,435.796252,SUV
FM25704,2535.266473,Bachelor,M,86933.0,63.0,0.0,Corporate Auto,Oregon,269.563038,Two-Door Car
UR34922,5633.741543,Doctor,M,65255.0,72.0,2.0,Personal Auto,California,321.457124,Four-Door Car
RA17555,5176.730072,High School or Below,M,41533.0,65.0,0.0,Corporate Auto,Oregon,232.879766,Four-Door Car
AW71157,5531.723723,College,M,50097.0,71.0,0.0,Personal Auto,California,17.484679,Four-Door Car
IN91592,2810.671023,Bachelor,F,73858.0,72.0,3.0,Personal Auto,California,422.59237,Four-Door Car
WX37953,2780.729047,College,F,94943.0,69.0,0.0,Personal Auto,Oregon,387.545055,Four-Door Car
NL85206,2572.452634,College,F,72685.0,68.0,5.0,Personal Auto,California,14.464783,Four-Door Car
PR23514,7664.219255,College,M,60184.0,199.0,1.0,Personal Auto,California,161.61574,Luxury
XZ23352,3839.746159,High School or Below,F,0.0,106.0,0.0,Corporate Auto,California,763.2,SUV
MX80067,2509.268453,High School or Below,M,74045.0,64.0,0.0,Personal Auto,California,307.2,Four-Door Car
HR10835,14566.09246,High School or Below,M,52564.0,122.0,0.0,Personal Auto,Nevada,42.131925,SUV
FR15942,3220.775528,Bachelor,M,19098.0,87.0,0.0,Personal Auto,Washington,417.6,Two-Door Car
GX22886,3199.824902,College,M,78784.0,80.0,0.0,Personal Auto,Arizona,239.964694,Four-Door Car
HQ70429,16045.10952,College,F,0.0,65.0,0.0,Personal Auto,Washington,163.046956,Two-Door Car
YT84266,4918.916267,College,M,29256.0,63.0,0.0,Personal Auto,Oregon,302.4,Four-Door Car
GH48715,5623.757656,High School or Below,F,77912.0,71.0,1.0,Corporate Auto,Arizona,23.89816,Four-Door Car
BN46866,5677.465907,College,M,45345.0,72.0,0.0,Personal Auto,Oregon,99.039453,Four-Door Car
CG94611,3016.444225,College,M,25630.0,86.0,0.0,Corporate Auto,Oregon,412.8,Two-Door Car
GK94889,5279.124682,College,M,22280.0,68.0,0.0,Personal Auto,California,169.414572,Four-Door Car
QN62538,4803.935174,High School or Below,M,0.0,69.0,0.0,Corporate Auto,Nevada,496.8,Four-Door Car
UQ13133,2608.786334,Master,M,61567.0,65.0,0.0,Personal Auto,Nevada,39.532978,Four-Door Car
DI65961,7832.569008,High School or Below,M,34644.0,66.0,0.0,Personal Auto,Arizona,316.8,Four-Door Car
WQ85760,4260.33573,College,M,26991.0,119.0,0.0,Corporate Auto,California,856.8,SUV
No35621,2369.369299,Bachelor,M,49746.0,61.0,0.0,Personal Auto,Arizona,624.42874,Two-Door Car
IA11644,20604.01627,High School or Below,M,0.0,72.0,1.0,Special Auto,California,723.010515,Two-Door Car
TV53243,2652.067994,College,F,49625.0,66.0,0.0,Corporate Auto,Arizona,261.549577,Two-Door Car
WV53081,2597.864075,College,F,49308.0,65.0,0.0,Corporate Auto,Arizona,150.235884,Four-Door Car
LL57541,7712.436971,Master,F,63624.0,95.0,0.0,Personal Auto,California,175.243467,Four-Door Car
RP27249,4698.88415,Master,F,80358.0,116.0,0.0,Personal Auto,Oregon,443.637243,SUV
OT85112,3403.919366,College,M,38460.0,88.0,1.0,Personal Auto,Washington,91.55098,Four-Door Car
GV47847,4355.702301,High School or Below,M,0.0,64.0,0.0,Personal Auto,California,460.8,Two-Door Car
BB48165,11095.97445,Bachelor,F,0.0,101.0,0.0,Personal Auto,California,727.2,SUV
HH80006,3300.684961,High School or Below,F,0.0,92.0,0.0,Personal Auto,Oregon,711.323244,Four-Door Car
TH70115,6981.081694,College,M,34835.0,89.0,2.0,Personal Auto,California,294.691896,Two-Door Car
WE64781,16922.12519,Bachelor,F,93836.0,139.0,0.0,Corporate Auto,Oregon,497.353106,Luxury
KN27565,7639.670244,Master,M,34075.0,196.0,0.0,Special Auto,Oregon,451.896687,Luxury
LE85123,19237.77089,Bachelor,M,35624.0,66.0,2.0,Personal Auto,Oregon,227.44626,Four-Door Car
QF76244,2915.649943,Doctor,F,83218.0,72.0,0.0,Personal Auto,Oregon,245.103885,Four-Door Car
PU73561,4196.429642,Bachelor,F,24641.0,105.0,0.0,Personal Auto,Arizona,504.0,SUV
HM38744,16473.16905,Bachelor,M,22828.0,106.0,0.0,Corporate Auto,Oregon,508.8,SUV
ST59524,2657.570431,College,M,0.0,71.0,0.0,Personal Auto,Oregon,340.8,Four-Door Car
EZ77297,3267.709691,Master,M,28729.0,90.0,3.0,Personal Auto,California,338.744392,Four-Door Car
DR84843,2584.532849,Bachelor,M,72731.0,65.0,0.0,Personal Auto,Arizona,125.704164,Four-Door Car
MV54498,5503.919257,College,F,59932.0,71.0,1.0,Personal Auto,California,116.600107,Four-Door Car
EM85557,8021.067105,College,F,54292.0,67.0,0.0,Personal Auto,Washington,321.6,Four-Door Car
FY73682,19606.35999,Bachelor,M,0.0,194.0,0.0,Personal Auto,California,931.2,Luxury
XT54610,1904.000852,Bachelor,F,0.0,63.0,3.0,Personal Auto,California,302.4,Four-Door Car
CE16324,7288.297591,College,F,59414.0,91.0,0.0,Personal Auto,Nevada,340.32278,Two-Door Car
KX75698,5553.521059,High School or Below,M,96587.0,138.0,0.0,Personal Auto,Oregon,749.244062,SUV
UV82770,11702.34819,Bachelor,M,0.0,111.0,0.0,Personal Auto,California,532.8,SUV
MX95450,36897.79765,College,F,0.0,133.0,0.0,Personal Auto,Oregon,638.4,SUV
XF96605,2957.102851,College,M,94362.0,74.0,0.0,Personal Auto,California,195.405949,Two-Door Car
WQ75856,19643.54421,Bachelor,F,84488.0,61.0,0.0,Personal Auto,Oregon,208.885686,Four-Door Car
JG35886,4111.888285,College,F,65085.0,103.0,0.0,Personal Auto,California,480.073548,Four-Door Car
XY66810,15122.99194,Bachelor,F,0.0,72.0,0.0,Personal Auto,California,518.4,Two-Door Car
ON50913,12807.09083,College,F,0.0,69.0,0.0,Special Auto,California,450.760925,Four-Door Car
LS59408,2500.241685,High School or Below,M,0.0,67.0,0.0,Personal Auto,Arizona,664.128009,Four-Door Car
XQ14689,4260.709139,College,M,0.0,62.0,0.0,Personal Auto,Nevada,446.4,Four-Door Car
QF55724,2609.533154,Bachelor,M,60798.0,66.0,0.0,Personal Auto,California,316.8,Four-Door Car
FD79560,10796.44832,High School or Below,F,30761.0,69.0,2.0,Special Auto,Arizona,331.2,Two-Door Car
KM18818,2590.654042,College,F,25981.0,65.0,0.0,Personal Auto,Arizona,77.54669,Two-Door Car
XA28126,29199.81072,Bachelor,M,67739.0,149.0,0.0,Personal Auto,California,270.373444,SUV
LJ93770,4194.659772,Doctor,F,25581.0,105.0,0.0,Personal Auto,Arizona,429.695284,SUV
MK52711,10314.52484,High School or Below,F,99759.0,65.0,3.0,Personal Auto,California,74.463101,Two-Door Car
AZ68184,9028.307862,High School or Below,M,76514.0,112.0,0.0,Personal Auto,Washington,573.941286,SUV
NN52789,3954.344534,Bachelor,M,18375.0,103.0,0.0,Personal Auto,Arizona,535.080276,Luxury
XC68458,6089.517361,Bachelor,M,21832.0,84.0,0.0,Personal Auto,California,403.2,Four-Door Car
AF49027,12827.42831,College,F,0.0,117.0,0.0,Personal Auto,Arizona,842.4,Two-Door Car
PR22184,9135.291575,College,F,95330.0,113.0,0.0,Corporate Auto,California,542.4,Luxury
GM98732,7902.681227,College,F,0.0,106.0,0.0,Personal Auto,California,634.396608,SUV
NP66209,14827.91055,College,F,0.0,68.0,2.0,Personal Auto,California,326.4,Two-Door Car
GA46608,2500.834374,Bachelor,M,25899.0,63.0,0.0,Personal Auto,Oregon,302.4,Four-Door Car
FZ79470,5395.346288,Bachelor,F,0.0,74.0,0.0,Personal Auto,Arizona,355.2,Four-Door Car
KR10942,2651.615963,Bachelor,F,33201.0,66.0,0.0,Personal Auto,Oregon,314.044227,Two-Door Car
AW86033,2119.894333,College,M,18287.0,61.0,4.0,Personal Auto,California,292.8,Two-Door Car
LM79063,7155.471967,Doctor,F,76506.0,89.0,0.0,Personal Auto,Arizona,427.2,Two-Door Car
NB30963,5994.226432,High School or Below,M,41859.0,76.0,0.0,Personal Auto,California,166.1306,Two-Door Car
AO40386,22647.21772,College,M,27504.0,91.0,0.0,Personal Auto,Oregon,436.8,Four-Door Car
BN74259,2833.797966,High School or Below,M,45360.0,73.0,0.0,Corporate Auto,Arizona,350.4,Four-Door Car
XV69290,22332.43946,College,M,49078.0,97.0,0.0,Corporate Auto,California,484.013411,Four-Door Car
RE97741,5846.41534,High School or Below,M,0.0,90.0,2.0,Personal Auto,California,648.0,Four-Door Car
HN69035,2867.211836,College,F,91810.0,71.0,0.0,Corporate Auto,Arizona,165.520952,Four-Door Car
SI48717,14435.66453,College,M,70600.0,122.0,1.0,Personal Auto,Oregon,636.982333,SUV
PJ67250,5237.477743,College,F,33554.0,131.0,0.0,Special Auto,Arizona,934.656068,SUV
SH85263,7710.912153,Bachelor,M,77642.0,64.0,0.0,Personal Auto,California,282.146354,Two-Door Car
WV37081,5158.576449,College,M,25963.0,66.0,0.0,Personal Auto,California,298.954932,Four-Door Car
No61408,5414.897604,Bachelor,F,57452.0,136.0,1.0,Personal Auto,California,652.8,SUV
DE91458,2903.749709,Master,F,0.0,77.0,0.0,Personal Auto,Washington,491.66348,Four-Door Car
EP83939,5575.751228,High School or Below,M,91416.0,69.0,0.0,Personal Auto,Arizona,109.904496,Four-Door Car
IU17657,2616.409509,Bachelor,M,22000.0,69.0,0.0,Personal Auto,California,383.224514,Two-Door Car
EO95166,4617.838205,Bachelor,M,41167.0,118.0,0.0,Personal Auto,Oregon,554.957693,Four-Door Car
KX79225,20123.86854,High School or Below,M,0.0,70.0,0.0,Personal Auto,Oregon,504.0,Four-Door Car
EZ60033,3200.795405,Bachelor,F,0.0,86.0,0.0,Corporate Auto,California,412.8,Four-Door Car
KK58047,8583.854913,College,M,53944.0,71.0,0.0,Personal Auto,Oregon,340.8,Two-Door Car
JW62354,4349.30875,College,F,75648.0,108.0,0.0,Personal Auto,Nevada,112.660916,SUV
TT18939,4729.593583,Bachelor,M,29414.0,64.0,0.0,Personal Auto,California,71.303109,Four-Door Car
IJ21010,5015.009472,Bachelor,F,48567.0,130.0,0.0,Personal Auto,Arizona,624.0,SUV
PZ31902,5797.604861,Bachelor,F,69276.0,74.0,2.0,Personal Auto,Arizona,201.327931,Two-Door Car
WD88540,3475.07136,High School or Below,M,0.0,96.0,0.0,Personal Auto,California,460.8,Two-Door Car
IL67915,8542.218196,College,F,50117.0,107.0,0.0,Corporate Auto,Arizona,462.654347,Four-Door Car
VQ76590,16473.16905,Bachelor,M,22828.0,106.0,0.0,Personal Auto,Arizona,508.8,SUV
FJ60600,6776.353402,High School or Below,F,0.0,96.0,0.0,Personal Auto,Oregon,818.730215,Four-Door Car
MP53132,9713.156737,High School or Below,F,0.0,136.0,0.0,Corporate Auto,Oregon,979.2,SUV
XP96549,4429.193391,High School or Below,F,20868.0,112.0,0.0,Personal Auto,Oregon,537.6,SUV
VC34797,2435.535995,Bachelor,F,40921.0,62.0,2.0,Corporate Auto,California,10.560419,Four-Door Car
QV30663,9863.502214,Master,F,99654.0,121.0,0.0,Personal Auto,Nevada,272.788141,SUV
AK90865,8207.858272,High School or Below,F,0.0,110.0,0.0,Special Auto,Oregon,686.90827,Luxury
BX51438,2781.446975,Bachelor,M,56218.0,72.0,2.0,Personal Auto,Arizona,302.942519,Four-Door Car
DU38713,5807.994569,High School or Below,F,70717.0,72.0,0.0,Personal Auto,Arizona,37.28874,Two-Door Car
WQ13284,8395.272249,College,M,62989.0,71.0,1.0,Personal Auto,California,319.131547,Four-Door Car
JB36584,14333.92489,Master,M,41459.0,71.0,0.0,Personal Auto,Arizona,340.8,Four-Door Car
WQ23548,11003.54385,Master,F,0.0,102.0,1.0,Personal Auto,California,489.6,SUV
WZ98067,4049.807215,College,M,42512.0,105.0,1.0,Personal Auto,Oregon,77.479316,Four-Door Car
AQ11656,2141.750757,Bachelor,M,0.0,61.0,0.0,Personal Auto,Arizona,437.040616,Four-Door Car
KL14426,5079.843625,Doctor,F,83288.0,124.0,0.0,Personal Auto,Nevada,353.397699,SUV
PG48617,2895.522489,High School or Below,M,46267.0,72.0,0.0,Personal Auto,California,231.969205,Four-Door Car
QB24570,9031.214859,Master,F,0.0,122.0,0.0,Corporate Auto,Oregon,650.52179,Luxury
NI68379,6554.390004,Master,M,74424.0,81.0,0.0,Personal Auto,Oregon,388.8,Four-Door Car
RS92763,7487.744636,College,F,0.0,72.0,0.0,Personal Auto,Oregon,693.084662,Four-Door Car
PA75237,15118.89548,Doctor,M,58883.0,62.0,0.0,Corporate Auto,Nevada,432.480275,Two-Door Car
LR35392,9007.431501,High School or Below,M,41539.0,116.0,0.0,Personal Auto,Oregon,556.8,Four-Door Car
KC22636,5488.931031,High School or Below,F,33881.0,68.0,0.0,Personal Auto,California,65.659137,Four-Door Car
IJ98317,7234.142952,Bachelor,F,86448.0,90.0,0.0,Personal Auto,California,59.853369,Four-Door Car
DY49235,5205.751205,College,F,25237.0,69.0,0.0,Personal Auto,Arizona,378.345883,Four-Door Car
EG94409,4697.152892,High School or Below,F,0.0,67.0,0.0,Special Auto,Nevada,482.4,Four-Door Car
GB59748,6207.171358,College,F,49419.0,77.0,0.0,Personal Auto,Arizona,203.296071,Four-Door Car
MP68135,6615.815683,College,M,90414.0,83.0,1.0,Personal Auto,Oregon,398.4,Four-Door Car
CZ56843,9708.504642,College,M,39930.0,86.0,1.0,Personal Auto,California,412.8,Four-Door Car
DJ47372,10831.13004,Doctor,M,23202.0,96.0,0.0,Personal Auto,California,460.8,Four-Door Car
XZ51937,4626.801093,Master,F,79487.0,114.0,0.0,Personal Auto,California,547.2,SUV
IZ27630,6748.231188,Master,M,68423.0,85.0,0.0,Personal Auto,Oregon,324.413656,Two-Door Car
IM14119,2542.06388,Bachelor,F,84495.0,63.0,0.0,Special Auto,Arizona,302.4,Two-Door Car
PN53766,5450.394878,Doctor,M,43091.0,69.0,1.0,Corporate Auto,California,330.138332,Four-Door Car
DQ93036,7243.865476,High School or Below,M,41951.0,91.0,0.0,Personal Auto,Arizona,40.536151,Four-Door Car
WA70405,8306.550901,College,M,89834.0,105.0,0.0,Personal Auto,Nevada,504.0,SUV
NF51705,2734.514945,High School or Below,M,92157.0,69.0,0.0,Corporate Auto,Nevada,270.381385,Two-Door Car
LR37068,11030.66148,College,F,35773.0,93.0,0.0,Personal Auto,Oregon,446.4,Four-Door Car
EC18611,3402.39442,High School or Below,M,0.0,99.0,0.0,Personal Auto,Nevada,475.2,Two-Door Car
NP88319,6945.016955,High School or Below,F,15850.0,61.0,0.0,Corporate Auto,Oregon,314.528138,Two-Door Car
AA11235,2568.843396,Bachelor,F,11167.0,73.0,3.0,Personal Auto,Nevada,350.4,Two-Door Car
DL55489,5764.648599,High School or Below,M,21195.0,72.0,0.0,Corporate Auto,Oregon,345.6,Four-Door Car
UU53919,5403.546122,Master,F,27430.0,68.0,0.0,Personal Auto,Oregon,184.955105,Two-Door Car
JI11950,4899.231772,High School or Below,F,0.0,63.0,0.0,Personal Auto,California,302.4,Two-Door Car
QB82117,9048.983447,High School or Below,M,0.0,119.0,0.0,Personal Auto,Oregon,571.2,Luxury
MR33456,8093.898245,High School or Below,M,59839.0,107.0,2.0,Personal Auto,Washington,513.6,SUV
YN17362,2496.766693,College,M,0.0,73.0,0.0,Corporate Auto,California,350.4,Two-Door Car
UR73910,2602.24525,College,M,38166.0,67.0,1.0,Corporate Auto,California,236.842746,Four-Door Car
KG63751,6751.437153,High School or Below,M,0.0,95.0,0.0,Personal Auto,Washington,456.0,Four-Door Car
NK39001,3621.68883,Bachelor,F,13457.0,94.0,0.0,Personal Auto,Oregon,285.825083,Two-Door Car
HR85493,6896.088021,College,M,0.0,68.0,0.0,Personal Auto,California,326.4,Two-Door Car
QC50643,5438.696611,Bachelor,F,52721.0,136.0,0.0,Personal Auto,California,550.127548,SUV
LO90345,14472.583,College,F,22012.0,185.0,0.0,Corporate Auto,Oregon,75.698305,Luxury
WK64739,2359.423599,Bachelor,F,19864.0,63.0,0.0,Corporate Auto,Arizona,352.394515,Four-Door Car
QK88438,5323.267311,College,F,55289.0,67.0,0.0,Personal Auto,Arizona,134.124254,Four-Door Car
QX42433,7390.903278,College,M,30449.0,92.0,0.0,Personal Auto,California,501.092992,Four-Door Car
BH52611,11447.5071,Bachelor,F,27362.0,144.0,0.0,Personal Auto,California,422.78411,SUV
SA77508,5754.853121,High School or Below,F,29460.0,72.0,0.0,Personal Auto,Oregon,29.303915,Four-Door Car
HD99234,10244.2435,College,F,0.0,94.0,0.0,Personal Auto,Oregon,451.2,Four-Door Car
DE37110,4645.569555,Master,M,42532.0,118.0,0.0,Personal Auto,California,200.641734,Luxury
DJ93289,4887.344366,High School or Below,F,66707.0,61.0,0.0,Personal Auto,California,71.980757,Two-Door Car
AC40767,2497.808174,Bachelor,M,68041.0,64.0,0.0,Personal Auto,Washington,165.570243,Two-Door Car
GA79817,2369.111588,Bachelor,M,0.0,65.0,0.0,Corporate Auto,Arizona,468.0,Four-Door Car
QH62059,4490.597249,Bachelor,M,0.0,64.0,1.0,Personal Auto,California,307.2,Four-Door Car
ZS35053,3719.247732,High School or Below,M,40968.0,97.0,1.0,Personal Auto,Arizona,465.6,Four-Door Car
II37804,4198.030023,Bachelor,M,39913.0,106.0,0.0,Personal Auto,Nevada,344.765129,SUV
GE63585,2420.711888,Bachelor,M,31710.0,62.0,0.0,Corporate Auto,California,199.551735,Two-Door Car
UV86903,4462.997006,Bachelor,F,0.0,73.0,3.0,Personal Auto,California,350.4,Two-Door Car
JL71713,6291.655714,Bachelor,F,89113.0,78.0,0.0,Personal Auto,California,219.362643,Four-Door Car
DO60145,4270.034394,College,M,0.0,122.0,0.0,Personal Auto,Arizona,725.870693,SUV
FC59209,2460.665175,Bachelor,F,0.0,67.0,0.0,Personal Auto,California,321.6,Four-Door Car
XQ74827,19435.62924,High School or Below,F,38688.0,249.0,0.0,Special Auto,Arizona,2294.631639,Luxury
EY13576,7374.077921,College,F,0.0,110.0,4.0,Personal Auto,Oregon,528.0,SUV
US82810,18269.53692,Bachelor,F,0.0,127.0,0.0,Corporate Auto,California,609.6,SUV
RC61383,11925.71535,High School or Below,M,28014.0,104.0,0.0,Personal Auto,Oregon,631.594469,SUV
PO80505,4223.274671,College,F,14170.0,109.0,0.0,Personal Auto,Nevada,523.2,SUV
MD17521,10298.38586,High School or Below,M,64825.0,129.0,0.0,Personal Auto,Oregon,359.484342,SUV
YV93921,5229.741907,Bachelor,M,77357.0,67.0,0.0,Personal Auto,California,29.884537,Four-Door Car
JP64518,2402.81597,Bachelor,M,21629.0,62.0,0.0,Corporate Auto,Nevada,298.626189,Two-Door Car
OI98135,3933.813993,High School or Below,M,25927.0,103.0,0.0,Personal Auto,Washington,674.973614,SUV
XS97845,4299.838835,College,M,44388.0,113.0,1.0,Personal Auto,Oregon,496.843023,Four-Door Car
DL20327,7635.554626,College,F,54539.0,63.0,0.0,Personal Auto,Oregon,287.453171,Four-Door Car
GD86131,2722.210707,College,F,17576.0,71.0,0.0,Corporate Auto,California,398.502948,Four-Door Car
ID21061,7291.599536,Master,F,84629.0,90.0,0.0,Personal Auto,Arizona,411.671832,Four-Door Car
EN65835,58753.88046,Bachelor,F,24964.0,185.0,0.0,Personal Auto,Arizona,888.0,SUV
BE65350,5261.037541,High School or Below,F,43573.0,66.0,0.0,Personal Auto,Oregon,409.684798,Two-Door Car
GI82721,16938.29858,College,F,0.0,69.0,0.0,Corporate Auto,Arizona,340.780156,Four-Door Car
YR84813,10575.94816,College,M,0.0,105.0,0.0,Special Auto,Oregon,756.0,Four-Door Car
JZ28301,5552.331515,College,F,35011.0,70.0,0.0,Personal Auto,Oregon,215.728468,Four-Door Car
HL40930,7150.225367,Bachelor,M,63651.0,92.0,0.0,Personal Auto,Oregon,224.711836,Four-Door Car
HL33607,8717.049833,College,M,83846.0,74.0,3.0,Personal Auto,Washington,355.2,Four-Door Car
WU21638,6847.588918,Bachelor,M,0.0,191.0,0.0,Personal Auto,California,1317.008182,Luxury
AG32304,5418.726537,College,F,39133.0,67.0,0.0,Personal Auto,Nevada,90.524457,Four-Door Car
JX26859,3528.044252,Doctor,M,31278.0,92.0,4.0,Personal Auto,California,441.6,Two-Door Car
KC75958,16468.22079,High School or Below,F,0.0,63.0,0.0,Personal Auto,California,685.12694,Four-Door Car
ZV32968,7285.030983,High School or Below,M,44788.0,61.0,0.0,Personal Auto,Oregon,386.031248,Four-Door Car
GU45597,16963.83934,Bachelor,F,0.0,117.0,0.0,Corporate Auto,Oregon,561.6,SUV
SO95845,5807.659307,College,F,62447.0,74.0,0.0,Personal Auto,California,133.977857,Two-Door Car
GL32197,5068.264582,College,M,31475.0,64.0,1.0,Personal Auto,Oregon,22.962412,Four-Door Car
SC11374,8797.829644,College,F,80780.0,109.0,0.0,Corporate Auto,Nevada,3.55,SUV
RT29777,4439.900652,Bachelor,F,88613.0,111.0,0.0,Personal Auto,Oregon,359.36848,SUV
OB73235,2404.459452,College,M,45949.0,62.0,0.0,Corporate Auto,California,110.556062,Two-Door Car
MV41462,5066.634057,Bachelor,F,35596.0,64.0,0.0,Personal Auto,Arizona,307.2,Two-Door Car
FM67585,5890.528762,High School or Below,M,76875.0,73.0,0.0,Personal Auto,California,17.375878,Four-Door Car
KG57925,2410.498573,Bachelor,M,41842.0,61.0,0.0,Corporate Auto,California,292.8,Two-Door Car
IY24560,5288.240125,Bachelor,M,28884.0,72.0,1.0,Corporate Auto,California,518.4,Four-Door Car
BV33510,26413.54751,High School or Below,F,24631.0,83.0,1.0,Personal Auto,Arizona,398.4,Four-Door Car
XA77673,16236.47626,College,F,0.0,74.0,2.0,Personal Auto,Nevada,680.753091,Four-Door Car
XN90861,5534.576395,Bachelor,F,71560.0,69.0,0.0,Personal Auto,Arizona,178.700204,Two-Door Car
WS84995,9202.638441,Master,M,0.0,80.0,0.0,Personal Auto,Nevada,384.0,Four-Door Car
ZZ49347,2592.437797,High School or Below,M,72421.0,65.0,0.0,Personal Auto,Oregon,312.0,Four-Door Car
XX85323,8019.856041,Master,F,54702.0,199.0,0.0,Personal Auto,Arizona,955.2,SUV
JO64487,6943.741598,High School or Below,F,0.0,76.0,5.0,Special Auto,California,547.2,Four-Door Car
TO55363,13367.86562,High School or Below,F,57335.0,67.0,0.0,Personal Auto,Oregon,407.887715,Two-Door Car
UE67791,5885.335302,College,M,0.0,67.0,3.0,Personal Auto,Arizona,482.4,Two-Door Car
JN69287,3479.760165,High School or Below,M,35033.0,87.0,0.0,Personal Auto,California,490.638202,Two-Door Car
AT55072,9103.8997,College,M,65733.0,113.0,0.0,Personal Auto,Arizona,684.948527,Four-Door Car
LV34368,4813.284447,Bachelor,M,0.0,69.0,0.0,Special Auto,California,472.611522,Four-Door Car
QU40939,9575.7578,College,F,0.0,88.0,0.0,Personal Auto,Arizona,633.6,Four-Door Car
IP94270,13736.1325,Master,F,16181.0,181.0,0.0,Personal Auto,Arizona,1261.319869,SUV
KW33804,8090.884414,High School or Below,M,86180.0,69.0,4.0,Personal Auto,Nevada,48.051339,Four-Door Car
IA42992,8267.119555,High School or Below,M,36881.0,104.0,0.0,Special Auto,Arizona,499.2,SUV
CZ19025,2489.16729,High School or Below,F,47888.0,64.0,1.0,Personal Auto,Oregon,545.083116,Four-Door Car
EN54716,2395.57,Doctor,F,21986.0,63.0,0.0,Personal Auto,Oregon,333.696228,Two-Door Car
UF27940,3863.309585,College,F,47199.0,100.0,3.0,Corporate Auto,Washington,480.0,SUV
QD36118,5173.485319,College,F,0.0,69.0,0.0,Personal Auto,Oregon,331.2,Four-Door Car
XI52305,4984.618655,Bachelor,M,86305.0,62.0,0.0,Personal Auto,California,80.73124,Four-Door Car
HZ25580,2396.192355,High School or Below,F,39062.0,61.0,0.0,Corporate Auto,Washington,346.991025,Two-Door Car
JY97451,2631.87754,College,F,16976.0,69.0,0.0,Personal Auto,California,238.952528,Four-Door Car
US78266,6993.838856,High School or Below,F,0.0,65.0,2.0,Corporate Auto,California,468.0,Four-Door Car
SX25962,15055.53836,College,M,83283.0,193.0,1.0,Personal Auto,Arizona,273.702709,Luxury
XQ12791,3401.881747,High School or Below,M,41972.0,86.0,0.0,Personal Auto,California,691.709371,Four-Door Car
EU59853,4126.61326,College,M,34080.0,107.0,1.0,Personal Auto,California,220.644418,Four-Door Car
QR21417,4462.997006,Bachelor,F,0.0,73.0,3.0,Corporate Auto,California,350.4,Two-Door Car
CI27304,9320.090224,College,M,40269.0,81.0,2.0,Personal Auto,California,329.980754,Four-Door Car
WJ52097,3663.740198,Bachelor,F,61894.0,91.0,0.0,Corporate Auto,Oregon,436.8,Four-Door Car
FT65961,4962.208409,College,F,23300.0,63.0,1.0,Corporate Auto,California,339.906034,Four-Door Car
DP87594,2816.758764,Bachelor,F,66023.0,70.0,0.0,Personal Auto,Oregon,265.629611,Two-Door Car
KP96020,4330.769101,Bachelor,F,39660.0,107.0,0.0,Corporate Auto,Arizona,416.8496,Luxury
HQ15974,8262.879764,College,F,0.0,76.0,1.0,Personal Auto,Nevada,32.508635,Four-Door Car
VE98553,4666.643522,Bachelor,M,60466.0,117.0,0.0,Personal Auto,Oregon,784.186389,Four-Door Car
ME44353,5876.054314,College,F,32848.0,74.0,0.0,Personal Auto,Oregon,250.454012,Four-Door Car
AE62631,8427.723769,Bachelor,M,20662.0,72.0,0.0,Personal Auto,Oregon,373.324673,Two-Door Car
GX29162,13023.9329,High School or Below,F,64985.0,108.0,0.0,Personal Auto,Arizona,16.425514,Two-Door Car
LY69932,8209.59982,High School or Below,M,68022.0,103.0,0.0,Personal Auto,Oregon,494.4,Luxury
YY74036,2464.238061,College,M,72834.0,65.0,3.0,Corporate Auto,California,91.941259,Four-Door Car
DP92488,2727.520769,Doctor,F,74592.0,67.0,0.0,Personal Auto,Washington,321.6,Two-Door Car
FO74055,3086.013544,College,F,73938.0,76.0,0.0,Personal Auto,California,53.095599,Two-Door Car
GT97121,22067.728,College,M,15999.0,83.0,0.0,Personal Auto,California,398.4,Four-Door Car
VF83291,4836.054291,College,F,0.0,69.0,0.0,Personal Auto,Oregon,632.081402,Four-Door Car
OU76593,6912.03963,College,M,0.0,96.0,0.0,Personal Auto,Oregon,460.8,Four-Door Car
HO40387,2570.761765,Master,M,0.0,72.0,3.0,Personal Auto,California,345.6,Two-Door Car
GR37045,2991.696011,Bachelor,F,0.0,80.0,0.0,Corporate Auto,Nevada,576.0,Four-Door Car
KZ84621,8253.266591,High School or Below,F,62375.0,103.0,1.0,Personal Auto,Nevada,411.228571,SUV
FR82361,10477.77713,Doctor,M,61427.0,88.0,0.0,Personal Auto,Arizona,422.4,Four-Door Car
UM14883,16373.7273,High School or Below,M,64396.0,103.0,0.0,Special Auto,California,355.409311,SUV
UX32931,5184.94945,College,F,49312.0,65.0,1.0,Corporate Auto,California,230.104769,Four-Door Car
QA68548,10634.83711,High School or Below,F,0.0,61.0,0.0,Personal Auto,California,292.8,Two-Door Car
QV40364,15114.40241,High School or Below,F,28513.0,100.0,1.0,Personal Auto,California,480.0,SUV
TY87896,11875.89915,High School or Below,M,0.0,108.0,0.0,Personal Auto,California,518.4,SUV
CV75841,4369.496687,College,M,97321.0,110.0,0.0,Personal Auto,California,74.744643,Four-Door Car
YO62357,7432.856752,College,F,58839.0,65.0,3.0,Personal Auto,California,18.965718,Two-Door Car
YN19139,2558.762931,High School or Below,M,0.0,72.0,0.0,Corporate Auto,Nevada,518.4,Four-Door Car
PE63707,5452.171237,Bachelor,M,88567.0,67.0,0.0,Personal Auto,Nevada,321.6,Four-Door Car
NS74173,2968.077571,College,M,91646.0,74.0,0.0,Corporate Auto,Nevada,57.678779,Two-Door Car
ZI73222,15700.28436,High School or Below,M,0.0,211.0,0.0,Personal Auto,California,1012.8,Luxury
AC24378,7477.176362,High School or Below,F,48552.0,94.0,0.0,Corporate Auto,Arizona,262.746281,Four-Door Car
XR71687,9407.452895,Bachelor,M,31485.0,118.0,0.0,Personal Auto,Oregon,294.905685,SUV
GJ70481,4428.038374,High School or Below,M,0.0,64.0,0.0,Personal Auto,Arizona,628.801638,Four-Door Car
JI94264,10053.55227,College,M,16511.0,135.0,0.0,Personal Auto,Arizona,972.0,SUV
YI95434,2907.898828,College,F,51020.0,73.0,0.0,Personal Auto,California,350.4,Four-Door Car
RL34830,7644.763153,College,M,43838.0,97.0,0.0,Corporate Auto,California,465.6,Four-Door Car
CA96568,9709.746073,College,M,0.0,133.0,0.0,Corporate Auto,Oregon,827.085431,SUV
UO16539,8439.615236,Bachelor,M,22454.0,110.0,2.0,Personal Auto,Washington,556.097027,SUV
NP18074,4209.682602,Bachelor,F,57933.0,105.0,0.0,Personal Auto,Arizona,533.255723,SUV
TW45475,8556.418397,College,M,0.0,124.0,3.0,Personal Auto,Nevada,595.2,SUV
CM66204,26770.44534,College,F,26335.0,113.0,1.0,Personal Auto,Arizona,355.818306,SUV
DX80961,16265.58682,Bachelor,F,85322.0,134.0,0.0,Personal Auto,Arizona,735.491986,SUV
JZ15681,3624.901612,High School or Below,M,37843.0,92.0,0.0,Personal Auto,California,354.455466,Four-Door Car
ZZ31825,2519.918897,Bachelor,M,0.0,67.0,0.0,Personal Auto,Oregon,482.4,Four-Door Car
TF77410,4819.183706,College,M,74730.0,61.0,0.0,Personal Auto,Arizona,421.235276,Four-Door Car
HI16452,3028.780121,High School or Below,M,0.0,94.0,1.0,Special Auto,Oregon,483.881752,Four-Door Car
CW98845,2316.796105,Bachelor,M,0.0,64.0,0.0,Personal Auto,Oregon,307.2,Four-Door Car
NI99807,13869.92705,College,M,28432.0,118.0,0.0,Personal Auto,Oregon,612.300581,SUV
QL45827,25807.063,College,F,71210.0,214.0,1.0,Personal Auto,Washington,1027.2,Luxury
GU60969,2342.01381,Bachelor,M,19581.0,67.0,0.0,Corporate Auto,Arizona,321.6,Four-Door Car
FS67103,2747.771656,Bachelor,M,0.0,80.0,0.0,Special Auto,Oregon,576.0,Two-Door Car
FQ24929,5479.555081,Master,M,56005.0,68.0,1.0,Personal Auto,Oregon,326.4,Four-Door Car
YA12007,9199.539814,College,F,0.0,80.0,0.0,Personal Auto,California,572.847549,Four-Door Car
EW46828,8060.161694,High School or Below,M,23671.0,69.0,0.0,Personal Auto,Arizona,331.2,Four-Door Car
YP67379,6686.128629,High School or Below,M,22244.0,84.0,0.0,Personal Auto,Arizona,114.815893,Four-Door Car
KH16079,4709.52218,High School or Below,F,0.0,66.0,0.0,Personal Auto,Washington,470.576119,Four-Door Car
SJ87277,2685.425957,High School or Below,M,75329.0,67.0,0.0,Corporate Auto,Arizona,45.905292,Four-Door Car
DW14769,3920.511337,High School or Below,F,0.0,108.0,1.0,Personal Auto,Arizona,525.392239,Two-Door Car
CN13435,5493.698779,College,F,44369.0,68.0,0.0,Personal Auto,California,185.291566,Four-Door Car
KO95143,8521.738901,High School or Below,M,37910.0,108.0,0.0,Personal Auto,California,518.4,Four-Door Car
GT66241,2414.072446,High School or Below,M,0.0,71.0,0.0,Personal Auto,California,511.2,Four-Door Car
PP97061,4282.947971,College,F,40864.0,109.0,1.0,Personal Auto,Nevada,166.937747,SUV
KP97208,5918.330563,College,F,94846.0,73.0,0.0,Corporate Auto,Oregon,305.031114,Two-Door Car
SB24397,7519.133631,High School or Below,M,96306.0,95.0,1.0,Personal Auto,California,185.355353,Four-Door Car
EM32982,4472.334422,Doctor,F,53519.0,111.0,0.0,Corporate Auto,Arizona,520.036279,SUV
LB97434,5531.627731,Bachelor,M,50648.0,69.0,1.0,Personal Auto,Arizona,331.2,Two-Door Car
RR37715,8435.176463,Bachelor,M,64692.0,70.0,0.0,Corporate Auto,Oregon,336.0,Two-Door Car
TC81636,10196.1106,High School or Below,M,0.0,100.0,0.0,Corporate Auto,Arizona,720.0,SUV
IC55961,20552.62128,High School or Below,F,0.0,187.0,1.0,Corporate Auto,Arizona,1430.336183,Luxury
HR48520,3915.798108,Bachelor,M,0.0,109.0,0.0,Personal Auto,Oregon,784.8,SUV
VI42566,6010.502178,Master,M,49311.0,74.0,0.0,Personal Auto,Oregon,355.2,Four-Door Car
NU84299,2854.114491,High School or Below,M,71126.0,71.0,0.0,Personal Auto,Arizona,324.739746,Four-Door Car
RT63209,5994.255419,Master,F,74284.0,74.0,0.0,Personal Auto,California,268.130863,Four-Door Car
AM52614,4477.45201,Bachelor,F,41402.0,119.0,4.0,Personal Auto,Oregon,571.2,Luxury
UO40192,5544.909083,High School or Below,M,79619.0,71.0,3.0,Personal Auto,Nevada,280.89705,Four-Door Car
SD67101,3600.934326,High School or Below,F,25147.0,101.0,0.0,Personal Auto,Nevada,694.598288,SUV
EW35231,9934.865795,High School or Below,F,56379.0,125.0,1.0,Corporate Auto,Oregon,600.0,SUV
CT18212,6874.84827,Bachelor,F,0.0,96.0,0.0,Personal Auto,California,691.2,Four-Door Car
YL91587,2374.147419,High School or Below,M,48911.0,61.0,0.0,Personal Auto,Arizona,292.8,Two-Door Car
HS14476,9162.063169,College,M,29723.0,80.0,0.0,Personal Auto,Washington,20.985105,Four-Door Car
DA28072,7380.086414,Master,F,21841.0,91.0,0.0,Corporate Auto,Arizona,436.8,Four-Door Car
JO98946,2655.996158,Bachelor,M,31796.0,68.0,0.0,Personal Auto,Oregon,377.442796,Four-Door Car
BA26944,7591.109246,Bachelor,M,0.0,105.0,0.0,Corporate Auto,Nevada,504.0,SUV
AR47849,5015.009472,Bachelor,F,48567.0,130.0,0.0,Personal Auto,Nevada,624.0,SUV
FO82261,4603.975141,College,M,66161.0,118.0,0.0,Personal Auto,Oregon,457.593764,SUV
QO56662,2551.226692,Master,M,79751.0,63.0,0.0,Personal Auto,Arizona,392.235698,Two-Door Car
UF74084,5641.35916,Bachelor,M,39469.0,71.0,0.0,Personal Auto,Arizona,315.560161,Two-Door Car
OX75108,5463.913828,Master,F,44305.0,67.0,0.0,Personal Auto,Arizona,214.772284,Four-Door Car
QG25195,4866.647452,Bachelor,F,0.0,68.0,0.0,Personal Auto,Oregon,444.030724,Four-Door Car
HT50748,2779.85389,Doctor,F,38893.0,69.0,0.0,Personal Auto,Oregon,279.960213,Two-Door Car
HC42288,4563.018085,College,F,39187.0,118.0,1.0,Corporate Auto,California,566.4,SUV
TC69546,14376.55039,College,M,70341.0,179.0,0.0,Personal Auto,Arizona,253.511935,SUV
GJ63345,2279.747148,Bachelor,F,0.0,64.0,0.0,Personal Auto,Arizona,460.8,Four-Door Car
RK45396,5380.316469,Bachelor,M,0.0,73.0,0.0,Corporate Auto,California,350.4,Four-Door Car
YA71207,8708.27928,High School or Below,F,30090.0,73.0,0.0,Corporate Auto,California,329.517492,Two-Door Car
FK95213,18611.45356,Master,F,49673.0,232.0,0.0,Personal Auto,California,1021.654003,Luxury
MC53402,2215.912948,College,M,0.0,66.0,0.0,Personal Auto,Washington,389.944994,Two-Door Car
VU18023,7780.903354,High School or Below,F,0.0,70.0,0.0,Personal Auto,California,504.0,Four-Door Car
VN37592,2860.864563,High School or Below,M,50332.0,72.0,0.0,Personal Auto,Arizona,345.6,Four-Door Car
KL58949,5577.942343,Bachelor,M,70190.0,71.0,0.0,Corporate Auto,California,15.169017,Two-Door Car
KU14261,7268.096004,Master,F,38179.0,90.0,1.0,Personal Auto,Arizona,374.716271,Four-Door Car
RL97327,4060.956163,Bachelor,M,0.0,115.0,1.0,Personal Auto,Washington,699.823461,Four-Door Car
TO60700,7813.411572,Bachelor,F,25859.0,74.0,0.0,Special Auto,Washington,355.2,Four-Door Car
CR33417,4762.156975,Master,F,36529.0,118.0,0.0,Personal Auto,Washington,255.005116,SUV
ZK90062,14166.20344,Bachelor,M,67588.0,118.0,0.0,Personal Auto,Arizona,566.4,Luxury
JP44710,4354.398727,High School or Below,M,0.0,121.0,0.0,Personal Auto,Nevada,871.2,SUV
RR93140,2880.348532,College,F,81565.0,71.0,0.0,Personal Auto,California,190.642833,Four-Door Car
HW56522,19185.0725,Bachelor,M,35322.0,244.0,0.0,Personal Auto,Arizona,76.826503,Luxury
LR27773,5329.075482,Bachelor,F,43671.0,67.0,0.0,Corporate Auto,California,190.649902,Four-Door Car
CT88432,4883.805481,Bachelor,F,58682.0,61.0,0.0,Corporate Auto,Arizona,206.810286,Four-Door Car
OK86731,4510.194071,College,M,44230.0,114.0,0.0,Personal Auto,Oregon,738.222494,Luxury
GB75821,15304.51777,Bachelor,M,40269.0,193.0,0.0,Personal Auto,Oregon,926.4,Luxury
KL48832,5237.935672,College,F,31756.0,66.0,0.0,Corporate Auto,Nevada,160.855921,Four-Door Car
CA54112,15119.55539,Doctor,M,47725.0,63.0,0.0,Personal Auto,Nevada,142.205246,Two-Door Car
VC43751,5860.01804,Bachelor,F,38684.0,74.0,0.0,Personal Auto,Arizona,376.760016,Two-Door Car
BC87551,32306.28587,High School or Below,F,36301.0,118.0,0.0,Corporate Auto,California,647.954067,SUV
TD58354,4655.392106,High School or Below,M,0.0,67.0,0.0,Personal Auto,Nevada,482.4,Four-Door Car
XM19715,5326.501981,College,F,22268.0,67.0,0.0,Personal Auto,Oregon,294.803913,Two-Door Car
KH19280,6513.612638,College,F,50037.0,81.0,0.0,Special Auto,Arizona,303.384527,Four-Door Car
GE50763,3491.741616,Bachelor,M,0.0,104.0,0.0,Corporate Auto,Washington,748.8,Four-Door Car
VW63894,7870.360084,Master,M,75740.0,98.0,0.0,Personal Auto,California,46.702524,Four-Door Car
YX36936,4274.618943,College,M,39621.0,109.0,1.0,Corporate Auto,Arizona,25.292113,SUV
AF49625,7189.106255,Bachelor,F,75838.0,90.0,0.0,Corporate Auto,Oregon,428.907968,Two-Door Car
QN30162,11315.20373,Bachelor,F,11885.0,101.0,0.0,Special Auto,Oregon,484.8,Four-Door Car
UI21548,2480.529264,High School or Below,F,29444.0,63.0,0.0,Personal Auto,California,302.4,Two-Door Car
IN52645,7344.836277,High School or Below,F,64371.0,181.0,0.0,Personal Auto,Oregon,868.8,SUV
CQ76030,6974.922464,High School or Below,M,26514.0,91.0,0.0,Personal Auto,Oregon,655.2,Four-Door Car
BW94308,20096.89337,High School or Below,F,92766.0,71.0,0.0,Personal Auto,Washington,379.029102,Two-Door Car
PP39078,5623.611187,College,F,31504.0,71.0,0.0,Special Auto,California,340.8,Four-Door Car
LM86393,2828.095211,High School or Below,F,98680.0,72.0,2.0,Personal Auto,Oregon,345.6,Four-Door Car
NB81923,7294.492993,College,F,0.0,113.0,2.0,Personal Auto,Washington,733.737214,Luxury
SZ61347,5583.575264,College,M,76927.0,138.0,0.0,Personal Auto,California,114.743547,SUV
VM53683,25763.41423,Bachelor,F,78804.0,71.0,0.0,Personal Auto,Nevada,389.636991,Four-Door Car
BA38428,5639.941974,High School or Below,M,73168.0,70.0,0.0,Corporate Auto,Arizona,425.800112,Four-Door Car
FX80133,4576.759564,Master,F,48569.0,114.0,0.0,Personal Auto,California,434.7579,Four-Door Car
MT41386,2875.43239,Bachelor,M,84768.0,72.0,0.0,Personal Auto,Washington,110.484661,Two-Door Car
KV53202,3031.399321,High School or Below,F,0.0,86.0,0.0,Corporate Auto,California,619.2,Two-Door Car
DB79694,5979.724161,High School or Below,F,57693.0,76.0,0.0,Corporate Auto,Arizona,547.2,Four-Door Car
VY75186,2242.244448,College,M,0.0,65.0,0.0,Personal Auto,California,85.612463,Four-Door Car
IR57729,16547.63728,High School or Below,M,46593.0,70.0,0.0,Corporate Auto,California,129.151543,Two-Door Car
FG16885,15814.74557,College,M,0.0,146.0,0.0,Personal Auto,Arizona,1055.43784,SUV
NW21079,4879.384813,Master,F,67163.0,61.0,2.0,Personal Auto,Washington,33.192803,Two-Door Car
FR81224,5494.87251,Master,M,89205.0,68.0,0.0,Personal Auto,Oregon,165.523154,Two-Door Car
YK92213,5060.303189,Doctor,M,0.0,138.0,0.0,Personal Auto,Oregon,570.777441,Luxury
JV99867,11269.23099,Bachelor,F,65448.0,94.0,0.0,Special Auto,California,451.2,Four-Door Car
TN66124,10552.87837,High School or Below,M,77627.0,88.0,0.0,Corporate Auto,California,205.169178,Two-Door Car
NT78297,7517.378484,Bachelor,F,37695.0,96.0,0.0,Personal Auto,Oregon,460.8,Two-Door Car
KG49115,6298.177143,College,F,89411.0,78.0,0.0,Personal Auto,California,116.237322,Four-Door Car
WC77067,7821.945982,College,M,0.0,114.0,0.0,Corporate Auto,Nevada,914.31553,SUV
DW62397,22806.46912,Master,F,10337.0,67.0,0.0,Personal Auto,Oregon,321.6,Four-Door Car
GK67747,4386.277558,College,M,10621.0,67.0,0.0,Special Auto,Washington,321.6,Four-Door Car
QM39493,3499.988408,High School or Below,M,16711.0,91.0,1.0,Personal Auto,California,580.622219,Four-Door Car
JD11661,7528.092744,College,F,0.0,106.0,0.0,Personal Auto,Oregon,508.8,SUV
PT73521,2732.613084,College,M,42968.0,69.0,0.0,Personal Auto,California,331.2,Four-Door Car
TC99043,13736.1325,Master,F,16181.0,181.0,0.0,Personal Auto,California,1261.319869,SUV
PY50779,7060.212867,High School or Below,M,85412.0,88.0,0.0,Personal Auto,Arizona,134.684555,Four-Door Car
FK97285,3732.305945,High School or Below,F,75774.0,92.0,1.0,Corporate Auto,California,441.6,Four-Door Car
JG12505,4064.182317,Master,F,26599.0,101.0,0.0,Personal Auto,Nevada,254.380731,SUV
FX65946,5754.746414,Bachelor,M,34847.0,73.0,0.0,Personal Auto,Arizona,525.6,Four-Door Car
OU88023,8460.80939,High School or Below,F,0.0,115.0,0.0,Personal Auto,California,552.0,SUV
XN32623,5638.150224,Bachelor,M,85896.0,70.0,0.0,Personal Auto,Oregon,48.629646,Four-Door Car
EV78251,7163.540342,Doctor,F,0.0,66.0,0.0,Personal Auto,Oregon,316.8,Two-Door Car
HC80108,2803.796963,College,F,43775.0,70.0,0.0,Personal Auto,California,310.744656,Four-Door Car
LG45661,20940.30306,High School or Below,F,0.0,67.0,0.0,Personal Auto,Nevada,482.4,Four-Door Car
ZJ22132,3130.67843,High School or Below,F,42056.0,78.0,0.0,Personal Auto,Oregon,221.951098,Four-Door Car
LG53863,3741.570763,High School or Below,F,13093.0,100.0,0.0,Personal Auto,Oregon,514.507039,SUV
KR87696,3439.089657,College,F,98278.0,85.0,0.0,Personal Auto,California,367.577872,Four-Door Car
LN44535,7284.445594,College,F,44605.0,91.0,0.0,Personal Auto,Washington,436.8,Four-Door Car
FU63281,5278.528037,Bachelor,M,32365.0,67.0,0.0,Personal Auto,Arizona,193.147858,Four-Door Car
KV17007,5680.276365,College,M,82255.0,71.0,0.0,Personal Auto,California,145.004323,Four-Door Car
GR42174,2194.668123,College,M,0.0,62.0,0.0,Personal Auto,Oregon,623.525433,Four-Door Car
SR71812,6473.32562,High School or Below,F,0.0,88.0,0.0,Personal Auto,California,468.492761,Four-Door Car
CA29908,18522.29433,High School or Below,M,65903.0,66.0,0.0,Personal Auto,Oregon,316.8,Four-Door Car
OB98149,4700.007467,College,F,11417.0,63.0,0.0,Personal Auto,Washington,302.4,Two-Door Car
FX30915,21295.51371,High School or Below,F,0.0,96.0,0.0,Corporate Auto,Arizona,677.616967,Two-Door Car
OC39051,6158.846901,College,M,0.0,67.0,2.0,Personal Auto,California,321.6,Four-Door Car
LW80918,8653.562027,Doctor,M,69704.0,72.0,0.0,Personal Auto,Oregon,89.921281,Two-Door Car
EC94366,3776.320768,Doctor,M,20101.0,96.0,0.0,Corporate Auto,Oregon,291.536748,Four-Door Car
PI92163,4897.041423,Bachelor,M,24383.0,69.0,2.0,Corporate Auto,Nevada,331.2,Four-Door Car
LZ68649,14947.9173,Bachelor,M,22139.0,100.0,0.0,Personal Auto,Washington,480.0,SUV
IB39821,9011.129467,Bachelor,M,88708.0,112.0,0.0,Personal Auto,Arizona,499.663591,Luxury
WI75766,10083.48688,High School or Below,F,11828.0,90.0,0.0,Personal Auto,Arizona,571.479602,Four-Door Car
DR27120,2938.728161,Bachelor,F,0.0,80.0,1.0,Corporate Auto,Washington,384.0,Two-Door Car
UQ67668,5639.941974,High School or Below,M,73168.0,70.0,0.0,Personal Auto,Nevada,425.800112,Four-Door Car
PR64751,2606.045519,Bachelor,M,0.0,71.0,0.0,Corporate Auto,Nevada,409.459488,Two-Door Car
CL79250,52811.49112,Bachelor,M,0.0,182.0,0.0,Corporate Auto,Nevada,873.6,Luxury
ZR72236,5226.286197,Master,M,76646.0,65.0,0.0,Personal Auto,Nevada,263.844471,Two-Door Car
SG52649,8382.630118,High School or Below,M,19683.0,117.0,1.0,Corporate Auto,Washington,561.6,Luxury
SG96896,14703.13246,High School or Below,M,0.0,71.0,1.0,Personal Auto,Oregon,819.576016,Four-Door Car
QJ50723,18948.34795,Master,F,0.0,124.0,0.0,Personal Auto,Oregon,595.2,SUV
NU64028,12265.60041,Bachelor,M,35693.0,103.0,0.0,Personal Auto,Nevada,494.4,Luxury
PM63319,4529.976333,College,F,0.0,65.0,0.0,Personal Auto,Washington,438.369382,Four-Door Car
YG46815,9220.013197,High School or Below,M,0.0,136.0,0.0,Personal Auto,Arizona,979.2,SUV
XF94149,4087.512572,College,M,24123.0,104.0,0.0,Personal Auto,California,748.8,SUV
ME99882,9247.547393,Bachelor,M,85654.0,116.0,0.0,Personal Auto,Arizona,346.265295,Two-Door Car
YZ67161,13024.13012,Master,M,0.0,125.0,0.0,Personal Auto,Oregon,900.0,SUV
WA45944,25807.063,College,F,71210.0,214.0,1.0,Corporate Auto,Arizona,1027.2,Luxury
UM53032,6104.723142,College,M,84822.0,76.0,0.0,Corporate Auto,California,219.879452,Four-Door Car
LW43115,2725.356404,Master,F,36650.0,69.0,1.0,Personal Auto,California,56.60333,Four-Door Car
YK93229,3260.74476,High School or Below,M,0.0,90.0,0.0,Personal Auto,Oregon,432.0,Two-Door Car
FH65253,23740.12142,High School or Below,M,28025.0,87.0,0.0,Personal Auto,Oregon,611.40108,Four-Door Car
IH43245,7599.895827,College,M,52113.0,97.0,0.0,Corporate Auto,Nevada,465.6,Four-Door Car
TO20795,32467.66151,Doctor,M,37675.0,104.0,0.0,Corporate Auto,Washington,731.970027,Four-Door Car
TO14996,5633.949267,High School or Below,M,37595.0,70.0,0.0,Personal Auto,Oregon,501.994635,Four-Door Car
XN34686,5640.021911,High School or Below,M,41396.0,70.0,0.0,Special Auto,Oregon,336.0,Four-Door Car
KA13067,8370.401649,High School or Below,M,77512.0,104.0,0.0,Corporate Auto,Oregon,433.608534,SUV
LQ76461,5170.450306,High School or Below,F,35334.0,65.0,0.0,Personal Auto,Oregon,468.0,Four-Door Car
BH60627,7521.194691,College,M,0.0,104.0,0.0,Personal Auto,Oregon,499.2,Four-Door Car
CD48033,12731.95161,Doctor,M,40870.0,105.0,0.0,Personal Auto,Oregon,504.0,SUV
AC58002,5666.867962,Bachelor,F,53907.0,71.0,0.0,Corporate Auto,California,189.907577,Four-Door Car
VM21699,4436.806209,Bachelor,F,77609.0,111.0,0.0,Corporate Auto,Oregon,62.935952,Luxury
YM24654,17966.28765,High School or Below,F,0.0,70.0,0.0,Personal Auto,Washington,504.0,Four-Door Car
RR66500,2436.005997,Master,M,87462.0,61.0,1.0,Corporate Auto,California,51.294615,Four-Door Car
GJ31412,6650.816974,Bachelor,M,99494.0,83.0,0.0,Personal Auto,Oregon,398.4,Four-Door Car
WO64354,2751.365822,Bachelor,F,42585.0,69.0,0.0,Personal Auto,California,288.295744,Two-Door Car
UG37492,4362.931238,College,M,58842.0,110.0,0.0,Personal Auto,California,528.0,Four-Door Car
PR51268,4014.453113,Doctor,F,37384.0,99.0,0.0,Personal Auto,Arizona,475.2,Four-Door Car
NJ10602,8459.053233,College,F,92717.0,70.0,0.0,Personal Auto,Washington,224.27582,Two-Door Car
OP60201,2203.439795,College,M,0.0,72.0,2.0,Personal Auto,Oregon,518.715288,Four-Door Car
QK69627,9388.162927,High School or Below,F,75264.0,78.0,0.0,Personal Auto,Washington,343.340301,Four-Door Car
DP63956,6791.215414,Bachelor,F,0.0,101.0,1.0,Corporate Auto,Arizona,727.2,SUV
MV89967,23142.1509,College,F,0.0,105.0,0.0,Personal Auto,Oregon,564.947278,Four-Door Car
MQ37971,3038.114641,Bachelor,F,31532.0,79.0,0.0,Personal Auto,Arizona,241.077843,Four-Door Car
CO12132,8879.790017,High School or Below,F,52583.0,113.0,0.0,Personal Auto,California,528.20086,SUV
UG19550,21590.44235,High School or Below,M,62477.0,183.0,0.0,Personal Auto,California,40.287304,Luxury
SQ18525,8457.461231,College,F,26023.0,72.0,1.0,Personal Auto,Arizona,79.463916,Four-Door Car
VG11458,4770.73904,Bachelor,M,28666.0,64.0,0.0,Personal Auto,California,307.2,Four-Door Car
TG75223,4312.869599,Bachelor,M,21004.0,62.0,0.0,Personal Auto,California,297.6,Two-Door Car
WW85018,6293.963716,Bachelor,M,45430.0,81.0,0.0,Personal Auto,Washington,388.8,Two-Door Car
MY11682,7098.017093,Bachelor,M,37511.0,185.0,2.0,Personal Auto,California,579.467191,Luxury
NI49607,4395.885525,College,F,28719.0,110.0,0.0,Personal Auto,Oregon,792.0,SUV
NX18821,5564.735366,Master,M,49833.0,69.0,0.0,Personal Auto,Oregon,331.2,Four-Door Car
JZ63423,5321.108879,College,M,67431.0,136.0,1.0,Personal Auto,Arizona,652.8,SUV
DG30586,2867.312197,Bachelor,F,23376.0,78.0,0.0,Personal Auto,Oregon,374.4,Four-Door Car
QS79556,9414.119587,College,F,20455.0,84.0,2.0,Corporate Auto,Arizona,564.922034,Two-Door Car
SW74846,7414.436023,Bachelor,F,62473.0,185.0,0.0,Personal Auto,Washington,1298.853615,Luxury
FZ24763,5078.451231,Bachelor,M,35289.0,65.0,0.0,Personal Auto,California,123.945627,Four-Door Car
TW73441,2773.455358,High School or Below,F,73478.0,68.0,0.0,Personal Auto,Nevada,241.88878,Four-Door Car
FP60372,8072.746442,Bachelor,M,30584.0,68.0,0.0,Personal Auto,Nevada,51.662597,Two-Door Car
XS17260,12280.76661,College,M,88340.0,102.0,0.0,Personal Auto,Oregon,489.6,Two-Door Car
HX77930,3136.432103,College,F,49532.0,79.0,1.0,Personal Auto,Washington,220.186677,Four-Door Car
OP47206,5232.333113,College,M,0.0,154.0,0.0,Corporate Auto,Arizona,1140.523821,Luxury
KI25980,14722.22122,Master,M,43982.0,126.0,1.0,Personal Auto,Washington,604.8,SUV
SM88270,30118.6554,High School or Below,M,68906.0,187.0,0.0,Personal Auto,California,1053.300143,Luxury
RM83767,5970.995737,College,M,64008.0,85.0,5.0,Personal Auto,Washington,372.893812,Four-Door Car
YE45848,8026.278333,Bachelor,F,87421.0,99.0,0.0,Corporate Auto,California,475.2,Two-Door Car
QO77034,3567.503755,Bachelor,M,0.0,102.0,0.0,Personal Auto,California,660.430456,SUV
FQ66070,8491.020256,College,M,62076.0,71.0,0.0,Personal Auto,California,227.225113,Four-Door Car
YQ44187,2545.220272,Bachelor,F,26746.0,66.0,0.0,Personal Auto,Oregon,165.75305,Two-Door Car
PW65305,8870.673845,College,M,91580.0,73.0,0.0,Personal Auto,California,290.70096,Two-Door Car
KB44286,46770.94705,High School or Below,F,64403.0,198.0,0.0,Corporate Auto,Oregon,111.173021,Luxury
JV89183,9378.900706,Bachelor,M,51425.0,119.0,0.0,Personal Auto,Oregon,560.154132,Four-Door Car
IS75141,5645.513529,High School or Below,F,44162.0,71.0,0.0,Personal Auto,Oregon,160.825045,Two-Door Car
XO90806,8406.763319,College,F,67128.0,105.0,0.0,Personal Auto,California,339.017729,SUV
QN44699,4655.209814,Bachelor,F,30383.0,119.0,0.0,Personal Auto,Oregon,803.686321,Two-Door Car
BV98316,6520.824777,Bachelor,F,93721.0,80.0,0.0,Personal Auto,Arizona,489.594642,Four-Door Car
JJ66819,2989.963139,Bachelor,F,79867.0,74.0,1.0,Personal Auto,Oregon,78.172321,Four-Door Car
KM72596,32677.34284,Doctor,M,39393.0,121.0,0.0,Personal Auto,Arizona,491.151197,SUV
HX72126,21112.53624,Bachelor,F,0.0,81.0,0.0,Personal Auto,Nevada,136.848554,Four-Door Car
WX48434,4270.034394,College,M,0.0,122.0,0.0,Corporate Auto,Arizona,725.870693,SUV
LW12893,7911.626107,High School or Below,F,43916.0,68.0,2.0,Personal Auto,California,326.4,Four-Door Car
XO94933,3944.231185,Bachelor,F,33282.0,100.0,1.0,Personal Auto,California,207.510821,SUV
NS92256,23777.81427,Master,F,33032.0,86.0,1.0,Personal Auto,Oregon,87.080119,Two-Door Car
IR62720,6842.580052,Bachelor,M,25259.0,87.0,0.0,Personal Auto,Nevada,417.6,Four-Door Car
XP81320,2521.161048,College,F,19637.0,67.0,0.0,Personal Auto,Oregon,333.138214,Four-Door Car
CA52541,3808.122147,College,F,94903.0,94.0,0.0,Corporate Auto,California,451.2,Two-Door Car
IB59831,15512.56424,College,M,39794.0,133.0,0.0,Corporate Auto,Oregon,638.4,SUV
VO61192,6751.782327,High School or Below,M,42433.0,85.0,0.0,Personal Auto,Oregon,410.946167,Four-Door Car
UV17888,7405.420506,Bachelor,F,22044.0,65.0,0.0,Corporate Auto,California,10.393016,Four-Door Car
WX31658,7218.015592,Doctor,F,32312.0,61.0,3.0,Personal Auto,Arizona,276.590788,Two-Door Car
RQ79244,3362.551989,College,F,0.0,97.0,0.0,Personal Auto,California,698.4,Four-Door Car
UL90124,5038.979968,High School or Below,F,72919.0,130.0,5.0,Personal Auto,Oregon,936.0,SUV
PN12718,8681.046339,Bachelor,M,0.0,86.0,2.0,Personal Auto,California,541.217743,Two-Door Car
CN63432,13197.92893,College,F,0.0,68.0,3.0,Personal Auto,Arizona,326.4,Four-Door Car
WA24038,4595.457544,Bachelor,M,76357.0,117.0,1.0,Personal Auto,Oregon,4.074222,SUV
TR40401,5073.282126,Doctor,M,57709.0,125.0,0.0,Personal Auto,Oregon,600.0,SUV
UQ73252,4636.54647,College,M,26802.0,66.0,1.0,Personal Auto,Arizona,316.8,Two-Door Car
LK91880,8376.332294,College,F,26448.0,105.0,0.0,Personal Auto,California,75.330276,Luxury
UA50747,25997.74996,High School or Below,F,62262.0,72.0,0.0,Corporate Auto,Washington,193.505325,Four-Door Car
RV22056,4971.353586,Bachelor,F,98784.0,124.0,1.0,Personal Auto,Oregon,155.412984,Luxury
FW92569,13270.9446,College,M,28727.0,113.0,0.0,Corporate Auto,Arizona,350.877502,SUV
AS26192,5519.078475,High School or Below,M,50406.0,70.0,0.0,Corporate Auto,Oregon,132.208612,Four-Door Car
PX72779,7942.174213,Master,M,41832.0,66.0,0.0,Personal Auto,Arizona,402.749918,Four-Door Car
PZ47901,5504.139033,Bachelor,F,0.0,73.0,0.0,Corporate Auto,Arizona,350.4,Four-Door Car
LE41874,5140.11289,High School or Below,F,0.0,138.0,0.0,Corporate Auto,Nevada,900.617364,SUV
WT10649,6583.205691,Bachelor,M,0.0,97.0,0.0,Personal Auto,Oregon,465.6,Four-Door Car
SP80065,7899.217251,High School or Below,F,40032.0,99.0,0.0,Special Auto,California,475.2,Four-Door Car
WW37525,7659.499583,High School or Below,M,95701.0,98.0,3.0,Personal Auto,California,99.697769,Four-Door Car
MF15503,7055.962564,Bachelor,M,0.0,108.0,1.0,Special Auto,Nevada,777.6,Two-Door Car
GJ52970,7238.504049,High School or Below,M,0.0,66.0,1.0,Personal Auto,California,393.645615,Four-Door Car
GX84338,3824.431298,Doctor,F,62530.0,95.0,0.0,Personal Auto,Washington,61.693771,Four-Door Car
QL54532,3870.356928,Master,M,0.0,106.0,0.0,Personal Auto,California,508.8,SUV
WY43888,16525.38067,High School or Below,M,24414.0,104.0,0.0,Personal Auto,Washington,499.2,SUV
TN51356,2450.880954,Bachelor,M,82695.0,62.0,0.0,Personal Auto,Oregon,217.945243,Four-Door Car
QJ21876,5666.69628,College,F,48156.0,143.0,0.0,Personal Auto,California,686.4,SUV
MM49431,7298.583562,Bachelor,M,74069.0,63.0,2.0,Personal Auto,Washington,275.516438,Two-Door Car
DY38083,8838.085637,Bachelor,M,82664.0,114.0,3.0,Personal Auto,California,133.425609,SUV
KZ95954,5375.657146,High School or Below,M,0.0,80.0,1.0,Personal Auto,Arizona,749.134686,Four-Door Car
DC70690,5598.00838,College,F,51737.0,71.0,0.0,Personal Auto,Arizona,430.163277,Four-Door Car
QI31659,16953.08411,Bachelor,F,76797.0,71.0,0.0,Personal Auto,California,234.771653,Four-Door Car
JU72142,14002.75508,Bachelor,M,61225.0,117.0,0.0,Personal Auto,Oregon,442.374873,SUV
QS26062,2807.049427,High School or Below,M,80915.0,70.0,0.0,Corporate Auto,California,187.854818,Four-Door Car
LF61343,10529.01236,High School or Below,M,12688.0,140.0,0.0,Personal Auto,California,672.0,SUV
YK23193,6057.07208,Bachelor,M,27681.0,83.0,0.0,Personal Auto,Nevada,398.4,Two-Door Car
ID40186,12904.94336,Bachelor,F,27778.0,109.0,0.0,Personal Auto,Oregon,523.2,Four-Door Car
AS17174,2471.528431,High School or Below,M,95697.0,61.0,0.0,Personal Auto,Oregon,114.273025,Two-Door Car
IQ95180,5651.396772,Bachelor,M,44634.0,71.0,1.0,Personal Auto,Oregon,396.035334,Four-Door Car
RS59102,12885.78676,College,M,37050.0,110.0,1.0,Personal Auto,California,528.0,Luxury
OI83286,5551.394979,College,F,56872.0,69.0,0.0,Personal Auto,Oregon,192.879457,Two-Door Car
XH93021,5439.342442,High School or Below,M,0.0,82.0,0.0,Personal Auto,Nevada,590.4,Four-Door Car
QJ22057,4454.104455,College,F,0.0,68.0,1.0,Personal Auto,Nevada,326.4,Four-Door Car
NR49426,5195.824739,College,M,69488.0,68.0,3.0,Personal Auto,Nevada,326.4,Four-Door Car
BM39234,4551.060479,High School or Below,M,0.0,62.0,0.0,Personal Auto,Oregon,446.4,Two-Door Car
MJ95558,16570.09009,Bachelor,M,23589.0,211.0,0.0,Special Auto,California,1012.8,Luxury
WC21120,8002.308333,College,F,0.0,107.0,0.0,Personal Auto,California,513.6,SUV
EU81458,2743.553584,Doctor,F,95782.0,68.0,1.0,Personal Auto,Oregon,247.847239,Four-Door Car
JO32686,8139.001346,Bachelor,F,24992.0,106.0,0.0,Personal Auto,Arizona,508.8,SUV
YY27420,10507.69496,Bachelor,M,20043.0,92.0,0.0,Personal Auto,Arizona,516.088544,Four-Door Car
SX22647,7218.085486,College,M,0.0,104.0,0.0,Personal Auto,California,748.8,SUV
HT31871,4861.369008,High School or Below,M,36305.0,61.0,0.0,Personal Auto,Arizona,292.8,Four-Door Car
ZB81881,5786.49398,Bachelor,M,44784.0,73.0,0.0,Personal Auto,California,395.386573,Two-Door Car
XY91562,7707.806541,College,F,0.0,113.0,0.0,Personal Auto,Oregon,542.4,Four-Door Car
CQ72935,4974.801539,Bachelor,M,75644.0,65.0,3.0,Personal Auto,Arizona,467.803638,Two-Door Car
XR36002,10626.80746,High School or Below,F,27339.0,97.0,2.0,Personal Auto,California,44.730323,Two-Door Car
RW70500,7996.604028,Master,F,43657.0,66.0,0.0,Personal Auto,Oregon,316.8,Two-Door Car
VK53354,27945.89465,Bachelor,M,0.0,95.0,0.0,Special Auto,Washington,684.0,Two-Door Car
OI77877,7498.290823,High School or Below,M,31134.0,96.0,0.0,Personal Auto,Oregon,666.5271,Four-Door Car
EH13261,2637.148672,Master,M,50512.0,67.0,0.0,Personal Auto,California,351.403677,Four-Door Car
GW14698,4882.493829,College,F,80604.0,61.0,0.0,Corporate Auto,Arizona,255.982609,Four-Door Car
PO56357,5363.528173,High School or Below,F,64604.0,67.0,1.0,Personal Auto,California,272.445607,Four-Door Car
IC47914,3548.397966,College,M,0.0,103.0,0.0,Corporate Auto,California,741.6,Four-Door Car
IK12576,4233.56878,Bachelor,F,95647.0,106.0,0.0,Personal Auto,Oregon,508.8,Two-Door Car
NC68853,11293.98192,High School or Below,M,0.0,104.0,0.0,Personal Auto,Oregon,499.2,SUV
TG40558,7258.992716,High School or Below,M,60969.0,61.0,0.0,Corporate Auto,Oregon,146.119178,Four-Door Car
NB40107,2695.455483,High School or Below,M,0.0,76.0,0.0,Corporate Auto,Arizona,547.2,Four-Door Car
XD86462,6063.19979,College,M,20676.0,79.0,0.0,Personal Auto,Oregon,379.2,Four-Door Car
HA45220,5258.251562,High School or Below,F,37874.0,65.0,0.0,Corporate Auto,California,41.016038,Four-Door Car
OT24208,12390.47778,Bachelor,M,14382.0,66.0,0.0,Personal Auto,California,316.8,Four-Door Car
LM93586,3677.784051,High School or Below,M,32314.0,92.0,0.0,Personal Auto,Arizona,662.4,Four-Door Car
CA70404,6104.849081,High School or Below,M,62455.0,77.0,1.0,Personal Auto,California,338.144854,Two-Door Car
UY94269,2991.423685,Master,F,35605.0,74.0,0.0,Personal Auto,Oregon,355.2,Two-Door Car
FM59265,8034.520139,Bachelor,F,0.0,103.0,0.0,Personal Auto,Washington,741.6,SUV
TZ51184,9778.984109,College,M,0.0,137.0,0.0,Corporate Auto,Arizona,986.4,SUV
BZ85280,7284.262288,College,M,10334.0,64.0,0.0,Personal Auto,Oregon,296.962938,Four-Door Car
BL93527,2728.03759,High School or Below,M,44025.0,69.0,0.0,Personal Auto,Arizona,331.2,Two-Door Car
FL77069,7519.029686,Bachelor,F,32397.0,190.0,0.0,Corporate Auto,California,334.626758,Luxury
HX31231,8183.592208,Bachelor,F,24345.0,106.0,0.0,Corporate Auto,Arizona,637.695945,Four-Door Car
OO11998,4583.748377,Master,M,94804.0,115.0,4.0,Personal Auto,Oregon,764.592151,SUV
CW12066,11638.89947,College,F,25370.0,102.0,0.0,Corporate Auto,Oregon,489.6,Luxury
GD17919,14455.86021,College,F,0.0,78.0,0.0,Special Auto,Arizona,561.6,Four-Door Car
HA40978,8478.278069,College,M,53234.0,109.0,0.0,Personal Auto,California,1212.988796,Four-Door Car
DO80363,3923.265453,High School or Below,M,0.0,108.0,0.0,Personal Auto,Arizona,912.581597,Four-Door Car
UH79890,5201.707743,High School or Below,M,0.0,70.0,0.0,Personal Auto,Oregon,336.0,Four-Door Car
HA82735,3857.947176,Bachelor,F,0.0,121.0,2.0,Personal Auto,Arizona,1032.204305,SUV
DQ71306,3649.658983,High School or Below,M,19013.0,95.0,0.0,Corporate Auto,Oregon,456.0,Four-Door Car
GN64199,2652.289648,Doctor,F,0.0,73.0,0.0,Personal Auto,Oregon,490.690995,Four-Door Car
OU78642,7583.56435,Master,F,81568.0,186.0,0.0,Personal Auto,Arizona,737.442295,Luxury
PR59105,8535.108303,High School or Below,F,53223.0,72.0,0.0,Personal Auto,Oregon,299.788806,Four-Door Car
TM94572,4152.652599,Bachelor,M,0.0,123.0,0.0,Personal Auto,Arizona,885.6,SUV
AP63665,7166.343469,Bachelor,F,59253.0,89.0,0.0,Personal Auto,Oregon,67.801384,Four-Door Car
AZ64856,5048.051359,High School or Below,F,34452.0,126.0,0.0,Personal Auto,California,604.8,SUV
IC12985,4579.605586,Bachelor,M,40160.0,118.0,1.0,Personal Auto,Arizona,566.4,Four-Door Car
KH81863,4605.036646,College,F,22571.0,63.0,0.0,Corporate Auto,Oregon,302.4,Four-Door Car
EE49066,4969.529102,High School or Below,F,62365.0,62.0,0.0,Corporate Auto,Oregon,297.6,Four-Door Car
IZ37104,2267.604038,Doctor,M,0.0,61.0,0.0,Personal Auto,California,292.8,Four-Door Car
BA66627,36229.40842,Bachelor,F,22220.0,105.0,0.0,Personal Auto,Nevada,22.45383,Luxury
XZ54522,8810.89555,Bachelor,F,76266.0,110.0,1.0,Personal Auto,Nevada,155.708627,Two-Door Car
VE46465,4656.488488,Master,M,0.0,128.0,1.0,Personal Auto,Oregon,1548.310532,Luxury
LD71221,4318.088108,Bachelor,F,0.0,68.0,3.0,Personal Auto,Oregon,230.109964,Two-Door Car
YB66933,5382.752045,Bachelor,F,77552.0,68.0,1.0,Corporate Auto,Washington,45.215059,Four-Door Car
EQ15944,2953.617963,Doctor,F,76474.0,74.0,2.0,Personal Auto,Oregon,355.2,Four-Door Car
CR92272,8051.56643,Doctor,F,57664.0,100.0,0.0,Personal Auto,Arizona,344.92729,SUV
JJ94311,6627.148927,Bachelor,M,82377.0,83.0,0.0,Personal Auto,Oregon,498.335261,Four-Door Car
EO42272,10148.41973,Bachelor,F,44856.0,66.0,1.0,Corporate Auto,California,316.8,Four-Door Car
LA34671,7628.749434,College,M,0.0,77.0,0.0,Personal Auto,Arizona,369.6,Four-Door Car
ZF73834,2582.408525,Bachelor,F,76731.0,64.0,0.0,Personal Auto,California,201.455005,Four-Door Car
UM14135,3265.156348,Bachelor,F,25820.0,82.0,0.0,Personal Auto,Nevada,393.6,Four-Door Car
YA14448,5996.065073,College,F,0.0,83.0,0.0,Personal Auto,Arizona,398.4,Four-Door Car
QL10321,5768.830622,Doctor,F,92509.0,71.0,0.0,Personal Auto,California,109.296118,Four-Door Car
ZL17677,21480.81781,Master,F,15505.0,68.0,0.0,Personal Auto,Washington,383.890867,Two-Door Car
WE57129,2891.717971,Master,M,21979.0,73.0,0.0,Personal Auto,Washington,518.686584,Two-Door Car
SO57563,7381.914168,College,M,54878.0,96.0,3.0,Personal Auto,Arizona,204.953947,Four-Door Car
SO38188,5308.617246,Bachelor,M,40178.0,136.0,0.0,Special Auto,Oregon,652.8,SUV
YD65161,2912.59798,Bachelor,F,65436.0,73.0,0.0,Personal Auto,California,40.752864,Four-Door Car
QH12810,11814.47532,Bachelor,F,0.0,106.0,0.0,Personal Auto,Oregon,763.2,SUV
OU81877,4726.963307,High School or Below,M,0.0,64.0,0.0,Personal Auto,Oregon,307.2,Four-Door Car
CN49086,5073.282126,Doctor,M,57709.0,125.0,0.0,Corporate Auto,California,600.0,SUV
BD53342,3096.511217,College,F,21604.0,79.0,0.0,Personal Auto,Washington,379.2,Four-Door Car
FI75266,7891.584409,Bachelor,M,28422.0,68.0,1.0,Corporate Auto,Oregon,453.909559,Four-Door Car
GH86762,19454.40847,Bachelor,F,59853.0,124.0,0.0,Special Auto,California,570.847354,SUV
HP55853,22332.43946,College,M,49078.0,97.0,0.0,Corporate Auto,California,484.013411,Four-Door Car
WB43408,4598.235733,College,F,51523.0,116.0,0.0,Personal Auto,Oregon,738.840818,SUV
MF41879,8215.388242,Doctor,M,0.0,110.0,0.0,Personal Auto,Oregon,601.021286,SUV
YU21725,4903.152748,High School or Below,F,0.0,66.0,1.0,Corporate Auto,Washington,475.2,Four-Door Car
AY98473,24186.88247,College,F,32989.0,102.0,0.0,Personal Auto,Arizona,489.6,SUV
TX34322,2419.306466,College,M,0.0,70.0,1.0,Personal Auto,Oregon,336.0,Two-Door Car
AK61491,2491.317024,Doctor,M,36631.0,62.0,0.0,Personal Auto,Oregon,67.530904,Four-Door Car
XC32316,9657.579498,High School or Below,M,0.0,131.0,0.0,Corporate Auto,Arizona,628.8,SUV
WN59735,2621.116054,College,F,26477.0,66.0,0.0,Personal Auto,California,144.987956,Four-Door Car
WW99844,4944.088762,High School or Below,F,53607.0,61.0,0.0,Personal Auto,Oregon,93.891207,Four-Door Car
YG38576,5206.761563,College,M,21594.0,71.0,3.0,Personal Auto,Arizona,340.8,Four-Door Car
AT62618,6109.135438,Bachelor,F,0.0,85.0,0.0,Personal Auto,Oregon,612.0,Four-Door Car
EE48429,2601.468833,High School or Below,F,80584.0,65.0,0.0,Personal Auto,Nevada,312.0,Two-Door Car
SX95355,5849.486464,Bachelor,F,67511.0,73.0,0.0,Personal Auto,Oregon,350.4,Four-Door Car
IU54219,16301.9676,Master,F,19614.0,85.0,0.0,Special Auto,Oregon,574.024018,Two-Door Car
WX65636,26462.75908,Bachelor,F,0.0,82.0,2.0,Corporate Auto,Arizona,511.320391,Four-Door Car
ZE71012,26199.52707,Bachelor,M,20346.0,74.0,0.0,Corporate Auto,Nevada,358.643521,Two-Door Car
PU36617,6470.535463,College,M,48638.0,82.0,0.0,Personal Auto,Arizona,183.104441,Four-Door Car
PA18731,9501.005425,College,F,46855.0,119.0,0.0,Personal Auto,Oregon,472.391125,SUV
IC51895,10970.13221,College,F,38873.0,92.0,0.0,Personal Auto,Arizona,599.811172,Two-Door Car
FU43761,2435.619979,Doctor,F,25703.0,62.0,0.0,Personal Auto,Nevada,297.6,Four-Door Car
BG51419,4362.931238,College,M,58842.0,110.0,0.0,Corporate Auto,Washington,528.0,Four-Door Car
VY96711,19231.77266,Master,F,99772.0,158.0,0.0,Corporate Auto,California,51.902587,SUV
KT97561,8382.630118,High School or Below,M,19683.0,117.0,1.0,Personal Auto,Arizona,561.6,Luxury
BW80872,4434.411172,High School or Below,M,34549.0,111.0,0.0,Personal Auto,Washington,125.933005,Four-Door Car
TZ81094,2372.155492,High School or Below,F,19030.0,62.0,0.0,Corporate Auto,Nevada,355.820799,Two-Door Car
XA27536,3611.183505,College,M,63329.0,92.0,0.0,Personal Auto,Washington,441.6,Four-Door Car
LR61007,3034.797717,High School or Below,M,79253.0,76.0,0.0,Corporate Auto,Arizona,254.984946,Two-Door Car
WH20102,9095.049868,College,M,37937.0,116.0,0.0,Personal Auto,California,556.8,SUV
FG60807,4884.15708,High School or Below,F,21766.0,62.0,0.0,Corporate Auto,Oregon,179.14181,Four-Door Car
TV77808,5681.307056,High School or Below,M,67132.0,71.0,0.0,Corporate Auto,Arizona,466.371705,Four-Door Car
LA66902,2458.562965,College,M,0.0,71.0,1.0,Personal Auto,Arizona,511.2,Two-Door Car
PA38372,9357.737821,High School or Below,F,33060.0,117.0,0.0,Personal Auto,Washington,56.731578,Four-Door Car
NX11526,2759.978287,Bachelor,M,92296.0,69.0,0.0,Corporate Auto,Arizona,331.2,Two-Door Car
HU72679,9635.58373,Doctor,M,90334.0,119.0,0.0,Corporate Auto,Oregon,423.785148,SUV
HC60268,8346.019875,College,M,40105.0,104.0,0.0,Personal Auto,Oregon,878.413622,Four-Door Car
SO18542,8370.56545,Bachelor,F,33409.0,105.0,0.0,Personal Auto,Oregon,553.553427,SUV
SM54018,12689.42804,College,F,0.0,117.0,1.0,Personal Auto,California,1163.669865,Two-Door Car
CN22369,2538.62632,Bachelor,M,18608.0,71.0,0.0,Special Auto,California,340.8,Four-Door Car
WY17333,4732.219556,High School or Below,M,55385.0,61.0,0.0,Personal Auto,California,292.8,Four-Door Car
LP76290,8246.830811,Master,M,62588.0,104.0,0.0,Special Auto,Oregon,499.2,Four-Door Car
UF93434,2548.393565,College,F,22050.0,66.0,0.0,Personal Auto,Oregon,316.8,Four-Door Car
VW70435,4929.549699,Bachelor,M,25632.0,63.0,0.0,Personal Auto,Oregon,351.270869,Two-Door Car
AV96010,3289.120863,College,M,40097.0,92.0,4.0,Personal Auto,Oregon,227.221652,Two-Door Car
DX70966,2771.045031,College,F,50071.0,71.0,0.0,Personal Auto,Nevada,18.918935,Two-Door Car
VW65429,6899.709949,High School or Below,M,37308.0,86.0,0.0,Personal Auto,Arizona,301.011106,Four-Door Car
LY17372,5112.306584,College,M,44743.0,137.0,4.0,Personal Auto,Arizona,741.300032,SUV
BE61743,4109.793608,Bachelor,M,86657.0,103.0,0.0,Personal Auto,Washington,316.227946,Luxury
GP56044,27440.61101,High School or Below,M,84306.0,137.0,0.0,Personal Auto,Washington,863.413385,SUV
EA63660,20957.60504,College,F,0.0,118.0,0.0,Personal Auto,California,566.4,SUV
DP50640,2548.842787,Bachelor,M,47346.0,65.0,0.0,Personal Auto,California,312.0,Four-Door Car
MM45897,2714.654446,Bachelor,M,88545.0,68.0,0.0,Personal Auto,Nevada,374.108319,Four-Door Car
OZ86942,5790.462518,Bachelor,F,52443.0,73.0,1.0,Corporate Auto,California,350.4,Four-Door Car
WI65397,7627.31479,Bachelor,F,36084.0,99.0,1.0,Corporate Auto,Oregon,152.779038,Two-Door Car
OQ69520,7903.993374,Master,F,35406.0,69.0,4.0,Corporate Auto,Arizona,67.504452,Four-Door Car
QK12068,5293.717318,High School or Below,F,0.0,74.0,0.0,Personal Auto,Oregon,712.126586,Four-Door Car
KF98735,3673.990748,Bachelor,M,41185.0,99.0,4.0,Special Auto,California,363.613596,Four-Door Car
BH28530,21592.10096,High School or Below,M,51204.0,181.0,0.0,Personal Auto,California,929.554445,Luxury
DW62043,2452.059049,College,F,30216.0,63.0,0.0,Corporate Auto,Oregon,302.4,Four-Door Car
AF41118,7255.714453,College,M,10710.0,94.0,0.0,Personal Auto,California,451.2,Two-Door Car
KI82366,7412.962014,College,M,0.0,112.0,0.0,Personal Auto,Arizona,806.4,Four-Door Car
GF97506,9048.983447,High School or Below,M,0.0,119.0,0.0,Personal Auto,Nevada,571.2,Luxury
UQ62739,4270.034394,College,M,0.0,122.0,0.0,Corporate Auto,Oregon,725.870693,SUV
WY58555,4929.549699,Bachelor,M,25632.0,63.0,0.0,Personal Auto,Oregon,351.270869,Two-Door Car
PU11172,3539.97159,High School or Below,F,0.0,99.0,0.0,Personal Auto,Oregon,1158.858027,Four-Door Car
DN30013,5568.889245,College,F,53295.0,70.0,0.0,Personal Auto,Oregon,250.423844,Four-Door Car
ZI60303,9817.026936,High School or Below,M,0.0,139.0,0.0,Personal Auto,Oregon,1000.8,Luxury
MR56401,2542.845763,College,F,37072.0,64.0,0.0,Personal Auto,Oregon,307.2,Four-Door Car
FM14335,10484.91535,College,F,61108.0,89.0,0.0,Personal Auto,Washington,49.451117,Four-Door Car
FK54851,6310.400194,High School or Below,M,79880.0,79.0,1.0,Personal Auto,California,568.8,Two-Door Car
YF38355,8106.221539,Master,M,81580.0,101.0,0.0,Personal Auto,Washington,633.439417,SUV
TN39471,3398.007367,High School or Below,F,0.0,92.0,0.0,Personal Auto,Arizona,611.844584,Two-Door Car
MT53449,16301.9676,Master,F,19614.0,85.0,0.0,Personal Auto,Arizona,574.024018,Two-Door Car
DV22542,2722.408776,High School or Below,M,58620.0,68.0,0.0,Personal Auto,California,292.135884,Two-Door Car
TO82744,15789.65496,High School or Below,F,0.0,212.0,0.0,Personal Auto,California,1526.4,Luxury
OG17756,4904.894731,College,F,12902.0,139.0,0.0,Personal Auto,Arizona,667.2,Luxury
DO51363,3785.754787,Bachelor,F,26318.0,96.0,0.0,Personal Auto,Oregon,679.392372,Two-Door Car
BJ26599,4200.818894,Bachelor,M,20263.0,63.0,0.0,Personal Auto,Oregon,373.454457,Four-Door Car
LX24476,3619.060986,Bachelor,F,0.0,98.0,0.0,Personal Auto,Oregon,310.842085,Four-Door Car
IO63361,4880.713626,College,M,52819.0,124.0,0.0,Personal Auto,Arizona,282.500791,SUV
SD30853,12687.15484,College,F,63918.0,64.0,0.0,Personal Auto,Oregon,307.2,Four-Door Car
OJ41819,4848.90183,College,F,0.0,66.0,0.0,Personal Auto,Oregon,316.8,Four-Door Car
MO63575,4334.064096,Bachelor,F,23904.0,123.0,3.0,Corporate Auto,Oregon,590.4,SUV
BV16459,6677.418103,College,M,0.0,97.0,1.0,Personal Auto,Oregon,251.63901,Two-Door Car
YV93784,8973.110905,Master,F,69736.0,111.0,0.0,Personal Auto,Arizona,424.424732,SUV
UF32055,7109.296548,Bachelor,M,69700.0,181.0,0.0,Personal Auto,California,645.921338,SUV
UQ16798,10208.92761,College,F,35482.0,129.0,0.0,Personal Auto,Arizona,619.2,SUV
LS59637,2719.506996,College,F,14030.0,72.0,0.0,Corporate Auto,Arizona,345.6,Two-Door Car
TX35617,4465.604359,Bachelor,F,50909.0,112.0,0.0,Personal Auto,California,339.048157,SUV
EX89625,5593.434009,Bachelor,F,96406.0,69.0,0.0,Personal Auto,Arizona,331.2,Two-Door Car
FD11364,6768.997027,Bachelor,F,77001.0,85.0,0.0,Special Auto,Oregon,408.0,Four-Door Car
FA90076,2454.589361,Bachelor,F,0.0,72.0,0.0,Personal Auto,Oregon,518.4,Two-Door Car
BG96711,2576.380679,Bachelor,M,24732.0,67.0,0.0,Corporate Auto,California,321.6,Four-Door Car
PW31239,4282.947971,College,F,40864.0,109.0,1.0,Personal Auto,Oregon,166.937747,SUV
MD95935,5845.426201,Bachelor,F,43145.0,73.0,0.0,Corporate Auto,California,516.421124,Two-Door Car
UL10037,10484.91535,College,F,61108.0,89.0,0.0,Corporate Auto,Oregon,49.451117,Four-Door Car
RE67051,5509.377781,Bachelor,M,34236.0,70.0,0.0,Corporate Auto,California,336.0,Four-Door Car
SB44315,3011.344686,College,M,39010.0,78.0,2.0,Personal Auto,Arizona,374.4,Four-Door Car
OX21474,2698.355517,High School or Below,M,88867.0,69.0,1.0,Personal Auto,California,331.2,Four-Door Car
HN60464,6105.801637,Bachelor,M,0.0,84.0,0.0,Personal Auto,California,395.740207,Four-Door Car
TJ51874,8558.038795,High School or Below,M,13908.0,116.0,2.0,Corporate Auto,Washington,804.130779,SUV
PB63095,5568.947534,High School or Below,M,0.0,79.0,1.0,Personal Auto,Washington,407.440238,Two-Door Car
VR81851,11042.29006,College,F,0.0,64.0,0.0,Personal Auto,Oregon,415.803174,Four-Door Car
DP13082,23594.6802,Bachelor,M,76358.0,66.0,0.0,Personal Auto,California,86.461582,Four-Door Car
LP34743,4726.869327,Bachelor,F,13037.0,124.0,0.0,Personal Auto,Oregon,839.348464,SUV
GO75708,6054.488387,Master,F,17200.0,83.0,4.0,Personal Auto,Arizona,48.780064,Four-Door Car
UD99460,9654.523307,Bachelor,M,67772.0,82.0,0.0,Personal Auto,Washington,502.580472,Four-Door Car
MJ77630,47155.62558,High School or Below,M,39891.0,133.0,0.0,Personal Auto,Oregon,630.888663,SUV
OO49507,4530.385427,Doctor,F,52957.0,112.0,0.0,Personal Auto,Washington,425.423198,Luxury
GB12561,7276.340609,College,F,0.0,108.0,2.0,Corporate Auto,Oregon,777.6,Luxury
PW69692,3861.486269,College,F,93272.0,95.0,0.0,Personal Auto,Oregon,281.110788,Four-Door Car
SM36624,7054.776317,High School or Below,M,0.0,207.0,0.0,Personal Auto,Arizona,1490.4,Luxury
DA61021,15167.04402,Master,M,40467.0,197.0,3.0,Personal Auto,California,518.78464,Luxury
KJ72146,7126.471703,Bachelor,M,30895.0,62.0,0.0,Personal Auto,Oregon,297.6,Four-Door Car
XJ61632,2034.993043,Bachelor,M,0.0,62.0,2.0,Personal Auto,Oregon,446.4,Four-Door Car
CO23919,30718.8124,Bachelor,F,90607.0,109.0,0.0,Special Auto,Oregon,243.467617,SUV
PV24005,4221.312544,High School or Below,M,0.0,62.0,0.0,Personal Auto,Oregon,614.081483,Four-Door Car
YD22081,9701.027271,College,F,45668.0,80.0,0.0,Personal Auto,Arizona,344.767795,Four-Door Car
SG51259,4502.867562,High School or Below,F,0.0,129.0,0.0,Personal Auto,California,1486.410662,SUV
OK31456,11009.13049,Bachelor,F,51643.0,283.0,0.0,Corporate Auto,California,1358.4,Luxury
UN38117,2713.560376,College,F,0.0,74.0,0.0,Personal Auto,California,299.635989,Four-Door Car
TN17395,22103.5072,College,M,0.0,102.0,0.0,Personal Auto,California,489.6,SUV
UO49439,5633.531703,College,M,90289.0,71.0,1.0,Personal Auto,Oregon,22.193348,Four-Door Car
JK13254,4237.370769,Bachelor,M,29465.0,118.0,1.0,Personal Auto,Oregon,566.4,SUV
BL29240,2858.287371,Bachelor,M,81893.0,73.0,3.0,Corporate Auto,Oregon,151.381353,Four-Door Car
IP81759,9366.816281,High School or Below,M,60613.0,240.0,0.0,Personal Auto,Nevada,1152.0,Luxury
DY18947,9152.489511,High School or Below,F,60423.0,114.0,0.0,Personal Auto,Arizona,137.611531,Four-Door Car
PY98041,5406.876611,Bachelor,M,27166.0,71.0,0.0,Personal Auto,Oregon,340.8,Four-Door Car
GP99578,7086.176012,High School or Below,F,0.0,196.0,0.0,Personal Auto,Nevada,1644.690622,Luxury
QB15706,17288.55405,College,F,0.0,158.0,0.0,Special Auto,Washington,758.4,SUV
PY42157,2472.253893,High School or Below,F,62006.0,61.0,0.0,Personal Auto,Washington,292.8,Four-Door Car
FM38725,2432.169223,High School or Below,F,0.0,69.0,0.0,Personal Auto,Oregon,764.201478,Four-Door Car
QX84402,25464.82059,College,F,13663.0,97.0,0.0,Corporate Auto,California,465.6,Four-Door Car
DH95491,2229.361773,High School or Below,M,0.0,61.0,0.0,Personal Auto,California,292.8,Four-Door Car
JH36501,2507.884662,Doctor,M,97673.0,63.0,0.0,Personal Auto,Arizona,178.762806,Four-Door Car
DG46291,9500.08167,High School or Below,F,96276.0,117.0,0.0,Personal Auto,Nevada,553.50361,Four-Door Car
LY14355,2935.988346,High School or Below,F,73847.0,73.0,1.0,Personal Auto,Washington,350.4,Two-Door Car
AU94279,5493.02213,High School or Below,M,24976.0,72.0,1.0,Personal Auto,California,566.199335,Two-Door Car
AG62140,5386.325174,College,F,33716.0,68.0,1.0,Personal Auto,California,349.431986,Four-Door Car
YK66939,4384.854616,College,F,23480.0,117.0,0.0,Personal Auto,Arizona,842.4,SUV
BA75404,5789.8509,Doctor,F,77221.0,71.0,0.0,Personal Auto,Oregon,259.591385,Four-Door Car
ZG10765,5678.050167,Bachelor,F,0.0,76.0,0.0,Personal Auto,Nevada,364.8,Four-Door Car
TA22923,4944.240345,Master,M,40463.0,61.0,0.0,Personal Auto,Arizona,292.8,Four-Door Car
OM55336,7507.455372,College,M,60920.0,64.0,0.0,Personal Auto,Nevada,231.201886,Two-Door Car
MB60322,5332.462694,Doctor,F,68931.0,66.0,0.0,Special Auto,Arizona,309.577946,Four-Door Car
FS97588,5475.337618,Bachelor,F,88251.0,68.0,0.0,Personal Auto,Oregon,267.214383,Four-Door Car
OX73233,2274.647023,College,F,0.0,65.0,0.0,Corporate Auto,Oregon,468.0,Two-Door Car
KR25511,6005.214792,High School or Below,M,26876.0,76.0,0.0,Corporate Auto,Washington,364.8,Four-Door Car
PE39479,18321.41903,College,M,88592.0,76.0,0.0,Corporate Auto,Washington,199.79727,Four-Door Car
AO46433,8078.53085,Bachelor,F,0.0,114.0,1.0,Personal Auto,California,547.2,Four-Door Car
CD71502,3664.22055,High School or Below,M,0.0,103.0,0.0,Personal Auto,Arizona,642.773149,SUV
ZS94723,2960.029328,High School or Below,F,0.0,82.0,0.0,Personal Auto,Arizona,590.4,Four-Door Car
EV32492,2496.167004,Bachelor,M,49136.0,64.0,0.0,Personal Auto,Arizona,307.2,Four-Door Car
IW27109,4650.68277,College,M,0.0,68.0,0.0,Personal Auto,Oregon,722.877299,Two-Door Car
XX37955,14002.37819,College,M,67627.0,117.0,0.0,Corporate Auto,Nevada,561.6,SUV
MO68226,7462.926263,College,F,70263.0,93.0,0.0,Personal Auto,California,7.345946,Two-Door Car
HY86417,3653.703458,College,F,74126.0,90.0,0.0,Corporate Auto,Arizona,478.751065,Two-Door Car
WI14444,5638.543833,High School or Below,F,74286.0,70.0,0.0,Personal Auto,California,277.585067,Two-Door Car
XC72555,4475.05212,High School or Below,F,97949.0,112.0,3.0,Personal Auto,Oregon,324.812083,SUV
SZ37147,2719.853023,Bachelor,M,41005.0,70.0,0.0,Personal Auto,California,336.0,Four-Door Car
HF44881,4542.405346,High School or Below,M,29875.0,119.0,1.0,Corporate Auto,Arizona,571.2,Luxury
GA98025,12875.59874,Bachelor,M,26121.0,119.0,0.0,Personal Auto,Arizona,754.115474,SUV
LO57874,2300.691547,Bachelor,M,25905.0,63.0,0.0,Corporate Auto,Oregon,302.4,Four-Door Car
VJ83206,8364.559003,College,M,72117.0,70.0,0.0,Personal Auto,California,106.737787,Four-Door Car
CV35709,14024.35839,High School or Below,F,81872.0,115.0,0.0,Corporate Auto,Oregon,256.43803,Four-Door Car
VX67206,27789.69235,Bachelor,F,33806.0,89.0,0.0,Corporate Auto,Oregon,395.729716,Four-Door Car
WY38315,3588.926491,College,M,0.0,106.0,0.0,Personal Auto,California,763.2,SUV
AY52869,4386.277558,College,M,10621.0,67.0,0.0,Personal Auto,California,321.6,Four-Door Car
PT29055,6647.846187,Bachelor,F,0.0,65.0,0.0,Personal Auto,Oregon,312.0,Four-Door Car
HF62608,6753.428413,College,F,44213.0,85.0,0.0,Personal Auto,Oregon,77.523904,Four-Door Car
PJ54354,4762.823136,Bachelor,M,0.0,65.0,0.0,Personal Auto,California,366.212945,Four-Door Car
VW13019,4904.894731,College,F,12902.0,139.0,0.0,Corporate Auto,Nevada,667.2,Luxury
PY80506,4764.861739,High School or Below,M,78757.0,119.0,3.0,Personal Auto,Oregon,383.797363,Luxury
CF46699,3567.503755,Bachelor,M,0.0,102.0,0.0,Personal Auto,Oregon,660.430456,SUV
SF15712,3903.802262,High School or Below,M,51833.0,99.0,0.0,Personal Auto,Oregon,190.509609,Four-Door Car
MX69639,10442.43404,High School or Below,F,30786.0,90.0,0.0,Personal Auto,California,28.649762,Four-Door Car
EZ41764,2498.963061,Bachelor,M,76792.0,62.0,0.0,Personal Auto,California,297.6,Four-Door Car
BD58297,2862.563059,Bachelor,F,76356.0,71.0,2.0,Personal Auto,California,340.8,Two-Door Car
FM55990,5989.773931,College,M,66839.0,154.0,0.0,Personal Auto,California,739.2,Luxury
LZ89104,7143.035873,High School or Below,M,59789.0,90.0,0.0,Personal Auto,Oregon,527.539078,Four-Door Car
CI38330,2549.786069,Bachelor,M,72217.0,64.0,0.0,Personal Auto,Washington,91.146661,Four-Door Car
NT15165,12047.775,Bachelor,F,43324.0,101.0,0.0,Corporate Auto,California,284.667612,Two-Door Car
RQ77476,20461.1545,Bachelor,M,87502.0,102.0,0.0,Personal Auto,Oregon,421.111226,Four-Door Car
QB15345,2781.589027,High School or Below,F,0.0,74.0,0.0,Personal Auto,California,532.8,Four-Door Car
DX65548,4834.710493,College,F,38713.0,66.0,4.0,Personal Auto,Arizona,316.8,Four-Door Car
RI52095,7610.540153,High School or Below,M,51878.0,66.0,1.0,Personal Auto,Washington,316.8,Four-Door Car
RK76184,2159.251473,College,M,0.0,61.0,0.0,Personal Auto,Arizona,292.8,Four-Door Car
EH86912,8420.43119,College,M,28617.0,112.0,0.0,Personal Auto,California,797.595611,SUV
TJ90326,13530.02906,Doctor,F,75037.0,85.0,2.0,Personal Auto,California,180.555113,Four-Door Car
ES93923,8798.312515,Bachelor,F,24550.0,111.0,0.0,Personal Auto,Oregon,536.00374,Four-Door Car
BY23642,4595.043966,Bachelor,F,0.0,64.0,0.0,Personal Auto,Arizona,460.8,Two-Door Car
CV64725,6545.802896,High School or Below,M,55366.0,86.0,2.0,Personal Auto,California,455.714395,Four-Door Car
RN56430,5443.761524,High School or Below,F,41449.0,69.0,1.0,Personal Auto,Nevada,331.2,Two-Door Car
PD32052,7957.630101,High School or Below,M,51125.0,67.0,0.0,Personal Auto,California,430.29174,Four-Door Car
YG87460,2444.741307,College,M,0.0,71.0,1.0,Personal Auto,Arizona,244.587596,Four-Door Car
BN90616,8590.334983,Bachelor,F,63110.0,72.0,0.0,Personal Auto,Washington,68.179721,Four-Door Car
BH36973,2730.3538,College,F,63401.0,68.0,0.0,Personal Auto,Oregon,202.938048,Four-Door Car
QN76156,2925.726685,College,F,30752.0,73.0,0.0,Personal Auto,Oregon,400.294003,Four-Door Car
ZJ15114,5331.737284,High School or Below,M,60986.0,67.0,0.0,Corporate Auto,California,417.781693,Four-Door Car
CM84035,11320.82704,College,M,41692.0,101.0,1.0,Corporate Auto,Arizona,245.968629,Four-Door Car
TZ22914,5130.823951,Master,M,12940.0,68.0,0.0,Personal Auto,Oregon,268.1726,Two-Door Car
MW80236,7919.832069,Master,M,0.0,70.0,0.0,Personal Auto,Washington,336.0,Four-Door Car
WO89464,2619.337376,Bachelor,M,78618.0,66.0,0.0,Personal Auto,Oregon,225.578841,Two-Door Car
MK56815,9591.232645,College,M,54538.0,119.0,0.0,Personal Auto,California,507.799325,Four-Door Car
LJ64287,4196.652176,High School or Below,M,0.0,64.0,1.0,Personal Auto,Nevada,774.737185,Two-Door Car
UK86050,7887.964945,High School or Below,F,76590.0,65.0,0.0,Personal Auto,Arizona,183.293091,Four-Door Car
TQ24692,8676.698631,High School or Below,M,76214.0,72.0,0.0,Special Auto,Oregon,202.81373,Four-Door Car
QO16222,6383.611136,College,F,0.0,196.0,2.0,Personal Auto,California,2327.166394,Luxury
SU86402,6568.75877,High School or Below,F,25876.0,83.0,0.0,Personal Auto,Arizona,398.4,Two-Door Car
CI95726,3644.833554,High School or Below,F,82477.0,90.0,0.0,Personal Auto,Nevada,432.0,Two-Door Car
JE98863,3910.697956,Bachelor,F,58713.0,98.0,0.0,Special Auto,Arizona,470.4,Four-Door Car
DD89544,18704.85055,Bachelor,M,64929.0,240.0,3.0,Corporate Auto,Arizona,1261.672708,Luxury
HK28125,24337.38181,High School or Below,M,0.0,85.0,1.0,Personal Auto,California,612.0,Four-Door Car
VT52978,12547.42888,High School or Below,M,32857.0,105.0,0.0,Corporate Auto,Nevada,504.0,Four-Door Car
DU66620,4582.685265,College,M,19065.0,61.0,0.0,Personal Auto,Nevada,292.8,Two-Door Car
YC83239,2864.093984,Bachelor,F,0.0,83.0,0.0,Personal Auto,Washington,825.29011,Two-Door Car
VS40267,30850.58677,High School or Below,M,25503.0,115.0,0.0,Personal Auto,California,552.0,SUV
WJ55369,7366.093547,High School or Below,M,30250.0,93.0,0.0,Personal Auto,Arizona,398.100233,Four-Door Car
MZ23183,4224.832303,Bachelor,M,0.0,63.0,0.0,Personal Auto,Oregon,453.6,Four-Door Car
DV58197,8256.2978,Bachelor,F,62902.0,69.0,0.0,Personal Auto,California,159.383042,Two-Door Car
RZ97514,7498.824515,Master,F,0.0,66.0,0.0,Personal Auto,Oregon,316.8,Four-Door Car
ET90029,25626.70699,Doctor,F,14278.0,134.0,0.0,Personal Auto,Arizona,346.319404,Luxury
SD21312,5989.773931,College,M,66839.0,154.0,0.0,Personal Auto,Nevada,739.2,Luxury
FG31425,2530.810167,College,F,37811.0,63.0,0.0,Special Auto,Arizona,365.002909,Four-Door Car
FA15338,13569.24071,High School or Below,M,20978.0,70.0,0.0,Personal Auto,Arizona,336.0,Two-Door Car
HD53787,13113.13865,College,F,28519.0,86.0,0.0,Personal Auto,California,412.8,Two-Door Car
ME11422,5085.023369,College,M,0.0,72.0,1.0,Personal Auto,California,571.531582,Four-Door Car
QN36109,4554.557242,Master,F,85140.0,118.0,4.0,Personal Auto,Nevada,88.17994,SUV
UL80763,4014.453113,Doctor,F,37384.0,99.0,0.0,Personal Auto,Oregon,475.2,Four-Door Car
DH61947,2863.043304,Bachelor,M,0.0,79.0,0.0,Personal Auto,Oregon,168.89233,Two-Door Car
QX54905,7200.664877,College,F,0.0,66.0,0.0,Corporate Auto,Nevada,316.8,Four-Door Car
XQ39498,30909.22228,High School or Below,M,57659.0,111.0,0.0,Personal Auto,Oregon,756.37287,Four-Door Car
FQ51281,8170.621997,Bachelor,F,95241.0,68.0,1.0,Personal Auto,Oregon,87.803087,Four-Door Car
NA45983,2877.813846,College,M,38870.0,74.0,0.0,Special Auto,Arizona,145.365072,Four-Door Car
LC23144,8478.30421,High School or Below,F,13870.0,109.0,0.0,Personal Auto,California,550.430985,SUV
SG54382,8646.547993,Bachelor,M,25964.0,76.0,2.0,Corporate Auto,Arizona,364.8,Four-Door Car
XH54129,4755.762589,High School or Below,F,72193.0,118.0,0.0,Personal Auto,California,552.646907,Four-Door Car
QD28391,7425.845305,College,M,84302.0,62.0,0.0,Personal Auto,Washington,76.609295,Four-Door Car
HX55735,4462.997006,Bachelor,F,0.0,73.0,3.0,Personal Auto,Nevada,350.4,Two-Door Car
AI49712,2593.897887,High School or Below,F,0.0,72.0,0.0,Personal Auto,Washington,345.6,Four-Door Car
YM53951,6006.441801,College,M,39482.0,77.0,0.0,Corporate Auto,Oregon,277.907701,Four-Door Car
JO77924,10010.14003,High School or Below,M,66371.0,125.0,0.0,Personal Auto,Oregon,43.098747,SUV
EZ20115,26305.41541,Bachelor,M,35300.0,74.0,0.0,Personal Auto,California,225.518065,Four-Door Car
DD88614,7096.598526,Doctor,F,67735.0,88.0,0.0,Corporate Auto,California,3.4637,Four-Door Car
BO21461,2859.799774,College,M,98879.0,73.0,1.0,Personal Auto,California,108.667642,Four-Door Car
EX13440,29589.94128,High School or Below,M,0.0,108.0,0.0,Corporate Auto,Oregon,777.6,SUV
UB87714,9667.129686,Master,M,72885.0,124.0,2.0,Personal Auto,Oregon,233.676034,SUV
VW84197,21941.85759,Bachelor,F,26378.0,70.0,1.0,Personal Auto,Oregon,147.795699,Four-Door Car
HP56518,5548.031892,Bachelor,M,67798.0,69.0,0.0,Personal Auto,Oregon,331.2,Four-Door Car
SP81997,7752.933281,Master,F,41275.0,96.0,0.0,Personal Auto,Washington,41.122303,Four-Door Car
VH66357,2769.72527,College,M,39646.0,70.0,0.0,Personal Auto,California,279.714859,Four-Door Car
IM30965,2545.070274,High School or Below,M,71868.0,65.0,0.0,Corporate Auto,Oregon,312.0,Four-Door Car
TQ37204,8629.329351,High School or Below,F,59107.0,107.0,0.0,Personal Auto,Oregon,480.521227,SUV
NN54114,4915.39018,Bachelor,M,0.0,70.0,0.0,Personal Auto,Arizona,504.0,Four-Door Car
BI27443,4896.562733,College,F,36428.0,124.0,0.0,Personal Auto,Arizona,559.412583,SUV
WL86517,4013.959621,Doctor,F,93284.0,99.0,0.0,Personal Auto,Nevada,475.2,Two-Door Car
HW40931,10834.86984,College,F,34612.0,91.0,1.0,Special Auto,Oregon,655.2,Four-Door Car
NN44758,4669.22664,High School or Below,F,76157.0,116.0,0.0,Personal Auto,Arizona,556.8,Two-Door Car
NQ18750,29577.28414,College,M,0.0,106.0,0.0,Personal Auto,Oregon,763.2,Two-Door Car
GC34791,9259.729948,High School or Below,M,17109.0,62.0,0.0,Personal Auto,Nevada,297.6,Two-Door Car
SY22123,6300.440231,College,F,29539.0,85.0,0.0,Personal Auto,California,408.0,Four-Door Car
DY17416,6031.518652,College,M,49539.0,79.0,0.0,Personal Auto,Oregon,286.938064,Two-Door Car
KE57057,2300.334605,High School or Below,F,0.0,66.0,1.0,Corporate Auto,California,475.2,Four-Door Car
AT24793,6863.124573,College,M,25352.0,173.0,0.0,Special Auto,Oregon,830.4,Luxury
SL71998,2797.759849,College,M,63223.0,71.0,0.0,Personal Auto,Oregon,397.622116,Two-Door Car
AP66226,4479.494223,Bachelor,M,18505.0,66.0,4.0,Personal Auto,Nevada,316.8,Four-Door Car
HI91534,4571.509384,College,F,91485.0,114.0,0.0,Personal Auto,California,392.925712,SUV
TK61994,6104.501453,College,F,18690.0,80.0,0.0,Personal Auto,Oregon,18.192921,Four-Door Car
CW35098,3297.904615,College,M,0.0,91.0,0.0,Personal Auto,Washington,655.2,Two-Door Car
WX30852,2639.982596,Bachelor,F,69819.0,66.0,0.0,Personal Auto,Arizona,21.00736,Four-Door Car
SK69036,13780.48818,Bachelor,M,25708.0,118.0,0.0,Personal Auto,California,566.4,Four-Door Car
YI79084,3702.63121,Doctor,M,33738.0,95.0,0.0,Personal Auto,Nevada,541.755353,Two-Door Car
KF46546,5789.352696,Bachelor,F,75845.0,72.0,0.0,Personal Auto,Arizona,73.848672,Four-Door Car
GA71186,13464.60289,High School or Below,M,83392.0,112.0,0.0,Personal Auto,Nevada,523.688037,SUV
KL65897,6331.338496,Bachelor,F,0.0,87.0,0.0,Personal Auto,California,94.714302,Two-Door Car
CF15086,3838.113442,College,M,76375.0,96.0,0.0,Personal Auto,California,138.423414,Four-Door Car
HG40729,11274.91011,College,M,0.0,114.0,0.0,Personal Auto,Oregon,820.8,Four-Door Car
VP55618,6052.003301,College,M,32330.0,79.0,1.0,Corporate Auto,California,379.2,Four-Door Car
ZL23478,33451.7935,Bachelor,F,85689.0,92.0,0.0,Corporate Auto,California,237.946822,Four-Door Car
EY75197,5611.926939,Bachelor,F,0.0,158.0,0.0,Personal Auto,Arizona,1137.6,SUV
SF11920,5607.253592,College,F,39507.0,70.0,0.0,Corporate Auto,Arizona,283.743206,Two-Door Car
DY57308,8835.159206,Bachelor,F,22373.0,112.0,0.0,Personal Auto,California,419.750892,SUV
HP73832,3796.547659,College,F,20217.0,96.0,2.0,Personal Auto,California,513.306893,Four-Door Car
WP58797,3936.785538,Bachelor,M,19245.0,106.0,0.0,Personal Auto,Oregon,508.8,SUV
ZM33786,37150.82945,High School or Below,F,17774.0,108.0,0.0,Personal Auto,Arizona,116.257094,SUV
LY19199,4815.532839,Bachelor,M,80355.0,62.0,1.0,Corporate Auto,Oregon,83.390706,Two-Door Car
IX60436,2853.370449,Bachelor,M,65099.0,73.0,2.0,Special Auto,Arizona,350.4,Four-Door Car
UK29448,2467.459952,Bachelor,M,0.0,73.0,0.0,Personal Auto,Oregon,525.6,Two-Door Car
QA49556,5200.22777,Master,M,23401.0,66.0,0.0,Personal Auto,Washington,316.8,Four-Door Car
ST78006,4594.263722,High School or Below,F,0.0,63.0,1.0,Personal Auto,Oregon,139.331764,Four-Door Car
KD63903,8586.662939,College,M,0.0,118.0,0.0,Personal Auto,Arizona,566.4,SUV
GV62858,4091.934934,Bachelor,F,38692.0,102.0,0.0,Personal Auto,California,502.443591,Four-Door Car
DN66715,5181.620895,Master,F,97131.0,64.0,0.0,Personal Auto,California,307.2,Four-Door Car
LU30834,14230.3242,Bachelor,F,78046.0,119.0,2.0,Personal Auto,Oregon,759.119999,SUV
HN35280,2446.664534,Bachelor,M,82225.0,61.0,0.0,Personal Auto,Arizona,292.8,Two-Door Car
DG21323,4758.564558,High School or Below,F,0.0,64.0,0.0,Personal Auto,California,607.733606,Four-Door Car
KD16729,6645.928117,College,M,21144.0,86.0,0.0,Personal Auto,Nevada,391.446775,Two-Door Car
WO17738,8717.851882,High School or Below,F,36645.0,112.0,0.0,Corporate Auto,Oregon,614.082146,Four-Door Car
VB22338,4110.620178,High School or Below,M,31842.0,108.0,0.0,Special Auto,Nevada,406.348084,SUV
JU66696,9810.407902,Master,F,0.0,131.0,0.0,Corporate Auto,California,628.8,Luxury
AE60813,4993.025273,College,F,75090.0,63.0,1.0,Personal Auto,Oregon,101.34165,Four-Door Car
AS99827,4463.607161,Bachelor,F,0.0,62.0,0.0,Personal Auto,Oregon,567.343266,Four-Door Car
XQ80738,2895.213818,High School or Below,F,72014.0,72.0,0.0,Personal Auto,Oregon,188.204234,Four-Door Car
KX82226,3185.17031,High School or Below,M,13512.0,92.0,0.0,Personal Auto,Arizona,441.6,Two-Door Car
MA43940,9343.198788,High School or Below,M,75909.0,117.0,0.0,Special Auto,Oregon,561.6,Luxury
JL93248,7296.535053,High School or Below,F,18884.0,64.0,0.0,Personal Auto,Oregon,307.2,Four-Door Car
PY98628,5568.947534,High School or Below,M,0.0,79.0,1.0,Personal Auto,Arizona,407.440238,Two-Door Car
GX32768,7627.026893,Bachelor,F,0.0,74.0,1.0,Corporate Auto,Oregon,807.279979,Four-Door Car
AM89558,4636.54647,College,M,26802.0,66.0,1.0,Corporate Auto,Nevada,316.8,Two-Door Car
EL41362,5329.12883,College,F,99839.0,66.0,0.0,Personal Auto,California,468.203397,Four-Door Car
XK91603,2478.235474,College,F,24186.0,64.0,0.0,Personal Auto,California,307.2,Four-Door Car
MG77033,5522.769962,College,M,46971.0,69.0,0.0,Corporate Auto,California,120.109061,Four-Door Car
OM70085,8586.528213,Bachelor,F,0.0,83.0,0.0,Personal Auto,Oregon,483.577807,Four-Door Car
NB57112,8104.503269,Bachelor,F,0.0,117.0,1.0,Personal Auto,Oregon,842.4,Luxury
WH60140,2356.702311,Bachelor,M,0.0,69.0,0.0,Personal Auto,Arizona,496.8,Two-Door Car
FV92759,2004.350666,College,F,0.0,66.0,4.0,Personal Auto,Oregon,316.8,Four-Door Car
YW85018,2810.464447,Bachelor,M,26790.0,71.0,0.0,Personal Auto,Nevada,340.8,Two-Door Car
BY84257,2379.614363,College,M,0.0,71.0,0.0,Special Auto,Arizona,747.107317,Four-Door Car
JT69863,2410.105206,Bachelor,M,16258.0,64.0,0.0,Personal Auto,Arizona,307.2,Two-Door Car
OE15600,2544.969754,College,M,91169.0,65.0,0.0,Personal Auto,California,139.745936,Two-Door Car
BU81591,10153.88899,College,M,0.0,90.0,0.0,Corporate Auto,California,432.0,Four-Door Car
XL44677,2300.691547,Bachelor,M,25905.0,63.0,0.0,Personal Auto,California,302.4,Four-Door Car
No73821,10145.44091,High School or Below,M,44577.0,131.0,0.0,Personal Auto,Oregon,640.491537,SUV
VJ24328,2599.04158,High School or Below,M,53021.0,68.0,4.0,Personal Auto,Oregon,326.4,Four-Door Car
XW63353,6689.022728,High School or Below,M,56980.0,84.0,0.0,Personal Auto,Oregon,599.000883,Two-Door Car
JZ31045,2721.589169,College,F,97719.0,67.0,0.0,Personal Auto,California,318.660896,Four-Door Car
UM27359,7524.88292,Bachelor,M,49530.0,63.0,0.0,Personal Auto,Arizona,278.24204,Four-Door Car
ND71187,9487.721906,Master,M,56233.0,79.0,0.0,Corporate Auto,Arizona,558.746277,Four-Door Car
YR63096,5977.78537,High School or Below,F,79140.0,74.0,0.0,Corporate Auto,Nevada,487.930161,Four-Door Car
SN21895,6411.117312,Bachelor,F,13088.0,82.0,0.0,Personal Auto,Arizona,393.6,Four-Door Car
FY90924,2944.180861,High School or Below,F,73601.0,73.0,0.0,Personal Auto,Arizona,339.938915,Four-Door Car
CN30964,6685.797205,Bachelor,F,31517.0,84.0,2.0,Personal Auto,California,604.8,Two-Door Car
BN14307,4692.660787,College,M,0.0,69.0,0.0,Personal Auto,Oregon,549.271947,Two-Door Car
XG35514,4502.667305,High School or Below,M,0.0,69.0,2.0,Personal Auto,California,496.8,Four-Door Car
RL28918,16504.96173,High School or Below,M,42148.0,104.0,0.0,Personal Auto,California,366.978793,SUV
SR74929,9460.17545,High School or Below,F,0.0,133.0,0.0,Personal Auto,Oregon,1443.455106,SUV
HK93338,7931.722181,High School or Below,F,23769.0,69.0,0.0,Personal Auto,Washington,470.097411,Four-Door Car
QR53727,7974.390276,High School or Below,F,0.0,109.0,0.0,Personal Auto,Arizona,523.2,SUV
SQ35375,5054.334903,Doctor,F,22241.0,63.0,0.0,Personal Auto,Oregon,343.159148,Four-Door Car
UD77728,5657.806998,Bachelor,F,23550.0,72.0,0.0,Personal Auto,Arizona,222.751524,Four-Door Car
GP13187,14917.33495,Master,F,0.0,190.0,0.0,Personal Auto,California,1368.0,Luxury
AQ70619,13046.65319,High School or Below,M,71024.0,65.0,1.0,Corporate Auto,California,266.640638,Four-Door Car
IP65887,38410.59556,Bachelor,F,71644.0,105.0,0.0,Corporate Auto,Oregon,504.0,SUV
KS98084,5069.071361,Master,F,50363.0,63.0,0.0,Personal Auto,California,12.744774,Four-Door Car
QU55718,10978.7834,Bachelor,F,92914.0,136.0,0.0,Personal Auto,California,979.2,Luxury
TS31417,39769.55524,College,M,16645.0,117.0,0.0,Personal Auto,Washington,696.9628,SUV
QG83213,6559.34766,College,M,0.0,94.0,0.0,Personal Auto,California,451.2,Four-Door Car
SA40041,5749.883799,Bachelor,F,22814.0,73.0,0.0,Personal Auto,Washington,360.773462,Four-Door Car
MC36247,16473.16905,Bachelor,M,22828.0,106.0,0.0,Personal Auto,Oregon,508.8,SUV
FO13070,5780.182197,High School or Below,M,51066.0,74.0,0.0,Personal Auto,California,787.993313,Four-Door Car
VL97142,26200.83423,College,M,68507.0,110.0,0.0,Personal Auto,Oregon,140.196942,SUV
CI57475,3272.010846,College,F,0.0,87.0,0.0,Personal Auto,Arizona,626.4,Four-Door Car
KJ19260,4682.249396,College,M,37929.0,61.0,0.0,Corporate Auto,Arizona,120.436587,Four-Door Car
GN93462,6496.197101,Bachelor,M,89285.0,81.0,0.0,Personal Auto,California,109.032565,Four-Door Car
QB86817,7446.812516,High School or Below,F,98235.0,93.0,0.0,Personal Auto,Oregon,377.422029,Four-Door Car
AZ68072,4549.337013,Bachelor,F,23650.0,61.0,2.0,Personal Auto,Oregon,14.095914,Four-Door Car
MZ43298,5200.076742,Bachelor,F,90167.0,131.0,0.0,Corporate Auto,California,523.733793,SUV
KS12490,10594.13249,High School or Below,M,64669.0,131.0,0.0,Personal Auto,Oregon,628.8,Luxury
TL18087,3059.282091,Bachelor,M,65083.0,77.0,0.0,Personal Auto,Washington,369.6,Four-Door Car
ZT18953,8181.715637,Bachelor,F,0.0,109.0,0.0,Corporate Auto,Oregon,523.2,SUV
EF13716,2697.328799,College,M,60462.0,68.0,1.0,Personal Auto,Oregon,216.934983,Four-Door Car
RN87402,10369.3874,College,F,0.0,69.0,0.0,Corporate Auto,California,454.3585,Four-Door Car
RJ40995,2491.317024,Doctor,M,36631.0,62.0,0.0,Personal Auto,Arizona,67.530904,Four-Door Car
GB47529,5396.372449,High School or Below,F,40308.0,136.0,0.0,Corporate Auto,Oregon,652.8,Luxury
MB63131,4652.886703,Bachelor,F,0.0,64.0,1.0,Corporate Auto,Oregon,307.2,Four-Door Car
KN57002,9015.915395,Bachelor,M,0.0,130.0,0.0,Corporate Auto,Arizona,936.0,SUV
DR68556,7857.357595,High School or Below,M,85067.0,65.0,0.0,Personal Auto,Oregon,256.242825,Four-Door Car
CS70768,6763.181497,High School or Below,F,0.0,64.0,0.0,Personal Auto,California,460.8,Four-Door Car
XY33610,15695.53941,College,M,97750.0,65.0,0.0,Personal Auto,Washington,303.002922,Four-Door Car
LO17953,5219.199247,Doctor,F,38704.0,65.0,0.0,Personal Auto,Oregon,9.716628,Four-Door Car
LZ35469,2582.408525,Bachelor,F,76731.0,64.0,0.0,Personal Auto,California,201.455005,Four-Door Car
BM27144,7653.283759,College,F,57446.0,64.0,0.0,Personal Auto,California,77.451706,Four-Door Car
EA14700,4966.736817,Bachelor,M,0.0,73.0,0.0,Personal Auto,California,525.6,Two-Door Car
FQ70521,8927.134298,High School or Below,F,96768.0,111.0,2.0,Personal Auto,California,2.549986,Four-Door Car
OA99158,21423.63723,Bachelor,M,0.0,65.0,0.0,Corporate Auto,California,312.0,Two-Door Car
YS84064,15481.25277,Bachelor,M,0.0,180.0,3.0,Corporate Auto,Arizona,1296.0,SUV
YD45065,8714.922135,College,F,0.0,118.0,0.0,Personal Auto,Oregon,566.4,SUV
OC88207,5577.237773,Master,M,77265.0,69.0,0.0,Special Auto,California,170.689399,Two-Door Car
IL47644,8860.654206,High School or Below,F,48736.0,111.0,0.0,Personal Auto,Oregon,285.84958,SUV
CW27031,13450.95561,High School or Below,F,0.0,126.0,0.0,Corporate Auto,Washington,907.2,SUV
XX44146,6464.417095,High School or Below,F,0.0,89.0,0.0,Personal Auto,California,640.8,Two-Door Car
LH26131,3876.772694,High School or Below,F,0.0,108.0,0.0,Personal Auto,Nevada,1099.233361,Two-Door Car
HU94030,10103.65572,High School or Below,F,46667.0,129.0,1.0,Corporate Auto,Arizona,59.526095,SUV
GP39118,4996.552721,High School or Below,M,71600.0,63.0,0.0,Personal Auto,Washington,46.158117,Two-Door Car
QL80658,3934.712712,High School or Below,M,84229.0,98.0,0.0,Personal Auto,Arizona,470.4,Four-Door Car
LU63980,2219.995914,College,M,0.0,62.0,0.0,Personal Auto,Nevada,297.6,Two-Door Car
HQ41200,7974.949597,College,F,26118.0,101.0,0.0,Personal Auto,Oregon,484.8,Four-Door Car
DZ81394,8708.018769,High School or Below,F,0.0,118.0,0.0,Personal Auto,Oregon,1380.107186,SUV
IN41344,2907.363467,College,M,24049.0,74.0,0.0,Personal Auto,Washington,491.446146,Four-Door Car
QJ22615,4881.299084,Master,F,37998.0,61.0,0.0,Special Auto,Arizona,292.8,Four-Door Car
FJ24418,3652.666261,Doctor,F,0.0,95.0,0.0,Personal Auto,Arizona,456.0,Four-Door Car
JR45097,12779.89903,College,M,0.0,184.0,0.0,Personal Auto,Oregon,1394.849254,Luxury
DT82702,7200.664877,College,F,0.0,66.0,0.0,Personal Auto,Arizona,316.8,Four-Door Car
ME87834,4219.02412,Bachelor,M,62396.0,107.0,0.0,Personal Auto,Oregon,693.414133,SUV
DB91647,5816.712126,College,M,99239.0,74.0,0.0,Personal Auto,California,379.37884,Four-Door Car
UM44109,7908.452072,College,M,94303.0,65.0,0.0,Personal Auto,Oregon,149.688222,Four-Door Car
RT22532,3954.344534,Bachelor,M,18375.0,103.0,0.0,Personal Auto,Arizona,535.080276,Luxury
DU60004,3560.628183,College,F,76769.0,88.0,0.0,Corporate Auto,Nevada,170.106831,Four-Door Car
XR17548,5064.127663,High School or Below,M,78735.0,63.0,1.0,Personal Auto,Oregon,225.558918,Four-Door Car
VR14881,8489.843197,Bachelor,M,0.0,130.0,0.0,Personal Auto,Oregon,624.0,Luxury
FS81127,2425.29505,Bachelor,F,0.0,67.0,1.0,Corporate Auto,California,426.006858,Four-Door Car
VD19899,27542.36956,Doctor,F,50494.0,114.0,0.0,Personal Auto,California,491.322893,Two-Door Car
SP93911,8828.933996,High School or Below,F,86721.0,110.0,1.0,Corporate Auto,California,372.594847,Two-Door Car
GH49378,5059.325681,Bachelor,F,67371.0,63.0,0.0,Personal Auto,California,86.599774,Four-Door Car
MZ30958,6715.59268,High School or Below,M,21835.0,90.0,0.0,Corporate Auto,Nevada,432.0,Two-Door Car
FU55433,2671.817549,High School or Below,M,62452.0,67.0,0.0,Corporate Auto,Arizona,407.776546,Two-Door Car
SZ14518,8098.96921,College,F,0.0,72.0,0.0,Personal Auto,California,518.4,Four-Door Car
XI58886,2795.546288,High School or Below,M,69809.0,70.0,0.0,Personal Auto,California,111.823103,Two-Door Car
NL17031,2972.459706,High School or Below,M,0.0,84.0,0.0,Personal Auto,Washington,604.8,Two-Door Car
OB32861,6288.156817,High School or Below,M,0.0,84.0,0.0,Special Auto,Nevada,403.2,Two-Door Car
AZ84403,61850.18803,College,F,0.0,238.0,0.0,Personal Auto,Oregon,1142.4,Luxury
PU34934,10394.36269,College,F,22601.0,88.0,0.0,Personal Auto,Arizona,633.6,Four-Door Car
WX87964,4935.189986,High School or Below,M,29560.0,62.0,0.0,Personal Auto,Washington,297.6,Four-Door Car
VI12468,35013.54166,Bachelor,F,0.0,133.0,0.0,Personal Auto,Oregon,532.747291,SUV
RC44077,2810.464447,Bachelor,M,26790.0,71.0,0.0,Personal Auto,California,340.8,Two-Door Car
ZQ48144,3636.943738,Bachelor,F,34986.0,91.0,0.0,Corporate Auto,California,73.839514,Four-Door Car
MA83261,2785.418107,High School or Below,M,66378.0,71.0,0.0,Corporate Auto,Arizona,158.000332,Two-Door Car
ER63193,7715.103608,High School or Below,F,48784.0,96.0,0.0,Corporate Auto,California,252.076899,Four-Door Car
XZ34917,5643.802354,Bachelor,M,41043.0,72.0,0.0,Personal Auto,Washington,345.6,Four-Door Car
WH36754,19088.34203,College,F,32775.0,61.0,0.0,Personal Auto,Oregon,251.886847,Four-Door Car
ZG90341,9156.272726,Bachelor,M,61200.0,118.0,0.0,Personal Auto,Oregon,566.4,Four-Door Car
KR82385,5454.587929,Master,M,66334.0,69.0,0.0,Personal Auto,California,331.2,Two-Door Car
MC48570,2470.441268,Doctor,F,18661.0,62.0,0.0,Personal Auto,Arizona,196.879475,Two-Door Car
MP13698,7809.855966,College,F,0.0,111.0,0.0,Personal Auto,Oregon,532.8,Two-Door Car
JE84351,6938.874476,Bachelor,M,53133.0,91.0,0.0,Personal Auto,Oregon,652.386798,Two-Door Car
BU72276,5318.89664,Bachelor,F,25134.0,67.0,0.0,Personal Auto,California,321.6,Four-Door Car
DC78147,13727.79972,College,M,0.0,126.0,0.0,Personal Auto,Arizona,604.8,SUV
DB17162,5363.405969,High School or Below,M,64324.0,67.0,0.0,Personal Auto,Arizona,321.6,Four-Door Car
TG97744,3265.156348,Bachelor,F,25820.0,82.0,0.0,Corporate Auto,Oregon,393.6,Four-Door Car
QT26393,2446.911045,Bachelor,M,29152.0,67.0,0.0,Personal Auto,California,255.079807,Two-Door Car
UG49716,4196.689511,College,F,0.0,114.0,0.0,Personal Auto,Washington,1182.289213,Luxury
HF11584,12913.49818,Master,M,62448.0,107.0,0.0,Personal Auto,Arizona,513.6,SUV
MS87381,23866.15656,High School or Below,F,0.0,81.0,1.0,Personal Auto,California,388.8,Four-Door Car
YU79270,4633.336334,College,M,27132.0,63.0,1.0,Personal Auto,Arizona,302.4,Four-Door Car
HU81007,8196.077584,Bachelor,F,21706.0,108.0,0.0,Personal Auto,Oregon,518.4,SUV
XH53960,2167.330201,Bachelor,F,0.0,61.0,0.0,Personal Auto,Arizona,439.2,Four-Door Car
MM62953,5619.849825,High School or Below,M,66620.0,70.0,0.0,Personal Auto,Arizona,336.0,Four-Door Car
DA74095,6102.307214,Bachelor,F,42800.0,153.0,1.0,Personal Auto,Arizona,734.4,Luxury
QD46343,3919.366722,High School or Below,F,66676.0,97.0,0.0,Personal Auto,Arizona,558.099357,Four-Door Car
FR17176,14944.83656,High School or Below,F,0.0,68.0,0.0,Personal Auto,Arizona,326.4,Four-Door Car
WY26014,10819.999,High School or Below,F,37433.0,90.0,0.0,Personal Auto,California,410.391616,Four-Door Car
RY32848,15839.08876,Doctor,M,44930.0,132.0,0.0,Personal Auto,Oregon,111.049063,SUV
JG83987,6451.263836,Bachelor,F,30857.0,81.0,0.0,Personal Auto,Arizona,309.161777,Two-Door Car
MQ48266,5564.957596,Bachelor,F,46507.0,73.0,4.0,Personal Auto,Arizona,325.569334,Two-Door Car
EA68909,2444.896824,Bachelor,M,48473.0,63.0,0.0,Personal Auto,California,302.4,Four-Door Car
KP51068,2640.58732,Bachelor,M,59961.0,68.0,0.0,Personal Auto,Oregon,291.91645,Four-Door Car
CM78608,5823.162917,High School or Below,F,88359.0,73.0,0.0,Personal Auto,California,35.915639,Two-Door Car
TZ11597,5755.539367,College,M,97607.0,71.0,0.0,Personal Auto,California,60.021023,Two-Door Car
GS76685,10408.96865,High School or Below,M,20228.0,101.0,1.0,Corporate Auto,California,523.815839,SUV
BR40272,8247.952072,College,M,49009.0,105.0,0.0,Personal Auto,California,504.0,Four-Door Car
FX36546,3679.142115,Master,M,60804.0,92.0,0.0,Personal Auto,Washington,213.225001,Four-Door Car
FY31714,16331.43396,Bachelor,M,78374.0,82.0,0.0,Personal Auto,Oregon,206.95076,Four-Door Car
GL99349,20474.14563,High School or Below,M,95621.0,66.0,5.0,Personal Auto,California,351.877002,Two-Door Car
HH49391,9414.943031,High School or Below,M,15741.0,132.0,0.0,Special Auto,Oregon,633.6,SUV
WG26617,9732.584122,Bachelor,M,38279.0,82.0,0.0,Personal Auto,Oregon,64.396979,Two-Door Car
JL97265,4611.2543,Master,M,0.0,61.0,0.0,Personal Auto,Oregon,292.8,Four-Door Car
QQ25666,14510.7505,High School or Below,M,60120.0,182.0,0.0,Personal Auto,Arizona,716.469391,Luxury
VE72838,13770.97618,High School or Below,F,59207.0,116.0,0.0,Personal Auto,Arizona,556.8,Four-Door Car
ZN27809,8083.541953,College,F,0.0,116.0,0.0,Personal Auto,Oregon,820.018767,SUV
IZ71030,2570.190941,College,F,69446.0,64.0,1.0,Personal Auto,California,26.731452,Four-Door Car
LU79958,2273.62059,Bachelor,F,0.0,73.0,4.0,Personal Auto,Washington,801.022368,Four-Door Car
KT30737,3995.358195,College,M,0.0,119.0,0.0,Corporate Auto,California,856.8,SUV
IU32539,7282.221435,Bachelor,F,50886.0,95.0,1.0,Personal Auto,California,620.10464,Two-Door Car
UI73924,2469.56901,Bachelor,F,55257.0,64.0,3.0,Personal Auto,Oregon,209.596158,Two-Door Car
RZ89359,2450.625315,College,F,61883.0,62.0,0.0,Personal Auto,California,18.077998,Four-Door Car
CE21829,10856.17638,College,M,37233.0,136.0,0.0,Personal Auto,Oregon,242.545602,SUV
BU17847,9075.768214,Master,M,37722.0,116.0,0.0,Personal Auto,Arizona,158.077504,Luxury
XA63646,4654.582368,Master,F,81883.0,114.0,0.0,Personal Auto,California,376.002146,Four-Door Car
EA40332,15394.8718,Bachelor,M,35822.0,197.0,0.0,Personal Auto,Oregon,1404.868905,SUV
KB75939,9421.101961,Bachelor,F,23059.0,126.0,0.0,Corporate Auto,Oregon,95.845811,Luxury
PR98117,2640.515863,Bachelor,F,97666.0,66.0,0.0,Personal Auto,Oregon,136.27248,Four-Door Car
ZE62067,8509.850887,Master,M,26057.0,74.0,0.0,Corporate Auto,Arizona,523.888845,Four-Door Car
AU45793,3436.134281,Doctor,M,30817.0,88.0,0.0,Corporate Auto,Arizona,91.834668,Four-Door Car
RE29131,4349.30875,College,F,75648.0,108.0,0.0,Personal Auto,Oregon,112.660916,SUV
FZ19620,9672.701942,High School or Below,M,0.0,96.0,0.0,Corporate Auto,Oregon,1120.677126,Four-Door Car
HM93220,15266.48446,High School or Below,F,25852.0,135.0,1.0,Personal Auto,Arizona,648.0,Luxury
BO94261,7550.867469,Doctor,M,0.0,68.0,1.0,Personal Auto,Arizona,100.212651,Four-Door Car
TC18805,9939.255085,Bachelor,M,13207.0,137.0,2.0,Personal Auto,Washington,392.920864,SUV
UQ24268,14962.37103,High School or Below,F,0.0,82.0,0.0,Personal Auto,Oregon,393.6,Four-Door Car
NF25863,7887.82202,High School or Below,M,32150.0,98.0,0.0,Personal Auto,Nevada,470.4,Two-Door Car
FD98839,2894.327413,College,M,52674.0,73.0,0.0,Personal Auto,Oregon,166.5492,Two-Door Car
FN99437,4397.781207,College,M,91653.0,111.0,0.0,Corporate Auto,California,343.98412,SUV
DZ35379,5781.015999,High School or Below,F,69512.0,72.0,0.0,Personal Auto,Arizona,196.977247,Two-Door Car
IA67715,7720.155885,High School or Below,F,67332.0,192.0,0.0,Personal Auto,California,921.6,Luxury
JG61793,3046.248976,High School or Below,M,0.0,98.0,2.0,Personal Auto,Washington,705.6,Four-Door Car
CR41258,2590.321715,College,M,53304.0,65.0,0.0,Personal Auto,Nevada,116.322725,Four-Door Car
BE75190,10155.30044,College,M,28754.0,89.0,0.0,Corporate Auto,California,427.2,Four-Door Car
EW16697,2552.00081,High School or Below,F,50201.0,64.0,0.0,Personal Auto,Arizona,99.894584,Two-Door Car
HI60054,9404.447425,Bachelor,F,51593.0,80.0,2.0,Personal Auto,California,202.905809,Two-Door Car
MU57098,5678.050167,Bachelor,F,0.0,76.0,0.0,Personal Auto,Oregon,364.8,Four-Door Car
WB21698,3723.114445,High School or Below,F,31974.0,92.0,0.0,Personal Auto,California,388.135527,Four-Door Car
MU75490,8417.102804,Bachelor,M,31756.0,107.0,0.0,Corporate Auto,Oregon,415.850776,SUV
UA44429,2520.028421,College,F,0.0,68.0,0.0,Personal Auto,California,326.4,Four-Door Car
PP64004,8186.308757,Bachelor,F,20369.0,105.0,0.0,Personal Auto,Nevada,1126.65778,SUV
FI77477,4229.923123,College,M,0.0,126.0,0.0,Personal Auto,Washington,907.2,SUV
NT40494,5074.246068,High School or Below,F,66933.0,63.0,0.0,Personal Auto,California,160.52105,Four-Door Car
YM98727,12981.52926,High School or Below,F,39843.0,109.0,1.0,Personal Auto,California,523.2,Four-Door Car
NT77164,2744.172816,Doctor,M,16686.0,71.0,0.0,Personal Auto,Arizona,125.510669,Four-Door Car
IL91509,13226.22345,Bachelor,F,0.0,190.0,1.0,Special Auto,Oregon,1398.023248,Luxury
PS47550,13178.43163,High School or Below,F,80237.0,108.0,0.0,Personal Auto,California,776.601764,SUV
PK66498,8793.521303,High School or Below,M,72897.0,73.0,0.0,Personal Auto,California,507.709291,Two-Door Car
NG93751,3245.332058,Bachelor,M,46435.0,82.0,0.0,Corporate Auto,California,350.325879,Two-Door Car
KL84615,4624.622593,High School or Below,M,0.0,68.0,2.0,Personal Auto,Arizona,469.278843,Four-Door Car
AP27994,4372.490855,High School or Below,F,23124.0,112.0,0.0,Special Auto,Oregon,537.6,Luxury
TP20456,9090.269181,High School or Below,M,45310.0,229.0,0.0,Personal Auto,Arizona,1550.375183,Luxury
OB21477,10777.56762,College,M,53437.0,91.0,0.0,Personal Auto,Oregon,436.8,Two-Door Car
LH80781,5007.224298,College,F,0.0,73.0,1.0,Personal Auto,Washington,655.791955,Four-Door Car
UU70820,5867.12642,College,F,27880.0,74.0,0.0,Personal Auto,Arizona,199.444294,Four-Door Car
ER66372,14914.53488,Bachelor,F,45963.0,63.0,2.0,Personal Auto,California,302.4,Four-Door Car
XD81935,5107.163002,Bachelor,F,35625.0,65.0,1.0,Personal Auto,Oregon,288.572108,Four-Door Car
AT30076,3536.64749,High School or Below,F,31727.0,92.0,0.0,Personal Auto,Nevada,495.750669,Four-Door Car
EW34576,2839.796453,High School or Below,F,53071.0,72.0,0.0,Corporate Auto,Arizona,386.225897,Four-Door Car
XC14741,2939.939038,High School or Below,M,97735.0,73.0,0.0,Corporate Auto,California,188.667196,Four-Door Car
PG84165,2776.629135,High School or Below,M,0.0,77.0,0.0,Personal Auto,California,554.4,Four-Door Car
CN16311,5476.527832,Master,F,52218.0,68.0,0.0,Corporate Auto,Oregon,33.781673,Four-Door Car
TZ19823,3265.156348,Bachelor,F,25820.0,82.0,0.0,Personal Auto,California,393.6,Four-Door Car
NC34154,8066.073765,High School or Below,F,17950.0,71.0,2.0,Special Auto,California,340.8,Two-Door Car
LQ50657,3644.833554,High School or Below,F,82477.0,90.0,0.0,Personal Auto,Arizona,432.0,Two-Door Car
JL16084,6611.118163,College,F,0.0,95.0,0.0,Personal Auto,Arizona,564.302867,Four-Door Car
CJ81391,7582.113842,College,M,64801.0,64.0,0.0,Personal Auto,Oregon,268.471802,Four-Door Car
WQ89892,2607.81554,College,F,0.0,70.0,1.0,Special Auto,Washington,336.0,Two-Door Car
JW70372,7124.202899,Doctor,F,61233.0,89.0,2.0,Personal Auto,Arizona,181.287697,Four-Door Car
AW17574,9435.540893,Bachelor,F,0.0,129.0,0.0,Corporate Auto,Nevada,628.366119,SUV
GL66847,8256.2978,Bachelor,F,62902.0,69.0,0.0,Personal Auto,Arizona,159.383042,Two-Door Car
DC62428,5091.101225,High School or Below,M,20244.0,65.0,0.0,Personal Auto,Arizona,312.0,Four-Door Car
KR54589,5881.813596,High School or Below,F,86812.0,73.0,0.0,Personal Auto,California,45.472477,Four-Door Car
BC47264,7684.887717,College,F,62192.0,98.0,0.0,Special Auto,California,243.292609,Two-Door Car
SN58128,10396.53186,College,F,34948.0,130.0,0.0,Personal Auto,Oregon,443.786437,SUV
TD97297,8545.608946,Bachelor,M,35456.0,109.0,0.0,Personal Auto,Oregon,505.082702,Luxury
TK13024,4408.071476,College,M,80640.0,111.0,0.0,Personal Auto,Oregon,313.270725,SUV
LR97507,2562.843896,High School or Below,M,0.0,74.0,0.0,Corporate Auto,Arizona,663.423782,Four-Door Car
KC14861,14886.70602,High School or Below,M,91193.0,185.0,1.0,Personal Auto,Oregon,1.587888,Luxury
DC37886,24338.51185,High School or Below,F,73692.0,67.0,0.0,Personal Auto,Arizona,24.843535,Two-Door Car
SP56326,7452.998789,High School or Below,F,12195.0,101.0,0.0,Personal Auto,Arizona,670.581817,Four-Door Car
OQ99704,3981.775889,Bachelor,F,52801.0,100.0,0.0,Personal Auto,Washington,475.20088,SUV
GQ92754,16060.06949,College,M,0.0,87.0,0.0,Personal Auto,Nevada,417.6,Four-Door Car
DX28320,5111.357987,High School or Below,F,0.0,72.0,2.0,Personal Auto,California,594.683752,Four-Door Car
BM83544,7439.978924,Bachelor,F,0.0,108.0,0.0,Personal Auto,Arizona,518.4,SUV
YB96664,4974.801539,Bachelor,M,75644.0,65.0,3.0,Corporate Auto,Washington,467.803638,Two-Door Car
RO90746,17816.68242,High School or Below,F,60192.0,220.0,0.0,Personal Auto,California,1056.0,Luxury
UV46349,6238.054416,Bachelor,F,0.0,90.0,2.0,Personal Auto,Oregon,134.442783,Four-Door Car
MY32188,2682.912454,Bachelor,M,0.0,74.0,0.0,Corporate Auto,Oregon,355.2,Two-Door Car
OV87950,2837.163399,College,M,29242.0,73.0,0.0,Personal Auto,California,350.4,Two-Door Car
ZG82132,4118.588554,Bachelor,F,69379.0,103.0,0.0,Personal Auto,Oregon,494.4,Two-Door Car
LZ31103,2472.469209,College,F,63860.0,62.0,0.0,Personal Auto,Oregon,208.598246,Four-Door Car
HO79663,4139.533158,Doctor,F,45281.0,104.0,1.0,Personal Auto,Arizona,65.03063,Luxury
RS57109,4100.465956,Bachelor,F,51193.0,104.0,2.0,Personal Auto,Arizona,97.313649,Two-Door Car
NA21420,5278.201394,Bachelor,F,62074.0,67.0,0.0,Corporate Auto,Oregon,49.435556,Four-Door Car
MY98825,8056.898119,Bachelor,F,64304.0,68.0,0.0,Corporate Auto,California,65.471028,Two-Door Car
VW73816,9185.025301,Bachelor,M,73795.0,116.0,1.0,Personal Auto,Oregon,501.716934,SUV
FN66189,15417.73444,College,F,84376.0,96.0,0.0,Personal Auto,Oregon,43.578516,Four-Door Car
HU75748,6829.413399,High School or Below,F,0.0,66.0,1.0,Personal Auto,Arizona,470.691875,Two-Door Car
OS11465,8500.909417,High School or Below,M,79153.0,106.0,0.0,Special Auto,Oregon,508.8,SUV
UY61913,8847.444221,College,M,17950.0,118.0,0.0,Personal Auto,Oregon,425.489592,SUV
OD70577,2840.899849,College,F,0.0,80.0,1.0,Personal Auto,Arizona,962.526106,Two-Door Car
DC91024,15984.52739,Bachelor,M,0.0,69.0,0.0,Personal Auto,Oregon,331.2,Two-Door Car
VQ67172,18542.30074,College,F,0.0,72.0,0.0,Corporate Auto,Oregon,622.992063,Four-Door Car
MF23895,2609.829612,College,F,58139.0,65.0,1.0,Corporate Auto,Arizona,33.171413,Four-Door Car
AA10041,7901.744238,High School or Below,M,0.0,113.0,0.0,Personal Auto,California,1258.327804,SUV
DV36320,17995.86532,High School or Below,F,80991.0,223.0,0.0,Personal Auto,California,937.327881,Luxury
UE72026,5021.686245,College,F,69678.0,126.0,0.0,Personal Auto,California,306.818754,Luxury
SE78641,4654.841089,Bachelor,M,0.0,67.0,0.0,Personal Auto,Arizona,577.385463,Two-Door Car
YC69616,2719.506996,College,F,14030.0,72.0,0.0,Personal Auto,Arizona,345.6,Two-Door Car
SM10254,4726.869327,Bachelor,F,13037.0,124.0,0.0,Personal Auto,Oregon,839.348464,SUV
AG45299,8595.726399,College,M,76763.0,108.0,0.0,Personal Auto,California,186.459607,SUV
KS45476,15626.28021,High School or Below,F,50461.0,131.0,0.0,Personal Auto,Washington,810.06514,Luxury
No69427,2797.674845,High School or Below,M,69604.0,70.0,0.0,Corporate Auto,California,112.336604,Four-Door Car
BA52133,5344.989624,Master,M,22908.0,68.0,0.0,Personal Auto,California,387.774781,Four-Door Car
WT59944,17557.54051,College,F,68273.0,146.0,0.0,Personal Auto,California,76.475359,Luxury
XV30885,4595.524548,College,M,95550.0,116.0,1.0,Personal Auto,California,381.570261,SUV
LU79865,5794.104234,Bachelor,M,88370.0,74.0,1.0,Personal Auto,Nevada,355.2,Four-Door Car
BL29046,5332.462694,Doctor,F,68931.0,66.0,0.0,Corporate Auto,Oregon,309.577946,Four-Door Car
AM34581,6680.146801,Bachelor,F,24432.0,87.0,3.0,Corporate Auto,Oregon,71.10847,Two-Door Car
YN75239,7910.866718,College,M,77577.0,199.0,1.0,Personal Auto,Oregon,35.768916,Luxury
OJ84485,12516.92188,High School or Below,M,12607.0,110.0,0.0,Personal Auto,California,528.0,SUV
JA12995,2325.259483,College,F,0.0,63.0,0.0,Personal Auto,Oregon,302.4,Four-Door Car
OD85990,3964.151263,Bachelor,F,23474.0,102.0,0.0,Corporate Auto,Oregon,489.6,SUV
NZ57264,7486.088015,Bachelor,M,0.0,113.0,0.0,Personal Auto,California,813.6,SUV
OL39995,6707.994148,Bachelor,M,0.0,65.0,0.0,Personal Auto,Oregon,360.480689,Four-Door Car
LK51620,12902.09322,High School or Below,M,98478.0,106.0,0.0,Corporate Auto,California,508.8,Four-Door Car
ZB91993,5926.729379,College,M,23091.0,96.0,5.0,Personal Auto,Arizona,460.8,Four-Door Car
SZ60342,5148.653203,College,M,51071.0,65.0,0.0,Personal Auto,Arizona,312.0,Two-Door Car
WE80653,6827.178202,Bachelor,F,0.0,103.0,2.0,Personal Auto,Oregon,2.455033,SUV
EE28119,4670.058282,Bachelor,F,69921.0,118.0,2.0,Personal Auto,Arizona,373.227044,Two-Door Car
GA49547,5363.076547,High School or Below,M,36357.0,68.0,0.0,Personal Auto,Washington,17.269323,Four-Door Car
BA92673,6961.945557,High School or Below,F,0.0,63.0,0.0,Personal Auto,Oregon,40.622304,Four-Door Car
PT70350,28511.03331,High School or Below,M,27607.0,104.0,0.0,Corporate Auto,Oregon,640.584145,Four-Door Car
KL29678,8624.917663,Master,F,43610.0,106.0,0.0,Personal Auto,Oregon,508.8,Luxury
HL84679,3382.223536,Bachelor,F,0.0,91.0,0.0,Personal Auto,Oregon,436.8,Four-Door Car
GH94657,2319.818549,Bachelor,M,14660.0,61.0,0.0,Personal Auto,California,396.608751,Four-Door Car
EZ71780,8807.486831,High School or Below,F,26864.0,78.0,0.0,Special Auto,Arizona,374.4,Four-Door Car
BW76745,2491.317024,Doctor,M,36631.0,62.0,0.0,Personal Auto,Oregon,67.530904,Four-Door Car
TN64240,7853.961409,Bachelor,F,42582.0,99.0,0.0,Corporate Auto,California,629.344642,Four-Door Car
AE23906,9816.528302,College,M,37256.0,62.0,0.0,Personal Auto,Arizona,128.969729,Four-Door Car
CX20455,22103.5072,College,M,0.0,102.0,0.0,Corporate Auto,Arizona,489.6,SUV
KX18446,6689.022728,High School or Below,M,56980.0,84.0,0.0,Corporate Auto,Washington,599.000883,Two-Door Car
NR66922,11323.35555,Master,M,98254.0,94.0,3.0,Corporate Auto,Oregon,229.711908,Four-Door Car
PQ27923,6333.030812,Master,M,71737.0,79.0,0.0,Personal Auto,Washington,338.79562,Two-Door Car
No81415,3139.169353,Bachelor,M,31177.0,79.0,0.0,Personal Auto,Arizona,905.699717,Four-Door Car
OI48534,2617.182661,High School or Below,F,98338.0,65.0,0.0,Personal Auto,California,35.597288,Four-Door Car
FH83537,3732.568536,High School or Below,F,0.0,106.0,0.0,Personal Auto,California,879.42749,Luxury
VH94792,4433.694028,Bachelor,F,0.0,65.0,0.0,Special Auto,California,312.0,Four-Door Car
VD37089,3478.887023,College,M,29938.0,90.0,0.0,Corporate Auto,Washington,562.426585,Four-Door Car
UW68708,5009.595291,Bachelor,F,0.0,69.0,0.0,Personal Auto,California,496.8,Four-Door Car
PV39600,8417.004401,Bachelor,M,24285.0,111.0,0.0,Personal Auto,California,1257.527908,Two-Door Car
ZD42919,4483.839044,Master,M,32983.0,113.0,0.0,Personal Auto,California,466.81627,SUV
ZX68434,5124.984391,Doctor,F,0.0,134.0,0.0,Personal Auto,California,643.2,SUV
CH81088,3721.057118,Bachelor,F,71333.0,93.0,0.0,Personal Auto,Oregon,343.755209,Four-Door Car
SV68939,9988.787618,Master,F,33157.0,124.0,0.0,Personal Auto,Arizona,286.003968,SUV
WI81695,3342.177957,College,F,0.0,91.0,0.0,Personal Auto,Oregon,436.8,Four-Door Car
OU50429,7524.735746,Bachelor,M,36580.0,64.0,1.0,Personal Auto,California,460.8,Four-Door Car
TE44937,13466.92071,High School or Below,F,11432.0,119.0,0.0,Personal Auto,Oregon,571.2,SUV
GC29421,2949.282616,High School or Below,F,78596.0,73.0,0.0,Personal Auto,California,106.267659,Four-Door Car
RF71693,5179.890955,Bachelor,F,35143.0,65.0,0.0,Corporate Auto,Arizona,171.184016,Four-Door Car
JZ22920,3225.395988,Master,M,29606.0,81.0,0.0,Personal Auto,Arizona,438.276898,Four-Door Car
ZL68596,8849.689719,Master,M,53228.0,73.0,0.0,Special Auto,Arizona,137.195447,Four-Door Car
GV91160,2886.451602,High School or Below,F,10312.0,78.0,0.0,Personal Auto,Oregon,486.278557,Four-Door Car
PC80039,2359.423599,Bachelor,F,19864.0,63.0,0.0,Personal Auto,Oregon,352.394515,Four-Door Car
RH72839,4669.22664,High School or Below,F,76157.0,116.0,0.0,Personal Auto,Nevada,556.8,Two-Door Car
SV15363,6366.225775,High School or Below,M,44368.0,80.0,0.0,Personal Auto,California,384.0,Two-Door Car
CN17219,25581.61014,College,M,27961.0,72.0,0.0,Personal Auto,Oregon,345.6,Two-Door Car
ZM84839,8146.271602,College,F,92777.0,68.0,2.0,Personal Auto,California,158.041549,Two-Door Car
ZO31878,5412.458621,Master,F,55992.0,67.0,0.0,Personal Auto,Oregon,191.409775,Four-Door Car
BU70181,5757.442258,Master,M,88997.0,72.0,0.0,Personal Auto,Arizona,174.041566,Four-Door Car
RN20799,4755.194923,High School or Below,F,21926.0,63.0,0.0,Personal Auto,Arizona,302.4,Four-Door Car
VF58561,4995.211519,Bachelor,F,82413.0,62.0,0.0,Personal Auto,Oregon,297.6,Four-Door Car
HU26687,2824.849967,Bachelor,M,48008.0,73.0,4.0,Personal Auto,California,137.081716,Four-Door Car
VT84289,5907.91176,College,F,87796.0,74.0,0.0,Personal Auto,California,355.2,Four-Door Car
ZG17326,4988.579794,Bachelor,M,38928.0,64.0,0.0,Personal Auto,Oregon,326.660051,Four-Door Car
ZR84007,7405.265785,Bachelor,M,58779.0,64.0,1.0,Personal Auto,Arizona,307.2,Four-Door Car
WM17695,16553.23422,Doctor,F,98912.0,135.0,0.0,Personal Auto,Washington,714.831947,SUV
YR76491,15102.22866,College,F,0.0,137.0,0.0,Personal Auto,Oregon,32.978158,SUV
NY93341,9118.928908,High School or Below,F,33882.0,114.0,0.0,Personal Auto,Arizona,272.835064,SUV
BC87161,2759.978287,Bachelor,M,92296.0,69.0,0.0,Personal Auto,Oregon,331.2,Two-Door Car
PW23851,15251.57924,Bachelor,F,63287.0,127.0,0.0,Personal Auto,Oregon,617.202619,SUV
UM73815,14517.43681,High School or Below,F,74871.0,178.0,0.0,Personal Auto,Arizona,854.4,SUV
HW19506,5597.12496,High School or Below,F,37995.0,139.0,0.0,Personal Auto,Arizona,667.2,SUV
JF90784,19323.23675,High School or Below,F,0.0,139.0,1.0,Personal Auto,California,1389.140121,SUV
OW15518,15950.01951,College,F,0.0,87.0,1.0,Personal Auto,Washington,46.041452,Two-Door Car
BR28896,3176.356488,High School or Below,M,64706.0,81.0,0.0,Personal Auto,Nevada,372.909686,Two-Door Car
PD32943,4526.126785,Bachelor,M,0.0,64.0,1.0,Personal Auto,Oregon,307.2,Four-Door Car
GM83516,2573.716859,College,M,29500.0,67.0,0.0,Corporate Auto,Arizona,321.6,Four-Door Car
BK15048,6656.709233,College,M,0.0,69.0,1.0,Personal Auto,Arizona,496.8,Four-Door Car
RA27021,27564.73951,Bachelor,F,26410.0,91.0,0.0,Corporate Auto,Nevada,184.516188,Four-Door Car
JW15941,3842.794699,Master,M,97832.0,95.0,0.0,Personal Auto,California,107.661239,Two-Door Car
GP20408,3808.122147,College,F,94903.0,94.0,0.0,Personal Auto,Oregon,451.2,Two-Door Car
AM57175,15000.84238,High School or Below,F,62473.0,76.0,1.0,Personal Auto,Oregon,507.560729,Four-Door Car
RI40862,5573.10605,College,M,85704.0,69.0,0.0,Personal Auto,Nevada,325.395532,Four-Door Car
EY86980,6222.212108,Bachelor,M,74270.0,78.0,0.0,Corporate Auto,Oregon,122.486486,Two-Door Car
FG24850,5096.673223,Master,F,22886.0,65.0,0.0,Personal Auto,Oregon,312.0,Four-Door Car
JB39997,6183.185785,College,F,36464.0,78.0,0.0,Personal Auto,California,93.515817,Four-Door Car
CG43444,9388.981905,Bachelor,F,33599.0,80.0,0.0,Personal Auto,California,111.265486,Four-Door Car
ZG69918,8168.714346,College,M,20819.0,73.0,1.0,Special Auto,Oregon,206.863422,Four-Door Car
GM70734,13561.2048,College,F,29095.0,91.0,1.0,Corporate Auto,California,280.800938,Two-Door Car
PM14429,6699.278956,College,M,30852.0,88.0,0.0,Personal Auto,California,318.866388,Four-Door Car
FD55376,20230.9675,High School or Below,M,48448.0,74.0,1.0,Corporate Auto,California,355.2,Four-Door Car
PS25185,4097.371676,Bachelor,F,20079.0,110.0,0.0,Corporate Auto,Washington,528.0,Two-Door Car
YE70791,5169.49937,High School or Below,M,12430.0,73.0,0.0,Personal Auto,California,350.4,Four-Door Car
UN52560,6278.764007,Bachelor,M,47669.0,80.0,0.0,Personal Auto,Arizona,384.0,Four-Door Car
SS95187,3343.933131,Bachelor,M,40794.0,87.0,0.0,Personal Auto,Arizona,334.452807,Four-Door Car
OU62959,15531.78589,Bachelor,M,95340.0,198.0,2.0,Personal Auto,California,808.844338,Luxury
ZV36800,4236.84292,Bachelor,M,14476.0,113.0,0.0,Corporate Auto,Oregon,542.4,Luxury
XF83901,3692.583567,College,F,0.0,105.0,0.0,Personal Auto,Arizona,756.0,Four-Door Car
RE12758,6782.556454,High School or Below,M,26116.0,85.0,0.0,Personal Auto,California,612.0,Four-Door Car
CH97666,3683.472334,Bachelor,M,12454.0,100.0,0.0,Personal Auto,California,720.0,Luxury
NU25698,13995.68999,High School or Below,F,48245.0,121.0,3.0,Personal Auto,Oregon,580.8,SUV
ZV80216,5619.689084,High School or Below,M,0.0,153.0,0.0,Personal Auto,Oregon,1027.000029,SUV
PB47955,8331.648336,Bachelor,F,0.0,119.0,0.0,Personal Auto,Oregon,856.8,SUV
BD36887,4171.18715,College,F,37478.0,105.0,0.0,Personal Auto,Nevada,653.685468,Luxury
JG65202,7873.567332,High School or Below,M,0.0,74.0,0.0,Personal Auto,Oregon,568.798455,Two-Door Car
YV76240,10677.25385,College,F,45732.0,134.0,0.0,Corporate Auto,Oregon,611.918994,SUV
LN28900,14687.07959,Bachelor,M,0.0,85.0,0.0,Personal Auto,California,612.0,Four-Door Car
IN77241,5394.703229,Bachelor,M,65978.0,67.0,0.0,Corporate Auto,Washington,251.795869,Two-Door Car
DI42246,2230.755716,College,M,0.0,62.0,0.0,Personal Auto,Arizona,325.88607,Four-Door Car
SE86346,7771.018055,College,F,58467.0,65.0,0.0,Corporate Auto,Nevada,452.915621,Four-Door Car
FK46365,4103.849192,College,F,82427.0,102.0,0.0,Personal Auto,Washington,489.6,SUV
XW93623,7221.151702,Bachelor,M,33811.0,184.0,0.0,Personal Auto,Nevada,587.37679,Luxury
FJ62579,12285.0473,High School or Below,M,0.0,183.0,2.0,Personal Auto,Oregon,878.4,Luxury
ZZ22193,5704.679894,Master,F,37675.0,71.0,0.0,Personal Auto,California,380.919824,Four-Door Car
ZY77695,2433.913419,Bachelor,M,0.0,72.0,0.0,Personal Auto,Arizona,345.6,Two-Door Car
ZJ65064,4921.752296,College,F,0.0,70.0,0.0,Personal Auto,California,336.0,Four-Door Car
FA59186,4660.006868,High School or Below,M,0.0,67.0,0.0,Personal Auto,California,482.4,Two-Door Car
XS74336,2541.522907,High School or Below,F,0.0,71.0,0.0,Personal Auto,Washington,511.2,Four-Door Car
RT80802,11658.59927,College,M,19851.0,102.0,0.0,Personal Auto,Nevada,220.038588,Luxury
KN65809,11131.56637,High School or Below,F,0.0,99.0,0.0,Personal Auto,Washington,475.2,Four-Door Car
QF17381,4733.507343,Bachelor,F,0.0,62.0,0.0,Corporate Auto,Arizona,740.838216,Four-Door Car
JF16897,8776.363448,High School or Below,F,28360.0,73.0,0.0,Personal Auto,Oregon,863.909989,Four-Door Car
PB90912,7804.022473,High School or Below,M,70833.0,193.0,0.0,Personal Auto,California,926.4,Luxury
CH50339,2522.256441,Master,F,0.0,69.0,1.0,Corporate Auto,Arizona,470.275242,Four-Door Car
GU41198,9536.338382,Bachelor,F,62421.0,80.0,2.0,Corporate Auto,California,384.0,Four-Door Car
CT96082,4711.080198,Bachelor,F,13933.0,62.0,0.0,Corporate Auto,Oregon,49.364254,Two-Door Car
KP26590,3801.282266,Bachelor,F,40513.0,96.0,1.0,Personal Auto,Nevada,151.589577,Four-Door Car
ZQ51896,21159.30151,College,M,0.0,108.0,0.0,Special Auto,Oregon,777.6,SUV
BI34286,6515.026481,Master,M,47259.0,81.0,0.0,Corporate Auto,Oregon,388.8,Four-Door Car
XJ97760,4739.861234,Master,M,35039.0,61.0,0.0,Personal Auto,California,254.308991,Four-Door Car
CO71128,21240.94357,College,F,0.0,190.0,0.0,Personal Auto,California,1368.0,Luxury
SJ88799,3980.838735,High School or Below,M,92539.0,101.0,0.0,Personal Auto,Washington,707.408058,Four-Door Car
RC74014,4990.343538,College,F,0.0,71.0,0.0,Special Auto,Oregon,849.666647,Two-Door Car
CP66511,2562.604728,High School or Below,M,92038.0,65.0,2.0,Personal Auto,Oregon,178.408186,Two-Door Car
JG13893,7355.349908,Bachelor,M,51789.0,61.0,0.0,Corporate Auto,Nevada,435.835125,Two-Door Car
ER49844,5041.447024,College,M,61972.0,64.0,2.0,Personal Auto,Arizona,138.961963,Four-Door Car
AU91447,12731.95161,Doctor,M,40870.0,105.0,0.0,Special Auto,Oregon,504.0,SUV
SK58227,8879.790017,High School or Below,F,52583.0,113.0,0.0,Personal Auto,California,528.20086,SUV
HG23705,2872.669164,Bachelor,F,79681.0,73.0,1.0,Personal Auto,Arizona,9.160139,Four-Door Car
MV93555,11058.22493,High School or Below,F,69792.0,137.0,0.0,Personal Auto,Oregon,696.757797,SUV
VQ20924,7138.167712,High School or Below,F,19794.0,93.0,0.0,Corporate Auto,Arizona,603.077136,Two-Door Car
AR59416,29037.47753,High School or Below,M,0.0,113.0,0.0,Personal Auto,Oregon,542.4,SUV
DF65548,8613.464627,Master,F,26680.0,106.0,0.0,Personal Auto,California,508.8,Two-Door Car
PA28328,3861.486269,College,F,93272.0,95.0,0.0,Corporate Auto,California,281.110788,Four-Door Car
WY31530,2482.915577,Doctor,M,0.0,68.0,0.0,Personal Auto,Oregon,87.272319,Two-Door Car
LV89056,3133.018242,Bachelor,F,0.0,91.0,1.0,Personal Auto,California,655.2,Four-Door Car
KC49055,7123.082388,Bachelor,M,21835.0,92.0,0.0,Personal Auto,Oregon,621.617047,Two-Door Car
RA62150,28435.64035,College,F,0.0,116.0,0.0,Personal Auto,Arizona,899.63718,SUV
OY70124,12741.84754,Bachelor,F,73054.0,106.0,1.0,Personal Auto,Washington,419.365958,SUV
OT94107,3176.865609,Bachelor,F,35551.0,81.0,1.0,Personal Auto,Oregon,565.108501,Four-Door Car
CF27806,5470.060561,Bachelor,F,54507.0,138.0,0.0,Personal Auto,California,702.990032,SUV
EK50729,4582.647706,Bachelor,M,0.0,67.0,0.0,Personal Auto,Oregon,321.6,Four-Door Car
TF53472,5350.214918,Bachelor,F,41336.0,68.0,0.0,Personal Auto,Oregon,263.090605,Four-Door Car
PG50529,5580.916514,High School or Below,F,31972.0,70.0,0.0,Personal Auto,California,416.2618,Four-Door Car
QT46509,7048.544758,College,M,20416.0,93.0,0.0,Personal Auto,Oregon,446.4,Four-Door Car
LI72489,15306.22493,Bachelor,M,46338.0,193.0,0.0,Corporate Auto,Nevada,19.46445,SUV
MF74413,9657.579498,High School or Below,M,0.0,131.0,0.0,Personal Auto,Oregon,628.8,SUV
SI58884,3985.319833,College,M,17220.0,105.0,0.0,Personal Auto,California,504.0,SUV
KG53604,9816.528302,College,M,37256.0,62.0,0.0,Personal Auto,Oregon,128.969729,Four-Door Car
XB97091,37243.63312,High School or Below,F,53602.0,115.0,0.0,Personal Auto,Arizona,295.335363,Luxury
JS12902,4122.964632,High School or Below,F,24732.0,107.0,0.0,Corporate Auto,Oregon,72.771554,Luxury
LL14393,2556.609217,High School or Below,M,23867.0,65.0,0.0,Personal Auto,Oregon,312.0,Four-Door Car
UJ71101,17253.72944,High School or Below,M,0.0,124.0,0.0,Personal Auto,California,928.817071,Luxury
ZY95807,36181.02892,Bachelor,M,0.0,180.0,0.0,Corporate Auto,California,864.0,Luxury
GA72966,8427.172486,Bachelor,F,46503.0,215.0,1.0,Personal Auto,Oregon,1032.0,Luxury
WS36101,2348.028868,High School or Below,M,0.0,63.0,0.0,Personal Auto,Oregon,453.6,Four-Door Car
GY88677,23675.02939,Bachelor,F,46268.0,199.0,1.0,Personal Auto,Oregon,842.000858,Luxury
XT45580,4089.463358,College,F,60759.0,104.0,0.0,Corporate Auto,Oregon,499.2,SUV
RY23571,2483.67134,Bachelor,F,75615.0,65.0,5.0,Personal Auto,California,156.54837,Four-Door Car
NB82190,5278.183759,College,M,73742.0,68.0,0.0,Personal Auto,Oregon,27.210992,Two-Door Car
XG14438,13727.79972,College,M,0.0,126.0,0.0,Personal Auto,Arizona,604.8,SUV
TQ84956,10963.95723,High School or Below,M,55687.0,276.0,0.0,Corporate Auto,California,1324.8,Luxury
FV58292,5555.830205,Bachelor,M,74015.0,72.0,0.0,Personal Auto,Oregon,471.443077,Four-Door Car
EF52334,3261.01744,Bachelor,M,0.0,93.0,0.0,Personal Auto,Washington,669.6,Four-Door Car
ZV17267,11029.92619,Bachelor,F,37056.0,92.0,0.0,Personal Auto,Oregon,441.6,Four-Door Car
RH71877,4770.550911,College,F,12964.0,65.0,0.0,Personal Auto,Arizona,362.774545,Two-Door Car
GS23406,2734.328157,High School or Below,F,30916.0,70.0,0.0,Personal Auto,California,21.143072,Four-Door Car
VZ66567,3748.14406,Bachelor,M,0.0,106.0,0.0,Personal Auto,California,508.8,SUV
VP57785,4770.550911,College,F,12964.0,65.0,0.0,Personal Auto,Oregon,362.774545,Two-Door Car
NS51605,8509.850887,Master,M,26057.0,74.0,0.0,Personal Auto,Oregon,523.888845,Four-Door Car
QV48556,5421.04863,Master,F,29981.0,71.0,0.0,Corporate Auto,Arizona,340.8,Two-Door Car
PR10005,2916.41746,Bachelor,M,85210.0,74.0,0.0,Personal Auto,Oregon,100.517679,Four-Door Car
IF80474,13363.52356,College,M,86653.0,111.0,0.0,Personal Auto,Washington,277.201278,Four-Door Car
NE73773,3974.858481,High School or Below,M,0.0,113.0,0.0,Personal Auto,Oregon,542.4,SUV
WM72573,14710.43268,College,M,22872.0,131.0,2.0,Personal Auto,California,754.845659,SUV
NX71501,5936.344043,Doctor,F,42889.0,74.0,0.0,Personal Auto,California,177.321283,Four-Door Car
LR79755,2862.180262,College,M,74034.0,72.0,0.0,Personal Auto,California,267.415871,Four-Door Car
KC26486,8427.172486,Bachelor,F,46503.0,215.0,1.0,Personal Auto,Arizona,1032.0,Luxury
DY22077,8622.835375,Bachelor,M,97361.0,73.0,0.0,Corporate Auto,Arizona,350.4,Four-Door Car
UV54104,2300.691547,Bachelor,M,25905.0,63.0,0.0,Personal Auto,Oregon,302.4,Four-Door Car
SG66076,10056.5083,Bachelor,M,16097.0,139.0,0.0,Personal Auto,Arizona,1000.8,Luxury
GW52309,9118.148093,High School or Below,F,56446.0,114.0,0.0,Personal Auto,Nevada,547.2,SUV
DC46965,5507.242176,Master,M,11343.0,72.0,0.0,Personal Auto,Nevada,154.750098,Four-Door Car
JK57654,10972.06778,Doctor,M,24164.0,137.0,0.0,Personal Auto,California,657.6,Luxury
QO62792,7840.165778,College,M,58414.0,210.0,2.0,Personal Auto,Oregon,1008.0,Luxury
XI56955,5504.139033,Bachelor,F,0.0,73.0,0.0,Personal Auto,Washington,350.4,Four-Door Car
NR99710,4792.810444,High School or Below,F,24395.0,62.0,0.0,Personal Auto,Arizona,357.109603,Two-Door Car
QH90382,4187.77657,Master,F,52471.0,103.0,0.0,Personal Auto,Oregon,163.955502,Two-Door Car
SI30451,2718.375247,College,F,30009.0,68.0,0.0,Personal Auto,Arizona,317.428826,Four-Door Car
UM39817,8257.666512,Bachelor,F,23815.0,73.0,0.0,Personal Auto,Oregon,424.330166,Four-Door Car
YG98004,12663.59666,Master,F,27739.0,104.0,0.0,Corporate Auto,Oregon,3.200851,Four-Door Car
KF80172,2647.519741,College,M,37876.0,69.0,0.0,Personal Auto,Nevada,300.056383,Four-Door Car
LD95617,4830.908873,Bachelor,M,0.0,72.0,0.0,Corporate Auto,California,345.6,Four-Door Car
YJ24476,4558.428807,Bachelor,F,14665.0,61.0,0.0,Personal Auto,Nevada,292.8,Four-Door Car
LM67096,2127.92357,Bachelor,F,0.0,61.0,1.0,Corporate Auto,Oregon,31.481852,Four-Door Car
FB21121,2546.866098,Bachelor,F,86595.0,63.0,0.0,Corporate Auto,California,445.621906,Two-Door Car
LW91009,4992.920887,College,M,24368.0,68.0,1.0,Personal Auto,Washington,326.4,Four-Door Car
RD28560,12741.84754,Bachelor,F,73054.0,106.0,1.0,Corporate Auto,Washington,419.365958,SUV
DD22139,7863.02773,College,F,0.0,72.0,0.0,Corporate Auto,Washington,732.352745,Two-Door Car
LN50415,5131.360525,Bachelor,M,50994.0,128.0,0.0,Corporate Auto,Oregon,346.387342,SUV
OP62891,2275.401583,High School or Below,F,0.0,64.0,0.0,Personal Auto,Oregon,460.8,Two-Door Car
JT47995,60556.19213,College,F,0.0,204.0,0.0,Personal Auto,Arizona,979.2,Luxury
AG39150,2356.074955,Bachelor,M,0.0,63.0,0.0,Personal Auto,Oregon,302.4,Four-Door Car
QJ65440,28824.06193,Bachelor,F,0.0,87.0,1.0,Corporate Auto,California,626.4,Four-Door Car
IJ40048,4978.950257,Bachelor,M,28695.0,64.0,0.0,Corporate Auto,California,221.241837,Four-Door Car
PX86841,6521.368813,College,F,72608.0,82.0,3.0,Special Auto,Arizona,393.6,Four-Door Car
ES87355,7564.611951,Bachelor,F,48381.0,63.0,0.0,Personal Auto,Oregon,302.4,Two-Door Car
EZ85603,11631.87866,College,F,0.0,152.0,0.0,Personal Auto,Arizona,1082.814636,SUV
YJ96611,7180.283897,High School or Below,F,0.0,104.0,0.0,Special Auto,Arizona,1210.245916,Luxury
UB18338,12168.74492,Bachelor,M,14973.0,115.0,0.0,Personal Auto,Oregon,828.0,SUV
TF67147,2248.449633,Bachelor,F,24910.0,63.0,1.0,Personal Auto,Oregon,347.857619,Four-Door Car
FY83287,2530.332,Doctor,M,50577.0,63.0,0.0,Personal Auto,Washington,12.444326,Two-Door Car
JO11457,4653.094259,High School or Below,M,0.0,70.0,1.0,Personal Auto,Oregon,585.482275,Two-Door Car
BS94221,2354.322179,College,F,26184.0,62.0,0.0,Special Auto,Arizona,297.6,Two-Door Car
CB64729,8417.159538,Bachelor,M,20215.0,112.0,0.0,Personal Auto,Nevada,537.6,Four-Door Car
XB32430,5717.743109,Bachelor,M,68342.0,72.0,0.0,Personal Auto,California,148.738098,Four-Door Car
LN43251,4623.536706,High School or Below,M,0.0,133.0,0.0,Personal Auto,Oregon,957.6,SUV
BX20227,6521.368813,College,F,72608.0,82.0,3.0,Personal Auto,Oregon,393.6,Four-Door Car
PC12390,5507.155471,Master,M,74960.0,69.0,1.0,Corporate Auto,Nevada,107.985836,Four-Door Car
XQ44462,2674.730716,College,M,56342.0,69.0,0.0,Corporate Auto,Oregon,331.2,Four-Door Car
GF59560,5817.832355,College,F,86824.0,72.0,0.0,Personal Auto,Oregon,189.096179,Four-Door Car
FE67098,4646.387267,College,M,37530.0,117.0,0.0,Personal Auto,Nevada,561.6,SUV
LO98108,2226.589837,Bachelor,M,0.0,62.0,0.0,Personal Auto,Oregon,297.6,Two-Door Car
SP94430,7651.099258,Bachelor,F,53330.0,65.0,0.0,Personal Auto,California,224.093027,Four-Door Car
SH44158,2305.056048,Bachelor,M,0.0,63.0,0.0,Special Auto,Oregon,327.685301,Four-Door Car
WY41435,11960.47577,College,F,52436.0,76.0,0.0,Personal Auto,Nevada,109.476994,Four-Door Car
MR77933,11315.20373,Bachelor,F,11885.0,101.0,0.0,Personal Auto,Arizona,484.8,Four-Door Car
WJ38827,7212.523911,High School or Below,M,0.0,97.0,0.0,Corporate Auto,Oregon,498.779439,Two-Door Car
TM33419,5255.576016,College,F,44536.0,137.0,1.0,Personal Auto,Washington,46.949646,SUV
QF91596,4794.96419,Bachelor,F,82763.0,61.0,0.0,Personal Auto,Nevada,245.163042,Four-Door Car
DB16336,2659.70565,College,F,0.0,87.0,3.0,Corporate Auto,Nevada,420.041981,Four-Door Car
BX35013,27643.23508,Master,F,63401.0,113.0,0.0,Personal Auto,Arizona,52.336233,SUV
JB20891,10083.48688,High School or Below,F,11828.0,90.0,0.0,Personal Auto,Arizona,571.479602,Four-Door Car
WE68750,5687.897911,Bachelor,M,99747.0,72.0,0.0,Corporate Auto,Oregon,61.536107,Two-Door Car
RN65450,3059.426954,College,M,0.0,88.0,0.0,Personal Auto,California,633.6,Four-Door Car
BW79345,4945.072236,High School or Below,F,78796.0,61.0,0.0,Personal Auto,Nevada,292.8,Two-Door Car
OZ64384,8609.158215,Bachelor,F,79090.0,107.0,0.0,Personal Auto,Oregon,289.040734,SUV
KV99077,5157.053124,College,M,43906.0,65.0,0.0,Personal Auto,Nevada,468.0,Two-Door Car
NY24020,3748.99343,High School or Below,M,82189.0,94.0,0.0,Personal Auto,Arizona,354.081091,Two-Door Car
CJ81799,7462.926263,College,F,70263.0,93.0,0.0,Personal Auto,Oregon,7.345946,Two-Door Car
QI69873,15063.50118,Master,M,19132.0,207.0,0.0,Personal Auto,Washington,1008.569798,Luxury
VC70716,9657.579498,High School or Below,M,0.0,131.0,0.0,Corporate Auto,Arizona,628.8,SUV
ZB88708,2799.470318,Master,M,78127.0,69.0,0.0,Personal Auto,Nevada,136.172569,Four-Door Car
XG64081,2759.978287,Bachelor,M,92296.0,69.0,0.0,Personal Auto,Arizona,331.2,Two-Door Car
ZZ35218,5392.499539,Doctor,M,0.0,74.0,0.0,Corporate Auto,Oregon,317.109447,Two-Door Car
KA95976,5392.502531,High School or Below,F,80550.0,68.0,3.0,Personal Auto,California,265.516965,Four-Door Car
TF23305,3574.990725,College,F,51950.0,89.0,0.0,Personal Auto,Arizona,429.171384,Two-Door Car
TU72516,5608.172012,College,F,20392.0,73.0,0.0,Personal Auto,Oregon,350.4,Four-Door Car
DM16101,4754.653816,College,F,30886.0,61.0,0.0,Special Auto,Washington,8.315904,Four-Door Car
UF93725,2239.647297,Bachelor,M,0.0,66.0,0.0,Personal Auto,Oregon,475.2,Four-Door Car
IH62666,7356.383518,Bachelor,F,33089.0,61.0,0.0,Personal Auto,California,292.8,Four-Door Car
FG23952,13283.86446,College,M,0.0,132.0,0.0,Personal Auto,Oregon,950.4,SUV
NH85248,6893.171997,College,M,0.0,68.0,0.0,Corporate Auto,Arizona,326.4,Two-Door Car
XO75323,3966.129505,College,M,72439.0,100.0,1.0,Personal Auto,California,480.0,SUV
FX78901,16548.85665,Bachelor,F,81639.0,82.0,0.0,Special Auto,Oregon,47.952426,Four-Door Car
KG40352,5447.201066,College,F,68815.0,68.0,0.0,Personal Auto,Oregon,114.743385,Four-Door Car
GX27974,4644.90392,College,F,0.0,63.0,0.0,Personal Auto,California,94.958688,Four-Door Car
ST31207,5318.89664,Bachelor,F,25134.0,67.0,0.0,Personal Auto,California,321.6,Four-Door Car
VC64410,2491.257604,High School or Below,F,25965.0,65.0,0.0,Personal Auto,Arizona,329.206567,Four-Door Car
YO49328,12296.49757,High School or Below,M,55193.0,105.0,1.0,Personal Auto,Arizona,504.0,SUV
KP10993,6273.911874,College,F,18577.0,86.0,0.0,Personal Auto,California,412.8,Four-Door Car
FR15853,6366.225775,High School or Below,M,44368.0,80.0,0.0,Corporate Auto,Nevada,384.0,Two-Door Car
BR13613,6005.847375,College,M,13528.0,86.0,0.0,Personal Auto,Oregon,412.8,Four-Door Car
MM27192,11981.98481,Master,F,21514.0,62.0,0.0,Personal Auto,Oregon,257.248789,Two-Door Car
HI36042,11885.96797,High School or Below,M,0.0,105.0,0.0,Personal Auto,California,756.0,SUV
GT89774,17109.39447,Bachelor,F,87139.0,213.0,0.0,Personal Auto,Arizona,363.865389,Luxury
SB83749,4717.62873,High School or Below,M,20355.0,61.0,1.0,Personal Auto,California,439.2,Four-Door Car
WE77831,4778.682644,Bachelor,M,0.0,73.0,2.0,Personal Auto,California,350.4,Four-Door Car
HM21382,2402.333284,Bachelor,M,46210.0,61.0,3.0,Personal Auto,Washington,439.2,Two-Door Car
ML10022,13197.92893,College,F,0.0,68.0,3.0,Personal Auto,Nevada,326.4,Four-Door Car
QJ65472,29232.69297,High School or Below,M,28613.0,114.0,0.0,Personal Auto,California,820.8,Four-Door Car
TZ71391,8509.850887,Master,M,26057.0,74.0,0.0,Personal Auto,Oregon,523.888845,Four-Door Car
AS62048,4774.379355,Bachelor,M,0.0,73.0,0.0,Personal Auto,Arizona,525.6,Four-Door Car
PL14941,9113.694323,High School or Below,F,76700.0,112.0,0.0,Personal Auto,Nevada,322.046658,Four-Door Car
LK87874,7663.871432,Bachelor,F,0.0,109.0,0.0,Personal Auto,Nevada,523.2,SUV
NK53938,2599.968438,Master,M,45181.0,65.0,0.0,Personal Auto,Oregon,312.0,Four-Door Car
VF96109,8819.018934,High School or Below,M,99845.0,110.0,1.0,Personal Auto,Oregon,528.0,SUV
IV32877,6857.519928,Bachelor,M,0.0,101.0,0.0,Personal Auto,Oregon,1021.719397,SUV
EE96187,7109.341438,High School or Below,F,92423.0,88.0,0.0,Personal Auto,Oregon,404.243868,Four-Door Car
FJ31683,2842.822337,Doctor,F,43793.0,71.0,0.0,Personal Auto,Washington,16.150175,Four-Door Car
ON90223,12846.4477,College,M,93210.0,107.0,2.0,Personal Auto,Washington,513.6,SUV
SC70396,3498.773857,Bachelor,M,58484.0,88.0,1.0,Personal Auto,Oregon,43.542559,Two-Door Car
WF44706,6005.214792,High School or Below,M,26876.0,76.0,0.0,Personal Auto,Oregon,364.8,Four-Door Car
CF15252,4344.524462,Bachelor,F,48054.0,109.0,0.0,Personal Auto,Arizona,523.2,SUV
DG51590,25401.51859,Bachelor,F,36800.0,91.0,0.0,Personal Auto,Arizona,236.63519,Two-Door Car
LE12782,4466.977478,College,M,28663.0,61.0,4.0,Personal Auto,Arizona,292.8,Four-Door Car
LD98568,7849.125533,College,F,54431.0,97.0,0.0,Personal Auto,California,284.49502,Four-Door Car
WX92363,4250.775183,Bachelor,F,27608.0,108.0,0.0,Personal Auto,Washington,308.953614,SUV
KX57885,6073.241952,Bachelor,M,22103.0,89.0,1.0,Personal Auto,California,427.2,Four-Door Car
XI30683,6729.867925,College,M,0.0,103.0,0.0,Personal Auto,Arizona,741.6,SUV
TM13510,2588.860221,Doctor,M,46168.0,65.0,0.0,Personal Auto,Arizona,312.0,Four-Door Car
LU95652,7305.936433,College,M,83221.0,91.0,0.0,Personal Auto,Oregon,14.386157,Four-Door Car
OD45969,8531.401125,Bachelor,M,98677.0,105.0,0.0,Personal Auto,California,108.025547,Four-Door Car
MU96709,8618.295865,High School or Below,F,46379.0,72.0,0.0,Corporate Auto,California,345.6,Four-Door Car
KX55910,4957.033603,College,F,62803.0,62.0,0.0,Personal Auto,Oregon,400.959425,Two-Door Car
KE10223,12255.12414,Bachelor,M,0.0,177.0,0.0,Personal Auto,California,1274.4,SUV
QS29824,9624.938903,College,M,0.0,134.0,0.0,Personal Auto,Nevada,964.8,SUV
OF12725,7080.131872,Bachelor,F,28139.0,97.0,2.0,Personal Auto,California,465.6,Four-Door Car
WE52840,7053.302737,College,F,52982.0,89.0,0.0,Corporate Auto,Arizona,31.356274,Four-Door Car
OJ65117,5365.54161,Bachelor,F,77095.0,68.0,1.0,Personal Auto,Oregon,461.841879,Four-Door Car
FC52000,4306.55935,College,F,26322.0,111.0,2.0,Corporate Auto,Oregon,180.346146,SUV
IN57582,5970.816921,College,F,25125.0,81.0,1.0,Corporate Auto,California,583.2,Four-Door Car
UY13430,8879.790017,High School or Below,F,52583.0,113.0,0.0,Special Auto,Oregon,528.20086,SUV
PD66941,4458.113369,Bachelor,M,17622.0,65.0,1.0,Personal Auto,Arizona,312.0,Four-Door Car
IB36843,5565.892477,Master,M,90607.0,70.0,0.0,Personal Auto,California,311.514116,Four-Door Car
VE51810,5813.242121,Bachelor,M,42795.0,73.0,0.0,Personal Auto,Arizona,350.4,Four-Door Car
RX50446,8365.963454,High School or Below,F,27042.0,110.0,0.0,Personal Auto,Arizona,1263.325007,Four-Door Car
TK22471,7275.921106,College,M,27984.0,62.0,1.0,Personal Auto,Oregon,445.361629,Four-Door Car
YR85283,15083.78498,High School or Below,F,26021.0,126.0,0.0,Personal Auto,Nevada,331.847478,SUV
WH83589,8458.912476,High School or Below,F,25448.0,71.0,0.0,Personal Auto,Arizona,345.022359,Four-Door Car
NM40177,8010.968982,Bachelor,M,52009.0,68.0,0.0,Personal Auto,California,250.416569,Four-Door Car
UV44069,2514.428561,High School or Below,F,23504.0,69.0,0.0,Corporate Auto,Oregon,374.399828,Two-Door Car
CO25601,4112.625047,High School or Below,M,0.0,71.0,3.0,Personal Auto,Washington,569.761582,Four-Door Car
IS58493,4369.697742,Master,M,40774.0,110.0,1.0,Personal Auto,Oregon,394.968488,Luxury
YF54705,7356.010439,College,M,36812.0,92.0,1.0,Personal Auto,Nevada,392.695097,Two-Door Car
ES66762,10656.88195,Bachelor,F,72540.0,88.0,0.0,Personal Auto,Oregon,631.743039,Two-Door Car
CX85598,5365.975978,Bachelor,M,51240.0,70.0,2.0,Personal Auto,Arizona,283.849464,Four-Door Car
QF74806,6047.02516,College,M,20396.0,76.0,1.0,Personal Auto,California,364.8,Four-Door Car
LO17461,2885.742441,High School or Below,F,35654.0,72.0,0.0,Personal Auto,Arizona,515.122954,Two-Door Car
KW95891,2635.148447,High School or Below,F,93884.0,65.0,0.0,Personal Auto,Oregon,312.0,Four-Door Car
YR45605,2413.888405,Bachelor,F,0.0,68.0,0.0,Personal Auto,Oregon,379.209349,Four-Door Car
OW83209,8341.929905,Bachelor,M,30344.0,107.0,0.0,Personal Auto,Nevada,342.832065,SUV
AT86990,2487.256248,Bachelor,F,28738.0,62.0,0.0,Personal Auto,Arizona,81.609951,Two-Door Car
CW80905,9212.613275,High School or Below,M,70958.0,115.0,0.0,Personal Auto,Nevada,115.400119,Luxury
TK65222,16407.66461,Bachelor,M,22103.0,109.0,0.0,Personal Auto,California,160.338007,Four-Door Car
FQ89652,7017.145586,College,F,0.0,103.0,0.0,Special Auto,Oregon,741.6,SUV
PH70685,5481.502923,Bachelor,F,70795.0,68.0,0.0,Corporate Auto,California,177.948654,Four-Door Car
AP34711,10382.38098,Master,F,32821.0,129.0,0.0,Personal Auto,Arizona,25.89566,SUV
AZ31562,5498.940679,College,M,22520.0,73.0,0.0,Personal Auto,Arizona,350.4,Four-Door Car
VU87728,4846.322223,High School or Below,M,0.0,72.0,0.0,Personal Auto,Nevada,518.4,Four-Door Car
XX34879,14718.11779,College,M,56263.0,93.0,0.0,Corporate Auto,Oregon,446.4,Four-Door Car
GG91020,9656.759549,Bachelor,M,0.0,72.0,0.0,Personal Auto,Nevada,345.6,Four-Door Car
RO58812,4466.101762,College,M,0.0,64.0,0.0,Personal Auto,California,307.2,Four-Door Car
GU29647,21423.63723,Bachelor,M,0.0,65.0,0.0,Personal Auto,Oregon,312.0,Two-Door Car
QF66202,2531.73969,College,M,31993.0,66.0,1.0,Personal Auto,Nevada,39.627399,Four-Door Car
GB44176,8378.357502,College,M,40994.0,106.0,0.0,Personal Auto,Arizona,60.227339,Four-Door Car
RH70194,5093.007525,Bachelor,M,29638.0,64.0,0.0,Personal Auto,Nevada,307.2,Four-Door Car
TL40288,13352.56134,College,F,0.0,119.0,0.0,Personal Auto,Oregon,729.595208,Four-Door Car
VZ70667,14206.98091,College,F,26056.0,73.0,0.0,Personal Auto,Oregon,355.558088,Four-Door Car
GK21260,10232.85415,Doctor,F,22821.0,131.0,0.0,Personal Auto,Oregon,740.05751,SUV
GS92994,15435.68882,College,F,84581.0,96.0,0.0,Personal Auto,Washington,4.334425,Four-Door Car
KI91500,8641.046574,High School or Below,F,22193.0,74.0,0.0,Personal Auto,California,415.535724,Two-Door Car
TL51969,7334.915821,Bachelor,M,30969.0,63.0,1.0,Personal Auto,Washington,358.225234,Two-Door Car
NR16284,7462.926263,College,F,70263.0,93.0,0.0,Personal Auto,California,7.345946,Two-Door Car
MA68039,3635.028312,High School or Below,M,35056.0,96.0,3.0,Personal Auto,California,460.8,Two-Door Car
ZI51939,5525.836623,College,M,73435.0,69.0,0.0,Corporate Auto,Oregon,331.2,Two-Door Car
NX93393,4335.353131,High School or Below,M,86096.0,108.0,0.0,Corporate Auto,Oregon,518.4,Two-Door Car
SE30128,4832.117309,High School or Below,M,0.0,139.0,0.0,Personal Auto,California,1000.8,SUV
VT78222,9267.920019,Master,M,55808.0,116.0,0.0,Personal Auto,Oregon,551.413755,SUV
AH17051,14700.49784,Bachelor,M,29695.0,94.0,0.0,Personal Auto,California,554.143798,Four-Door Car
NC76877,4905.127076,Bachelor,F,88043.0,61.0,0.0,Corporate Auto,California,188.717606,Four-Door Car
JD71348,7289.297853,College,M,60875.0,92.0,0.0,Personal Auto,California,410.846025,Four-Door Car
DR88293,8478.824155,Bachelor,M,0.0,77.0,0.0,Personal Auto,Arizona,12.603783,Four-Door Car
ZB23962,7952.836873,High School or Below,M,0.0,118.0,0.0,Personal Auto,Oregon,849.6,SUV
JO90877,2869.997625,Bachelor,F,70974.0,71.0,0.0,Personal Auto,Washington,340.8,Four-Door Car
IR45546,10529.84867,Bachelor,F,37518.0,131.0,0.0,Special Auto,Oregon,472.850932,Luxury
LO99872,5497.659883,College,M,28128.0,70.0,0.0,Personal Auto,Oregon,336.0,Two-Door Car
CW16221,7090.468528,Bachelor,F,45254.0,93.0,3.0,Corporate Auto,Oregon,446.4,Four-Door Car
UU92753,26416.25478,Doctor,F,85537.0,108.0,0.0,Personal Auto,Oregon,285.276083,SUV
WH63678,2727.682464,Master,M,74608.0,68.0,1.0,Corporate Auto,Oregon,407.68374,Four-Door Car
TE31876,11814.53241,High School or Below,F,41004.0,102.0,3.0,Personal Auto,California,489.6,Luxury
MU59158,4090.750678,Master,F,38884.0,102.0,0.0,Personal Auto,Arizona,423.819864,Two-Door Car
LV57595,5181.620895,Master,F,97131.0,64.0,0.0,Corporate Auto,California,307.2,Four-Door Car
GY99495,6172.392406,Master,M,0.0,84.0,0.0,Corporate Auto,Oregon,403.2,Four-Door Car
FN67085,2487.358049,College,M,22331.0,64.0,0.0,Corporate Auto,California,61.20919,Four-Door Car
US82470,13094.2046,Bachelor,M,37541.0,109.0,0.0,Corporate Auto,Arizona,96.212835,SUV
UN53508,4688.459288,Bachelor,F,27357.0,61.0,0.0,Corporate Auto,Oregon,292.8,Four-Door Car
FK37308,2703.466256,Doctor,F,0.0,72.0,0.0,Corporate Auto,Oregon,41.927219,Two-Door Car
EW34780,11315.20373,Bachelor,F,11885.0,101.0,0.0,Personal Auto,California,484.8,Four-Door Car
HG97353,8679.838135,Bachelor,F,52717.0,109.0,0.0,Corporate Auto,Oregon,60.151529,Four-Door Car
FM31768,5979.724161,High School or Below,F,57693.0,76.0,0.0,Personal Auto,Arizona,547.2,Four-Door Car
DO18118,10996.71336,High School or Below,F,0.0,104.0,0.0,Personal Auto,Oregon,748.8,SUV
BC31913,11718.41696,Bachelor,F,73903.0,73.0,0.0,Corporate Auto,Arizona,439.361029,Four-Door Car
HB29169,42462.96794,Bachelor,F,0.0,281.0,1.0,Personal Auto,Washington,1499.806352,Luxury
KO86181,6941.872931,College,F,0.0,111.0,3.0,Personal Auto,Oregon,532.8,SUV
NT38409,2551.314013,College,M,79452.0,65.0,0.0,Corporate Auto,California,187.683707,Four-Door Car
IP77666,10656.88195,Bachelor,F,72540.0,88.0,0.0,Personal Auto,Nevada,631.743039,Two-Door Car
KL80110,9333.333631,College,F,89513.0,116.0,0.0,Personal Auto,Arizona,232.945977,SUV
KR35099,7507.455372,College,M,60920.0,64.0,0.0,Personal Auto,Washington,231.201886,Two-Door Car
YP41539,5320.081159,High School or Below,F,88669.0,66.0,1.0,Personal Auto,Oregon,213.574473,Four-Door Car
MM10866,8609.158215,Bachelor,F,79090.0,107.0,0.0,Personal Auto,California,289.040734,SUV
WD88264,12298.6863,High School or Below,M,17101.0,113.0,0.0,Corporate Auto,Washington,542.4,SUV
XN18885,7285.030983,High School or Below,M,44788.0,61.0,0.0,Personal Auto,Oregon,386.031248,Four-Door Car
VB94165,6714.070698,Master,M,0.0,93.0,1.0,Special Auto,Nevada,604.270179,Two-Door Car
FG71665,2810.464447,Bachelor,M,26790.0,71.0,0.0,Personal Auto,Arizona,340.8,Two-Door Car
IV98398,15320.37177,Bachelor,M,81955.0,126.0,0.0,Corporate Auto,California,720.054248,SUV
YN39714,8488.561363,High School or Below,F,80213.0,70.0,0.0,Personal Auto,Oregon,440.268527,Two-Door Car
WL92199,2379.195759,Doctor,M,0.0,66.0,0.0,Personal Auto,Arizona,90.989464,Four-Door Car
KC36987,13334.26763,Bachelor,M,47950.0,170.0,1.0,Personal Auto,Oregon,780.990942,SUV
JW24212,3123.080994,Bachelor,M,0.0,101.0,4.0,Personal Auto,Oregon,960.115399,SUV
OG57342,2382.706153,Doctor,M,0.0,65.0,0.0,Corporate Auto,Washington,312.0,Four-Door Car
SN49269,7812.889738,High School or Below,M,72353.0,66.0,0.0,Personal Auto,Oregon,316.8,Two-Door Car
RE52529,14024.35839,High School or Below,F,81872.0,115.0,0.0,Corporate Auto,California,256.43803,Four-Door Car
EQ68292,5334.784887,Bachelor,M,74606.0,68.0,0.0,Corporate Auto,Arizona,109.112713,Two-Door Car
KF88603,9700.35416,High School or Below,M,0.0,138.0,0.0,Personal Auto,Oregon,993.6,SUV
JR62870,5703.288862,High School or Below,M,41438.0,72.0,0.0,Personal Auto,California,323.836677,Two-Door Car
NN40477,4280.747008,Bachelor,F,52679.0,110.0,2.0,Personal Auto,Arizona,528.0,Luxury
JP40952,3398.052277,High School or Below,M,0.0,101.0,0.0,Personal Auto,Arizona,1183.780098,SUV
FG24548,11044.10847,Bachelor,M,44524.0,70.0,0.0,Personal Auto,Oregon,200.768848,Four-Door Car
DZ89536,3237.996209,Master,M,60244.0,83.0,3.0,Corporate Auto,Oregon,326.281835,Four-Door Car
GH64274,25805.26839,High School or Below,M,22711.0,82.0,0.0,Personal Auto,California,393.6,Two-Door Car
NX62002,17497.52201,College,M,0.0,73.0,0.0,Corporate Auto,Oregon,350.4,Two-Door Car
CV57391,22261.0224,Bachelor,F,50398.0,71.0,0.0,Personal Auto,Arizona,339.42418,Four-Door Car
ZN36983,9006.598402,College,M,0.0,86.0,1.0,Personal Auto,California,412.8,Four-Door Car
OT40088,9904.977027,High School or Below,F,0.0,66.0,0.0,Personal Auto,Oregon,475.2,Four-Door Car
CD56261,7432.203079,High School or Below,F,0.0,102.0,0.0,Corporate Auto,California,1037.274096,SUV
OG72448,8150.573759,Bachelor,M,0.0,114.0,0.0,Personal Auto,Arizona,1310.46158,Four-Door Car
IH64929,4956.247235,High School or Below,M,87197.0,63.0,0.0,Personal Auto,California,247.402353,Two-Door Car
FD20455,6537.051379,Bachelor,M,0.0,100.0,0.0,Personal Auto,California,720.0,Luxury
ET89070,9448.833931,High School or Below,F,85221.0,117.0,0.0,Personal Auto,California,516.907624,Luxury
DY87071,7519.133631,High School or Below,M,96306.0,95.0,1.0,Personal Auto,Arizona,185.355353,Four-Door Car
AX10148,2409.368488,Bachelor,F,0.0,66.0,0.0,Personal Auto,California,316.8,Four-Door Car
DB28487,17041.4383,High School or Below,F,22249.0,64.0,0.0,Personal Auto,California,455.191595,Four-Door Car
KU92052,4398.047053,High School or Below,F,0.0,62.0,0.0,Personal Auto,California,382.067564,Four-Door Car
FB17016,5470.060561,Bachelor,F,54507.0,138.0,0.0,Personal Auto,Oregon,702.990032,SUV
BM45823,3173.032243,College,M,0.0,101.0,4.0,Personal Auto,Oregon,484.8,Four-Door Car
NN53003,13258.17973,College,M,20754.0,184.0,0.0,Personal Auto,California,1324.8,Luxury
LF94873,13045.37088,College,F,0.0,190.0,1.0,Personal Auto,California,1654.202174,SUV
VB57504,2560.691306,High School or Below,M,30027.0,65.0,0.0,Personal Auto,California,312.0,Four-Door Car
NT25078,3387.77901,Bachelor,M,23156.0,88.0,2.0,Special Auto,Nevada,422.4,Four-Door Car
FH86704,6439.330195,High School or Below,M,0.0,93.0,0.0,Personal Auto,California,669.6,Four-Door Car
KX32370,7078.948599,College,M,23222.0,90.0,0.0,Corporate Auto,California,252.938842,Two-Door Car
NN76284,2417.763236,College,F,0.0,65.0,0.0,Corporate Auto,California,468.0,Four-Door Car
LJ43988,20492.7355,Master,F,27317.0,102.0,0.0,Personal Auto,California,489.6,Four-Door Car
MM44301,7805.31287,College,F,21073.0,106.0,1.0,Corporate Auto,California,508.8,SUV
ED63600,22062.54841,College,M,0.0,225.0,0.0,Corporate Auto,California,1620.0,Luxury
RT37588,11218.44173,High School or Below,F,69268.0,93.0,0.0,Personal Auto,Arizona,19.170855,Two-Door Car
LF19061,5427.484591,High School or Below,F,74561.0,68.0,1.0,Personal Auto,Arizona,234.393625,Two-Door Car
EW73451,2592.437797,High School or Below,M,72421.0,65.0,0.0,Personal Auto,Arizona,312.0,Four-Door Car
UC29668,2601.351096,Master,F,0.0,71.0,0.0,Corporate Auto,Oregon,17.029835,Two-Door Car
ZC32761,8433.228985,Bachelor,M,57961.0,72.0,0.0,Personal Auto,Arizona,38.513959,Two-Door Car
FQ22639,2967.670797,College,M,35205.0,76.0,0.0,Personal Auto,California,178.839506,Four-Door Car
YZ60434,5380.091626,Master,M,0.0,74.0,0.0,Personal Auto,Oregon,59.026302,Four-Door Car
MJ45965,8059.893671,High School or Below,M,72309.0,68.0,0.0,Personal Auto,Oregon,244.727144,Four-Door Car
IS95398,8444.840217,Bachelor,F,76352.0,109.0,2.0,Personal Auto,Nevada,501.83778,SUV
LZ81665,9655.442955,High School or Below,M,0.0,100.0,2.0,Personal Auto,Washington,720.0,SUV
OP43389,8178.235107,College,F,29057.0,102.0,0.0,Corporate Auto,California,489.6,SUV
PI98333,2353.179121,Bachelor,F,0.0,66.0,0.0,Personal Auto,Oregon,501.153571,Four-Door Car
YX67409,8058.659713,Bachelor,M,25595.0,101.0,0.0,Personal Auto,California,484.8,SUV
XR85926,8012.365866,Bachelor,M,58058.0,67.0,0.0,Personal Auto,Oregon,355.198918,Four-Door Car
MJ54807,16473.16905,Bachelor,M,22828.0,106.0,0.0,Personal Auto,Nevada,508.8,SUV
AX36597,5907.151868,College,F,0.0,81.0,0.0,Personal Auto,Arizona,390.161912,Four-Door Car
IC94434,8257.666512,Bachelor,F,23815.0,73.0,0.0,Corporate Auto,California,424.330166,Four-Door Car
ZX56541,4954.292104,Bachelor,M,45329.0,65.0,3.0,Personal Auto,California,312.0,Two-Door Car
RI76571,43026.52149,Master,M,59349.0,119.0,0.0,Personal Auto,Washington,222.032326,SUV
YL78930,3794.964613,College,M,19794.0,105.0,0.0,Personal Auto,Oregon,504.0,Four-Door Car
ZX17330,2537.383207,Bachelor,M,92401.0,64.0,0.0,Personal Auto,Arizona,50.359627,Four-Door Car
MK92016,8026.04923,Bachelor,M,0.0,109.0,0.0,Corporate Auto,Oregon,898.430079,SUV
KH93541,7786.676381,College,F,83000.0,97.0,1.0,Corporate Auto,Nevada,378.5566,Four-Door Car
UG12132,5256.923177,College,F,77693.0,65.0,0.0,Personal Auto,Washington,225.045919,Four-Door Car
BV35683,8256.2978,Bachelor,F,62902.0,69.0,0.0,Personal Auto,Arizona,159.383042,Two-Door Car
PN69476,2453.336242,Master,M,0.0,70.0,2.0,Personal Auto,Nevada,449.601961,Two-Door Car
HB70063,4312.769798,College,M,43386.0,111.0,0.0,Personal Auto,Washington,413.002348,SUV
CR59224,5556.91458,Bachelor,M,29120.0,72.0,0.0,Corporate Auto,California,345.6,Two-Door Car
RH97231,8693.995589,Bachelor,M,48893.0,110.0,0.0,Personal Auto,Washington,787.88953,SUV
FY67942,11830.95192,College,F,92931.0,146.0,0.0,Personal Auto,California,503.144025,SUV
HG68775,4506.485006,College,F,15462.0,115.0,0.0,Corporate Auto,Washington,611.941558,Four-Door Car
ED28429,4159.593921,Bachelor,M,0.0,62.0,0.0,Personal Auto,Washington,446.4,Two-Door Car
IH17933,4462.445111,College,M,70088.0,112.0,0.0,Personal Auto,Washington,536.481665,SUV
NE67816,2515.259002,College,M,25558.0,63.0,0.0,Personal Auto,Oregon,453.6,Four-Door Car
QJ65091,8007.399376,High School or Below,F,0.0,112.0,0.0,Corporate Auto,Arizona,537.6,Luxury
TR75465,9901.278118,Master,M,0.0,134.0,0.0,Personal Auto,Washington,643.2,SUV
LM12349,12282.84085,Bachelor,F,36328.0,155.0,0.0,Corporate Auto,Washington,388.148089,SUV
XZ62712,44468.02303,High School or Below,F,32948.0,127.0,1.0,Personal Auto,Washington,1428.972913,SUV
SL70555,8184.585992,Bachelor,M,69114.0,103.0,0.0,Personal Auto,California,162.199584,SUV
XI31845,16007.94954,High School or Below,F,45302.0,133.0,0.0,Personal Auto,Oregon,638.4,SUV
DQ34772,6361.845408,High School or Below,M,0.0,88.0,0.0,Personal Auto,Arizona,110.527627,Four-Door Car
XU57332,8736.501241,College,F,53173.0,112.0,0.0,Personal Auto,California,1169.409787,SUV
SJ87108,4334.064096,Bachelor,F,23904.0,123.0,3.0,Corporate Auto,Arizona,590.4,SUV
PL33465,4376.363592,Bachelor,F,63774.0,111.0,0.0,Personal Auto,Arizona,60.036683,Four-Door Car
XL80761,9294.088719,College,M,67544.0,116.0,0.0,Corporate Auto,California,556.8,SUV
SB41594,2543.003943,College,M,26691.0,65.0,0.0,Personal Auto,California,312.0,Four-Door Car
UB51030,6582.450781,High School or Below,F,0.0,62.0,0.0,Special Auto,Washington,297.6,Four-Door Car
KT46283,4686.469674,College,M,58089.0,118.0,0.0,Corporate Auto,California,566.4,SUV
WZ65217,14325.15261,Bachelor,M,0.0,136.0,0.0,Personal Auto,Nevada,652.8,SUV
JB11283,12743.35175,Bachelor,M,99583.0,64.0,0.0,Personal Auto,California,99.674341,Four-Door Car
TM13014,2434.08581,Bachelor,M,0.0,68.0,0.0,Personal Auto,California,271.489602,Four-Door Car
QS81789,25107.09812,Bachelor,F,24410.0,73.0,0.0,Corporate Auto,Oregon,350.4,Four-Door Car
FP78531,13432.00289,Bachelor,F,68956.0,118.0,2.0,Personal Auto,California,118.538444,SUV
RN41087,2753.780996,High School or Below,F,0.0,73.0,0.0,Personal Auto,California,298.671049,Four-Door Car
WJ88394,8653.302322,College,F,20588.0,113.0,0.0,Personal Auto,Nevada,586.390393,SUV
LH94971,7057.888812,Bachelor,M,37840.0,90.0,0.0,Corporate Auto,Oregon,432.0,Four-Door Car
VW34309,5906.940238,Bachelor,F,43440.0,74.0,0.0,Personal Auto,Oregon,128.21198,Four-Door Car
XH47320,2937.424534,Master,F,83195.0,73.0,1.0,Personal Auto,Nevada,332.693627,Two-Door Car
GX13549,4974.235309,High School or Below,F,0.0,70.0,0.0,Personal Auto,California,336.0,Four-Door Car
VY32314,4268.618821,High School or Below,M,43209.0,110.0,0.0,Personal Auto,Oregon,528.0,Luxury
TF65501,4601.913754,High School or Below,F,37308.0,115.0,0.0,Personal Auto,California,552.0,SUV
EO24423,2404.633766,Master,M,22239.0,62.0,0.0,Personal Auto,Arizona,297.6,Four-Door Car
LA79102,7638.442811,Doctor,F,66106.0,95.0,1.0,Personal Auto,California,250.323257,Two-Door Car
FT74388,4623.624811,High School or Below,M,97065.0,117.0,0.0,Personal Auto,Nevada,561.6,SUV
ZE59592,5470.181751,College,M,24910.0,69.0,0.0,Personal Auto,Oregon,746.107437,Two-Door Car
JU64043,4999.34581,Master,M,49414.0,68.0,5.0,Personal Auto,Oregon,159.631303,Four-Door Car
TR96772,15956.51879,High School or Below,F,61148.0,132.0,0.0,Personal Auto,Arizona,98.206649,Luxury
DQ35195,9275.681452,Bachelor,F,52494.0,119.0,0.0,Corporate Auto,Arizona,571.2,Two-Door Car
No74162,7595.335237,High School or Below,M,20538.0,104.0,0.0,Personal Auto,Arizona,499.2,SUV
XP52012,24258.71383,High School or Below,M,0.0,89.0,0.0,Personal Auto,Arizona,538.689882,Two-Door Car
HQ16068,24636.96719,High School or Below,M,73716.0,103.0,0.0,Special Auto,Washington,162.662641,Luxury
QM78112,2810.464447,Bachelor,M,26790.0,71.0,0.0,Personal Auto,Washington,340.8,Two-Door Car
GI30974,2337.356699,Bachelor,M,0.0,65.0,0.0,Corporate Auto,Oregon,468.0,Four-Door Car
NM51858,4668.043154,High School or Below,M,53252.0,117.0,0.0,Personal Auto,Oregon,561.6,SUV
ZL37444,10972.06778,Doctor,M,24164.0,137.0,0.0,Personal Auto,California,657.6,Luxury
CI60365,34611.37896,High School or Below,F,20090.0,109.0,0.0,Special Auto,California,523.2,Luxury
IX45386,2478.833596,College,M,81721.0,63.0,0.0,Personal Auto,Arizona,133.90029,Four-Door Car
ZO29478,26197.41498,High School or Below,F,18495.0,113.0,0.0,Personal Auto,Washington,542.4,SUV
NG34818,6282.079645,Bachelor,M,42314.0,80.0,0.0,Personal Auto,California,56.39419,Four-Door Car
EE95568,10954.38352,Bachelor,F,89892.0,135.0,0.0,Personal Auto,California,526.248798,SUV
LM84166,3164.378577,Bachelor,M,0.0,92.0,1.0,Personal Auto,California,662.4,Two-Door Car
RO32883,7804.597655,Bachelor,F,0.0,117.0,4.0,Personal Auto,Oregon,91.055318,Four-Door Car
OI68331,5207.197499,Doctor,F,21576.0,65.0,0.0,Personal Auto,California,312.0,Four-Door Car
PW95813,2886.451602,High School or Below,F,10312.0,78.0,0.0,Personal Auto,Oregon,486.278557,Four-Door Car
LM50087,2483.642397,College,F,50632.0,62.0,0.0,Corporate Auto,Arizona,54.961039,Two-Door Car
JD82896,4896.261605,High School or Below,F,0.0,139.0,0.0,Personal Auto,California,1000.8,SUV
KA62636,4928.001408,High School or Below,M,97917.0,67.0,5.0,Personal Auto,Oregon,279.184512,Two-Door Car
VG85511,8759.592518,College,M,28280.0,116.0,0.0,Personal Auto,Arizona,556.8,Luxury
GT18023,11281.52451,High School or Below,F,86195.0,139.0,0.0,Special Auto,California,601.667902,SUV
VI35467,4315.6705,Master,F,89797.0,106.0,0.0,Personal Auto,Nevada,70.958361,SUV
LF75926,4491.909095,College,M,0.0,63.0,0.0,Personal Auto,Arizona,302.4,Four-Door Car
SS13550,6745.248379,High School or Below,M,0.0,192.0,0.0,Personal Auto,Nevada,1921.248929,Luxury
AA34092,28799.95415,College,M,33635.0,240.0,0.0,Personal Auto,California,1152.0,Luxury
GQ15708,14503.02129,Bachelor,M,29790.0,194.0,0.0,Personal Auto,Oregon,931.2,Luxury
JR72064,8270.625331,High School or Below,M,44656.0,70.0,0.0,Personal Auto,Arizona,336.0,Two-Door Car
AN79079,12731.95161,Doctor,M,40870.0,105.0,0.0,Personal Auto,Arizona,504.0,SUV
DS45844,4167.094538,College,M,0.0,117.0,0.0,Corporate Auto,California,94.94292,Luxury
QJ90136,10455.48983,High School or Below,F,28363.0,133.0,0.0,Personal Auto,California,638.4,Luxury
OS95734,7074.398104,Bachelor,F,94508.0,88.0,0.0,Personal Auto,California,491.384479,Four-Door Car
KT21352,7046.478698,High School or Below,M,0.0,64.0,0.0,Personal Auto,Oregon,324.695555,Four-Door Car
CG33085,13357.44544,Doctor,M,0.0,124.0,0.0,Personal Auto,Oregon,696.034509,SUV
IU94124,18708.75831,College,M,0.0,77.0,1.0,Personal Auto,Arizona,554.4,Four-Door Car
HW93117,8169.334846,Bachelor,F,0.0,116.0,0.0,Corporate Auto,California,835.2,Luxury
ON63161,8583.272854,High School or Below,F,18017.0,114.0,0.0,Personal Auto,Oregon,547.2,Four-Door Car
HT64629,12234.36232,High School or Below,F,0.0,117.0,0.0,Personal Auto,Washington,930.594707,SUV
XE59612,7185.673718,High School or Below,M,63741.0,91.0,0.0,Corporate Auto,Nevada,36.980596,Four-Door Car
VZ39362,9060.204521,High School or Below,F,57078.0,113.0,1.0,Personal Auto,Oregon,542.4,Luxury
SL71970,2336.177331,High School or Below,F,0.0,67.0,0.0,Special Auto,Oregon,458.661381,Four-Door Car
YO29244,7995.41091,Bachelor,F,25239.0,100.0,0.0,Personal Auto,Oregon,150.96491,SUV
TN85931,5897.555427,High School or Below,F,29227.0,74.0,0.0,Special Auto,Oregon,421.19002,Two-Door Car
PP92749,3939.00637,Bachelor,F,60021.0,99.0,0.0,Special Auto,California,882.871945,Four-Door Car
MB54287,2695.352444,Bachelor,F,0.0,73.0,0.0,Personal Auto,Oregon,780.57363,Four-Door Car
JQ93340,5459.216794,High School or Below,M,83208.0,68.0,0.0,Special Auto,Nevada,325.866271,Four-Door Car
LN20978,10721.61076,Bachelor,F,25983.0,90.0,0.0,Corporate Auto,Oregon,432.0,Four-Door Car
ZD59913,2491.257604,High School or Below,F,25965.0,65.0,0.0,Corporate Auto,Oregon,329.206567,Four-Door Car
BG80246,5570.17755,College,F,22679.0,72.0,0.0,Personal Auto,Arizona,345.6,Two-Door Car
VP48253,5100.737803,High School or Below,M,41186.0,70.0,4.0,Personal Auto,Arizona,242.320409,Four-Door Car
BR39076,7633.821822,High School or Below,F,0.0,67.0,0.0,Personal Auto,California,445.702958,Four-Door Car
ZD29731,4656.665064,College,M,29070.0,61.0,2.0,Personal Auto,California,292.8,Two-Door Car
QR88427,4363.1982,Bachelor,F,0.0,63.0,0.0,Personal Auto,Nevada,302.4,Four-Door Car
WN69789,2526.729022,College,F,33485.0,63.0,0.0,Personal Auto,California,343.705799,Four-Door Car
LZ39487,5122.718927,High School or Below,F,58206.0,64.0,0.0,Personal Auto,Washington,454.188803,Four-Door Car
GO42840,2483.544888,High School or Below,M,87492.0,62.0,0.0,Personal Auto,Oregon,264.461805,Two-Door Car
SR96970,3489.276369,Bachelor,M,0.0,98.0,0.0,Personal Auto,Oregon,705.6,Four-Door Car
ED90879,7325.917302,Bachelor,M,20757.0,102.0,3.0,Corporate Auto,Nevada,216.4268,Four-Door Car
SS69401,4841.057535,College,F,23449.0,61.0,0.0,Corporate Auto,Oregon,292.8,Four-Door Car
VF32335,19964.39708,College,M,0.0,192.0,0.0,Personal Auto,Arizona,921.6,Luxury
WX14028,32450.39142,College,F,60455.0,104.0,0.0,Personal Auto,Nevada,499.2,SUV
FP99321,2628.171324,High School or Below,M,0.0,89.0,4.0,Personal Auto,Washington,640.8,Four-Door Car
QF21628,3095.627124,High School or Below,M,53588.0,77.0,0.0,Personal Auto,California,369.6,Four-Door Car
OR40901,12731.95161,Doctor,M,40870.0,105.0,0.0,Corporate Auto,California,504.0,SUV
NF82527,2631.564135,Bachelor,M,0.0,71.0,0.0,Personal Auto,Arizona,340.8,Two-Door Car
GD84658,35984.10457,High School or Below,F,0.0,129.0,0.0,Corporate Auto,Nevada,1267.549091,Luxury
PA14842,2906.893312,High School or Below,F,45128.0,72.0,0.0,Special Auto,Washington,66.667784,Four-Door Car
SA45648,10628.06415,Bachelor,M,90874.0,137.0,4.0,Personal Auto,California,459.785009,SUV
IQ37561,7590.961288,High School or Below,F,52823.0,95.0,0.0,Personal Auto,Arizona,125.768818,Two-Door Car
TP34946,5108.038755,College,M,26784.0,67.0,0.0,Corporate Auto,California,482.4,Four-Door Car
TL20040,13989.84697,College,M,22354.0,118.0,0.0,Personal Auto,Oregon,775.526054,SUV
JM96431,3115.704933,College,M,54420.0,80.0,0.0,Personal Auto,Oregon,576.0,Four-Door Car
LN10007,13369.44267,College,F,50800.0,112.0,0.0,Corporate Auto,Oregon,621.218119,Luxury
WY17451,8621.185568,College,F,0.0,87.0,1.0,Personal Auto,Oregon,417.6,Four-Door Car
XS30210,10359.01985,College,M,84583.0,65.0,0.0,Corporate Auto,Arizona,238.868659,Four-Door Car
UD27331,3241.838403,Bachelor,M,33701.0,88.0,3.0,Personal Auto,Nevada,460.815578,Four-Door Car
HC52114,4344.99018,Bachelor,F,0.0,63.0,0.0,Corporate Auto,California,462.63613,Four-Door Car
WG50184,5332.462694,Doctor,F,68931.0,66.0,0.0,Corporate Auto,Arizona,309.577946,Four-Door Car
BQ99053,7692.456014,College,M,0.0,105.0,0.0,Personal Auto,Oregon,504.0,Four-Door Car
IY77611,26223.81193,High School or Below,M,0.0,115.0,1.0,Corporate Auto,Arizona,828.0,SUV
ER24015,6930.625422,College,M,29318.0,198.0,5.0,Personal Auto,Arizona,1386.824722,SUV
SG71810,11610.25439,College,F,41503.0,73.0,0.0,Personal Auto,Oregon,15.001594,Two-Door Car
OQ10108,8937.118615,High School or Below,M,0.0,126.0,0.0,Personal Auto,Oregon,604.8,SUV
ON45263,2462.859762,Bachelor,F,0.0,69.0,0.0,Personal Auto,California,427.25055,Two-Door Car
RD15786,2300.691547,Bachelor,M,25905.0,63.0,0.0,Personal Auto,Oregon,302.4,Four-Door Car
TU64352,4078.023331,College,F,0.0,116.0,0.0,Personal Auto,Oregon,835.2,Luxury
CR12479,2868.598866,College,F,40046.0,73.0,0.0,Personal Auto,Nevada,118.509791,Four-Door Car
AW36627,4428.031583,High School or Below,F,58577.0,110.0,0.0,Personal Auto,California,303.872752,SUV
UD31660,4061.590219,Bachelor,M,70129.0,103.0,1.0,Personal Auto,California,130.495798,Four-Door Car
QL18084,18504.2801,Master,M,91268.0,229.0,0.0,Corporate Auto,Nevada,737.737825,Luxury
DJ11965,4904.894731,College,F,12902.0,139.0,0.0,Personal Auto,California,667.2,Luxury
LT16517,10827.87278,High School or Below,F,62053.0,134.0,0.0,Personal Auto,Oregon,614.03209,SUV
JG77605,5745.121547,Bachelor,F,30389.0,73.0,0.0,Personal Auto,Nevada,278.932051,Four-Door Car
PD94851,2423.259778,Bachelor,M,15585.0,65.0,0.0,Personal Auto,Nevada,67.618365,Two-Door Car
NK27819,5926.729379,College,M,23091.0,96.0,5.0,Personal Auto,Arizona,460.8,Four-Door Car
PL28709,4605.036646,College,F,22571.0,63.0,0.0,Personal Auto,California,302.4,Four-Door Car
DY35560,2132.771675,High School or Below,M,0.0,61.0,0.0,Personal Auto,Oregon,691.677138,Four-Door Car
LX23185,2643.71574,College,F,0.0,82.0,3.0,Personal Auto,Oregon,393.6,Two-Door Car
NA39347,5824.224192,College,M,73976.0,73.0,0.0,Personal Auto,California,338.529369,Four-Door Car
SI32097,6889.6161,Bachelor,F,30814.0,87.0,0.0,Personal Auto,Oregon,417.6,Four-Door Car
JD50909,3008.099115,Bachelor,F,80681.0,74.0,0.0,Corporate Auto,Arizona,355.2,Four-Door Car
FB55024,3286.171949,High School or Below,F,60934.0,82.0,0.0,Personal Auto,Oregon,393.6,Two-Door Car
NQ51389,13552.77776,High School or Below,M,0.0,62.0,2.0,Corporate Auto,Oregon,446.4,Two-Door Car
EA23961,5166.190278,College,F,80797.0,64.0,0.0,Personal Auto,California,300.940297,Four-Door Car
RQ78687,2945.998877,College,M,89410.0,74.0,0.0,Personal Auto,Oregon,95.997363,Four-Door Car
ZE42703,4863.470811,Bachelor,M,52728.0,127.0,1.0,Corporate Auto,Nevada,609.6,SUV
LZ34164,4892.617128,Bachelor,F,43199.0,61.0,0.0,Personal Auto,Nevada,334.007478,Four-Door Car
CO44659,3337.59441,Bachelor,F,43510.0,83.0,0.0,Personal Auto,Arizona,238.088581,Four-Door Car
YQ53901,5246.278375,Bachelor,F,28909.0,66.0,0.0,Personal Auto,Washington,456.702735,Two-Door Car
LX46285,9031.214859,Master,F,0.0,122.0,0.0,Personal Auto,Oregon,650.52179,Luxury
GH90738,3580.076125,Bachelor,F,71176.0,91.0,2.0,Personal Auto,Oregon,278.072755,Two-Door Car
FK10455,9802.548509,Bachelor,M,84429.0,123.0,0.0,Personal Auto,California,115.07234,SUV
GJ77362,4825.651946,Bachelor,M,61613.0,61.0,1.0,Special Auto,California,40.562432,Four-Door Car
WJ26538,3203.303695,Master,M,68370.0,80.0,0.0,Personal Auto,California,244.158446,Four-Door Car
IN67175,5659.139938,College,F,52389.0,72.0,1.0,Personal Auto,California,345.6,Four-Door Car
LA52988,4144.868939,High School or Below,F,64478.0,103.0,0.0,Personal Auto,Oregon,8.281829,SUV
ZH89968,13770.97618,High School or Below,F,59207.0,116.0,0.0,Personal Auto,Washington,556.8,Four-Door Car
YA17061,3716.479655,High School or Below,F,17162.0,96.0,0.0,Corporate Auto,Nevada,460.8,Four-Door Car
NT76210,3123.080994,Bachelor,M,0.0,101.0,4.0,Personal Auto,Nevada,960.115399,SUV
XL58577,12168.74492,Bachelor,M,14973.0,115.0,0.0,Personal Auto,California,828.0,SUV
WJ57919,2674.730716,College,M,56342.0,69.0,0.0,Special Auto,California,331.2,Four-Door Car
FG77231,12741.84754,Bachelor,F,73054.0,106.0,1.0,Personal Auto,Oregon,419.365958,SUV
UH32376,4037.547258,Bachelor,M,21586.0,106.0,0.0,Personal Auto,Nevada,1056.291709,Two-Door Car
RA43827,8628.303301,High School or Below,F,0.0,117.0,0.0,Special Auto,Oregon,842.4,SUV
WA67245,22093.61618,High School or Below,F,24193.0,185.0,0.0,Personal Auto,Oregon,785.367947,Luxury
GT65478,8217.427595,College,F,84815.0,68.0,0.0,Personal Auto,Oregon,279.996658,Four-Door Car
SZ35936,26197.41498,High School or Below,F,18495.0,113.0,0.0,Corporate Auto,Oregon,542.4,SUV
AT41276,8110.536059,Bachelor,M,36554.0,70.0,1.0,Personal Auto,California,433.38842,Two-Door Car
JD94356,4766.367352,Bachelor,F,0.0,68.0,0.0,Personal Auto,Oregon,656.959783,Four-Door Car
PU88199,8819.018934,High School or Below,M,99845.0,110.0,1.0,Corporate Auto,Oregon,528.0,SUV
OR33365,5171.272924,College,F,0.0,69.0,0.0,Corporate Auto,California,344.469652,Two-Door Car
KQ36942,3896.572719,Bachelor,M,10853.0,104.0,0.0,Corporate Auto,California,350.306385,SUV
LN62857,6005.027312,Master,F,23749.0,77.0,0.0,Personal Auto,California,151.550875,Four-Door Car
GY99465,6869.185344,College,F,0.0,69.0,2.0,Corporate Auto,Oregon,331.2,Four-Door Car
JV58396,3054.541283,Bachelor,M,0.0,88.0,0.0,Personal Auto,California,422.4,Four-Door Car
WC83553,4874.216555,College,M,92783.0,61.0,0.0,Personal Auto,Oregon,6.671268,Two-Door Car
CB95310,2747.429661,Doctor,F,83502.0,68.0,0.0,Personal Auto,Arizona,368.963633,Four-Door Car
YY71144,8717.049833,College,M,83846.0,74.0,3.0,Personal Auto,Oregon,355.2,Four-Door Car
TP96247,4099.659085,High School or Below,F,18606.0,110.0,1.0,Personal Auto,Oregon,568.844905,SUV
HC16500,8189.967712,Doctor,M,72191.0,68.0,0.0,Personal Auto,Arizona,209.387509,Four-Door Car
AM29546,5225.03143,College,M,57733.0,66.0,0.0,Personal Auto,Oregon,393.528054,Two-Door Car
ZM31116,7949.28426,Doctor,M,63688.0,99.0,0.0,Personal Auto,Arizona,475.2,Four-Door Car
VG40704,3135.405606,College,F,55855.0,79.0,0.0,Personal Auto,California,272.9955,Four-Door Car
PJ73790,3939.00637,Bachelor,F,60021.0,99.0,0.0,Special Auto,Oregon,882.871945,Four-Door Car
KE36052,5325.724541,High School or Below,M,0.0,73.0,0.0,Corporate Auto,Arizona,496.474767,Two-Door Car
HW97280,19483.24011,High School or Below,M,74300.0,122.0,0.0,Personal Auto,California,354.55391,SUV
WX10701,3459.230941,Bachelor,M,0.0,96.0,0.0,Corporate Auto,Washington,460.8,Four-Door Car
CC16034,17103.79173,High School or Below,F,51747.0,71.0,0.0,Personal Auto,Oregon,340.8,Four-Door Car
YA83600,2753.312714,High School or Below,F,28887.0,73.0,2.0,Personal Auto,Arizona,425.81795,Four-Door Car
UE10014,12866.89474,High School or Below,M,0.0,189.0,0.0,Personal Auto,Arizona,1415.579302,Luxury
NV11692,4420.248983,Bachelor,F,0.0,68.0,3.0,Personal Auto,Nevada,546.420009,Four-Door Car
XJ52902,2756.472584,High School or Below,M,43540.0,70.0,0.0,Corporate Auto,Nevada,117.585017,Two-Door Car
EI89831,7743.918426,Bachelor,F,96961.0,64.0,0.0,Corporate Auto,Nevada,81.377259,Two-Door Car
ZY57929,8169.746083,College,F,32799.0,104.0,0.0,Personal Auto,Arizona,499.2,SUV
KI70852,3569.864625,Bachelor,F,0.0,101.0,0.0,Personal Auto,Nevada,1201.085226,SUV
WD38067,10656.88195,Bachelor,F,72540.0,88.0,0.0,Personal Auto,California,631.743039,Two-Door Car
NQ45562,7092.635635,Master,M,35173.0,180.0,2.0,Personal Auto,California,415.331869,Luxury
RU75129,2777.341885,High School or Below,F,65431.0,69.0,0.0,Personal Auto,Washington,331.2,Four-Door Car
KC16062,7550.41865,High School or Below,F,0.0,100.0,0.0,Corporate Auto,Arizona,480.0,SUV
VK57280,4727.354548,Bachelor,M,0.0,72.0,0.0,Personal Auto,Washington,345.6,Four-Door Car
AP90638,14274.55485,High School or Below,M,0.0,84.0,0.0,Personal Auto,Arizona,604.8,Four-Door Car
GF12712,9559.340024,High School or Below,F,40672.0,121.0,0.0,Corporate Auto,California,580.8,SUV
QQ26855,8879.790017,High School or Below,F,52583.0,113.0,0.0,Personal Auto,California,528.20086,SUV
ZJ90079,5525.470004,College,F,64816.0,69.0,0.0,Corporate Auto,Arizona,331.2,Four-Door Car
CE75354,5923.208,Bachelor,F,36685.0,74.0,0.0,Corporate Auto,California,355.2,Four-Door Car
CP38401,8501.652884,High School or Below,M,0.0,136.0,3.0,Personal Auto,Oregon,979.2,Luxury
ZZ42291,40235.9731,Master,F,77143.0,125.0,3.0,Personal Auto,California,176.006384,SUV
EI57866,2584.824329,Master,M,60942.0,64.0,0.0,Special Auto,Arizona,288.205261,Two-Door Car
KL39986,19278.81715,High School or Below,F,0.0,61.0,0.0,Personal Auto,Arizona,366.604732,Two-Door Car
PL18921,11981.98481,Master,F,21514.0,62.0,0.0,Personal Auto,Oregon,257.248789,Two-Door Car
SR71068,3933.813993,High School or Below,M,25927.0,103.0,0.0,Personal Auto,Washington,674.973614,SUV
JM47657,2491.257604,High School or Below,F,25965.0,65.0,0.0,Personal Auto,Oregon,329.206567,Four-Door Car
JZ54775,7431.664369,Bachelor,F,27688.0,92.0,0.0,Personal Auto,Arizona,572.352362,Four-Door Car
LO57469,7865.182898,High School or Below,F,75490.0,97.0,0.0,Corporate Auto,Oregon,43.084332,Four-Door Car
DA99797,15978.91049,Bachelor,F,33871.0,136.0,0.0,Personal Auto,Oregon,933.624655,SUV
WA63124,2113.85703,College,F,0.0,65.0,2.0,Personal Auto,Nevada,468.0,Four-Door Car
YV97407,8661.735884,College,M,85470.0,109.0,0.0,Personal Auto,California,523.2,SUV
UQ71296,5625.307768,College,M,97095.0,70.0,0.0,Personal Auto,Washington,208.035411,Four-Door Car
LY14687,4592.150374,College,F,73604.0,114.0,0.0,Personal Auto,Washington,184.222768,SUV
AM32820,3709.919724,Bachelor,M,0.0,112.0,0.0,Personal Auto,California,1082.898726,SUV
ZP47993,8208.929715,Bachelor,F,40646.0,103.0,0.0,Personal Auto,California,494.4,Four-Door Car
WN13366,5595.389905,High School or Below,F,74454.0,71.0,0.0,Personal Auto,Arizona,340.8,Four-Door Car
MK87221,3413.62256,High School or Below,F,18168.0,87.0,0.0,Personal Auto,Arizona,417.6,Two-Door Car
BC77846,6325.030596,High School or Below,M,0.0,89.0,0.0,Personal Auto,Nevada,614.572672,Two-Door Car
YL27602,6393.874612,Master,M,0.0,66.0,2.0,Personal Auto,Oregon,316.8,Four-Door Car
QS70017,8738.401013,Bachelor,M,43597.0,110.0,0.0,Personal Auto,Arizona,528.0,Two-Door Car
PZ80067,4836.394361,High School or Below,M,0.0,140.0,0.0,Personal Auto,Oregon,672.0,SUV
FV62588,24967.75842,High School or Below,M,66825.0,69.0,0.0,Personal Auto,Oregon,70.031111,Four-Door Car
IN56924,5409.955926,High School or Below,F,0.0,62.0,5.0,Personal Auto,California,297.6,Four-Door Car
IX67925,2344.233188,Bachelor,M,0.0,74.0,1.0,Personal Auto,California,532.8,Four-Door Car
IS58553,15173.96841,High School or Below,F,22448.0,126.0,0.0,Personal Auto,Oregon,604.8,SUV
AB78984,11124.20636,College,M,42596.0,96.0,0.0,Personal Auto,Oregon,42.293622,Four-Door Car
WN13947,4863.266809,Bachelor,M,0.0,70.0,0.0,Corporate Auto,Oregon,646.785442,Four-Door Car
VA91846,5577.54128,College,M,97868.0,70.0,1.0,Special Auto,Arizona,267.786573,Two-Door Car
KM58067,4526.94696,High School or Below,F,92921.0,112.0,0.0,Personal Auto,California,109.28708,SUV
EL42453,2519.569496,Bachelor,M,41372.0,64.0,0.0,Personal Auto,Washington,307.2,Four-Door Car
TP10619,4892.422239,High School or Below,F,26660.0,63.0,0.0,Personal Auto,California,453.6,Two-Door Car
AH41065,18943.26899,High School or Below,M,58851.0,79.0,1.0,Personal Auto,Washington,494.187643,Four-Door Car
SS63511,8564.768226,High School or Below,M,95697.0,107.0,0.0,Corporate Auto,California,178.006524,Luxury
NE21279,4419.539523,Master,F,0.0,112.0,0.0,Personal Auto,California,537.6,SUV
TN71995,5637.740051,Bachelor,M,0.0,84.0,1.0,Personal Auto,Arizona,403.2,Four-Door Car
OM13505,5047.483378,Bachelor,M,81741.0,64.0,0.0,Corporate Auto,Washington,186.448395,Four-Door Car
KI83797,4913.118904,College,F,48295.0,63.0,0.0,Personal Auto,Oregon,290.301553,Four-Door Car
SH60585,5799.063709,High School or Below,F,65538.0,72.0,0.0,Personal Auto,Nevada,261.341223,Four-Door Car
GU33167,5568.984683,College,M,53997.0,69.0,0.0,Personal Auto,Oregon,345.158393,Four-Door Car
BX20846,3861.486269,College,F,93272.0,95.0,0.0,Personal Auto,Oregon,281.110788,Four-Door Car
VK69632,2912.913958,Bachelor,F,68899.0,74.0,0.0,Personal Auto,California,66.103422,Two-Door Car
RU72450,6980.325287,Bachelor,M,0.0,67.0,0.0,Corporate Auto,California,321.6,Four-Door Car
KN15789,6769.324811,High School or Below,F,0.0,97.0,0.0,Personal Auto,Nevada,698.4,Four-Door Car
GG29821,8193.555045,Bachelor,M,54950.0,103.0,0.0,Corporate Auto,Oregon,480.578584,SUV
RN98239,7519.133631,High School or Below,M,96306.0,95.0,1.0,Personal Auto,California,185.355353,Four-Door Car
NE83217,3746.03079,Bachelor,F,70342.0,96.0,1.0,Personal Auto,Nevada,685.907341,Four-Door Car
YU72630,2592.437797,High School or Below,M,72421.0,65.0,0.0,Personal Auto,Arizona,312.0,Four-Door Car
EZ80325,4548.291613,Bachelor,F,0.0,132.0,3.0,Personal Auto,California,950.4,Luxury
CE41738,2885.002508,College,F,77748.0,72.0,0.0,Personal Auto,Oregon,7.214579,Two-Door Car
HF15113,4883.551402,Bachelor,F,19096.0,64.0,0.0,Personal Auto,Oregon,374.8996,Two-Door Car
WZ83320,9061.057741,Master,F,73876.0,112.0,0.0,Personal Auto,Arizona,419.303041,Four-Door Car
XX31571,16728.34386,High School or Below,M,0.0,237.0,0.0,Personal Auto,Washington,1706.4,Luxury
US90854,11177.7521,Bachelor,M,20742.0,100.0,0.0,Personal Auto,Oregon,455.851876,SUV
FX55357,4364.311891,College,M,44804.0,114.0,0.0,Corporate Auto,Arizona,778.350073,SUV
LR32149,22940.38215,Bachelor,F,52993.0,64.0,0.0,Personal Auto,Arizona,304.699889,Four-Door Car
UK66803,4926.282836,Bachelor,F,49185.0,61.0,0.0,Corporate Auto,Oregon,126.950071,Two-Door Car
VO87159,23086.36478,High School or Below,F,69240.0,194.0,0.0,Personal Auto,Oregon,744.769131,Luxury
QK23524,5149.301306,Bachelor,F,26877.0,131.0,0.0,Personal Auto,Oregon,628.8,SUV
ZQ37164,8016.747629,Bachelor,F,82828.0,67.0,1.0,Personal Auto,Arizona,217.472776,Four-Door Car
FG47217,2538.857089,Bachelor,M,99824.0,63.0,0.0,Special Auto,California,302.4,Four-Door Car
FQ46354,10498.92645,Bachelor,M,30352.0,89.0,0.0,Personal Auto,California,146.110685,Four-Door Car
AG56998,2448.646138,College,M,0.0,69.0,0.0,Corporate Auto,Oregon,331.2,Two-Door Car
KG23128,6057.07208,Bachelor,M,27681.0,83.0,0.0,Personal Auto,Oregon,398.4,Two-Door Car
NX34811,8295.837442,Bachelor,F,85478.0,103.0,0.0,Personal Auto,Nevada,224.159416,Two-Door Car
PY79729,2786.661219,High School or Below,F,94310.0,70.0,4.0,Corporate Auto,Oregon,430.769347,Four-Door Car
VJ64329,25464.82059,College,F,13663.0,97.0,0.0,Corporate Auto,Oregon,465.6,Four-Door Car
CO71312,11469.62991,High School or Below,F,10384.0,151.0,0.0,Personal Auto,Arizona,914.434097,SUV
VG83453,3557.368368,Doctor,M,17272.0,93.0,0.0,Personal Auto,California,446.4,Two-Door Car
JD78271,8317.302513,College,F,64367.0,104.0,0.0,Personal Auto,Nevada,96.431061,SUV
XM69101,7601.951104,Bachelor,M,47519.0,96.0,0.0,Personal Auto,Oregon,245.248248,Two-Door Car
HK30754,9426.971158,College,M,26263.0,85.0,0.0,Special Auto,Arizona,475.159732,Two-Door Car
WJ47053,6418.849149,Bachelor,M,0.0,63.0,0.0,Personal Auto,Oregon,556.85728,Two-Door Car
HX36471,6788.084852,High School or Below,F,0.0,93.0,0.0,Personal Auto,California,855.341729,Two-Door Car
HS66275,3358.660979,High School or Below,F,77309.0,83.0,0.0,Personal Auto,California,596.320943,Two-Door Car
MB75636,2439.930981,College,F,50876.0,61.0,0.0,Personal Auto,Oregon,171.248196,Four-Door Car
KB35786,4505.85011,Bachelor,M,20284.0,65.0,1.0,Personal Auto,Oregon,532.806637,Four-Door Car
LX42787,2309.596399,College,M,22567.0,69.0,0.0,Personal Auto,California,496.8,Four-Door Car
SS34897,2541.523959,Bachelor,M,63546.0,64.0,0.0,Personal Auto,California,131.813652,Four-Door Car
ZQ92997,6414.081362,High School or Below,M,0.0,89.0,0.0,Personal Auto,Nevada,640.8,Four-Door Car
OB66874,2585.206268,College,F,28137.0,65.0,0.0,Personal Auto,Oregon,312.0,Two-Door Car
LE74625,2961.31408,Master,M,22608.0,77.0,0.0,Personal Auto,California,369.6,Four-Door Car
QN60028,2759.978287,Bachelor,M,92296.0,69.0,0.0,Corporate Auto,California,331.2,Two-Door Car
GV19121,3341.6835,College,M,0.0,69.0,5.0,Personal Auto,Oregon,331.2,Two-Door Car
PS43764,5169.49937,High School or Below,M,12430.0,73.0,0.0,Special Auto,Washington,350.4,Four-Door Car
YW60802,4117.37239,High School or Below,F,0.0,116.0,0.0,Personal Auto,Oregon,1301.796063,SUV
UI80897,5552.596353,High School or Below,M,50470.0,71.0,0.0,Corporate Auto,Washington,377.498287,Two-Door Car
VV35420,7285.030983,High School or Below,M,44788.0,61.0,0.0,Personal Auto,Arizona,386.031248,Four-Door Car
RW61528,13916.93446,College,F,52423.0,119.0,1.0,Corporate Auto,Nevada,571.2,Four-Door Car
LT60268,11044.42715,College,F,29696.0,139.0,0.0,Personal Auto,Nevada,478.107847,SUV
VA77345,3531.039178,College,F,26884.0,89.0,0.0,Special Auto,Oregon,238.132215,Four-Door Car
WG15595,2759.618207,College,M,64388.0,69.0,0.0,Personal Auto,California,331.2,Two-Door Car
FZ45665,6500.409697,Bachelor,F,0.0,61.0,0.0,Personal Auto,Oregon,292.8,Four-Door Car
MM90239,6369.262355,High School or Below,M,34498.0,83.0,0.0,Personal Auto,Oregon,398.4,Two-Door Car
UG18431,13083.48622,Bachelor,M,73060.0,108.0,0.0,Special Auto,Arizona,518.4,SUV
BE78308,2150.906016,Bachelor,M,0.0,63.0,0.0,Personal Auto,Oregon,453.6,Two-Door Car
EM29019,8447.888167,Bachelor,F,61337.0,105.0,0.0,Personal Auto,Arizona,2.54009,SUV
SK37917,5075.420953,College,M,0.0,73.0,0.0,Corporate Auto,Nevada,350.4,Two-Door Car
DD68171,3527.851585,Bachelor,F,59496.0,88.0,0.0,Personal Auto,Arizona,189.144728,Four-Door Car
NF20746,13061.51639,Bachelor,F,0.0,180.0,0.0,Personal Auto,Oregon,1474.267145,Luxury
PY48656,6259.510365,Master,F,37813.0,78.0,1.0,Corporate Auto,Arizona,39.781368,Four-Door Car
AO42003,16681.32634,College,F,55907.0,104.0,0.0,Corporate Auto,Oregon,499.2,SUV
DK41858,5791.610721,College,F,80480.0,72.0,0.0,Personal Auto,Arizona,242.842607,Four-Door Car
TY20016,7980.488637,Bachelor,M,72734.0,66.0,0.0,Personal Auto,Oregon,195.218968,Two-Door Car
OH76118,2767.499996,High School or Below,F,0.0,72.0,0.0,Personal Auto,Washington,22.326388,Four-Door Car
IZ79227,2975.256549,Bachelor,M,36548.0,76.0,0.0,Personal Auto,Arizona,547.2,Four-Door Car
HN10814,4178.586494,Master,M,62113.0,104.0,0.0,Personal Auto,Arizona,5.894778,SUV
OD25312,4734.257944,College,M,0.0,67.0,0.0,Personal Auto,Arizona,747.458052,Four-Door Car
ZR32858,4315.788632,Bachelor,F,41252.0,109.0,0.0,Personal Auto,California,514.059402,SUV
FC68244,6126.568309,High School or Below,M,61139.0,76.0,0.0,Personal Auto,Oregon,364.8,Four-Door Car
VS86041,2694.599099,Bachelor,F,26744.0,68.0,0.0,Corporate Auto,Arizona,326.4,Two-Door Car
EQ82942,9338.08481,Bachelor,F,0.0,132.0,0.0,Personal Auto,California,950.4,SUV
ZE82255,18680.99387,College,F,74640.0,66.0,0.0,Corporate Auto,California,375.514273,Four-Door Car
DA79544,2551.349248,Bachelor,M,88126.0,64.0,1.0,Personal Auto,Oregon,151.973156,Four-Door Car
WG33213,2808.078361,Bachelor,F,55005.0,70.0,1.0,Personal Auto,California,336.0,Four-Door Car
DP97298,9710.286449,High School or Below,M,33190.0,123.0,0.0,Personal Auto,California,40.950769,Luxury
JH73645,15190.65404,High School or Below,M,0.0,71.0,4.0,Personal Auto,California,839.593218,Four-Door Car
SK98708,4069.776372,College,F,0.0,117.0,0.0,Corporate Auto,Oregon,609.801279,Four-Door Car
ZZ62245,6612.220871,High School or Below,F,0.0,97.0,2.0,Personal Auto,Oregon,669.399277,Four-Door Car
AU46604,2030.783687,Bachelor,M,0.0,64.0,1.0,Personal Auto,California,731.479725,Four-Door Car
HD44279,5090.44875,Bachelor,F,25226.0,71.0,1.0,Personal Auto,Arizona,340.8,Four-Door Car
LS99940,3353.381136,Master,F,63398.0,83.0,0.0,Personal Auto,California,292.206784,Four-Door Car
EY27917,8532.989751,Master,M,30092.0,108.0,0.0,Personal Auto,Oregon,192.265438,SUV
ZJ22033,2647.519741,College,M,37876.0,69.0,0.0,Corporate Auto,Washington,300.056383,Four-Door Car
TZ60132,6071.907243,High School or Below,F,12201.0,84.0,0.0,Corporate Auto,Oregon,604.8,Four-Door Car
XG74199,9061.767848,College,M,37970.0,115.0,0.0,Personal Auto,Oregon,124.967415,SUV
YM74115,2531.586761,Bachelor,M,28898.0,67.0,0.0,Corporate Auto,Nevada,82.811346,Four-Door Car
LO48126,2467.129805,High School or Below,F,23845.0,61.0,0.0,Personal Auto,Oregon,292.8,Four-Door Car
NM37561,7408.167551,High School or Below,M,62810.0,187.0,1.0,Corporate Auto,California,32.874675,Luxury
HW19141,3452.414955,Bachelor,F,65773.0,89.0,4.0,Corporate Auto,Oregon,245.308491,Four-Door Car
OD21455,4481.387593,Bachelor,M,0.0,69.0,0.0,Personal Auto,California,232.183503,Four-Door Car
WN14477,21235.44557,Bachelor,M,0.0,86.0,0.0,Personal Auto,California,568.746405,Four-Door Car
YK88644,3370.074728,Master,M,0.0,95.0,1.0,Personal Auto,Nevada,476.903351,Four-Door Car
YO41331,3746.751625,College,F,41479.0,94.0,1.0,Personal Auto,Oregon,19.575683,Two-Door Car
PB39857,5129.608404,Master,M,72433.0,126.0,0.0,Personal Auto,California,343.139611,SUV
NW67881,12300.005,Bachelor,M,74586.0,103.0,0.0,Personal Auto,Oregon,494.4,SUV
BN13780,18065.27192,Bachelor,F,0.0,234.0,0.0,Personal Auto,California,1135.141469,Luxury
EZ70847,19644.76296,College,F,67326.0,69.0,0.0,Corporate Auto,Washington,331.2,Four-Door Car
YR75102,35900.07644,College,M,25285.0,114.0,0.0,Personal Auto,Arizona,547.2,SUV
RS30611,6838.767672,High School or Below,M,15871.0,89.0,0.0,Personal Auto,Arizona,427.2,Four-Door Car
QT61438,6519.287872,Master,M,38795.0,82.0,1.0,Corporate Auto,Oregon,393.6,Two-Door Car
MD44130,5712.380598,High School or Below,M,24882.0,72.0,0.0,Corporate Auto,Oregon,345.6,Two-Door Car
MS78828,5126.54272,College,F,33169.0,128.0,0.0,Personal Auto,Nevada,614.4,SUV
DG31826,4984.618655,Bachelor,M,86305.0,62.0,0.0,Corporate Auto,California,80.73124,Four-Door Car
WW67905,4102.199975,High School or Below,M,0.0,112.0,0.0,Corporate Auto,Oregon,537.6,SUV
LS92540,4111.197013,College,F,32210.0,103.0,0.0,Corporate Auto,California,494.4,SUV
RP92511,11085.87709,Bachelor,M,69090.0,139.0,0.0,Personal Auto,Nevada,387.222556,Luxury
LK63879,4745.680421,High School or Below,F,0.0,63.0,0.0,Personal Auto,California,523.337427,Four-Door Car
BT20606,5837.528088,Doctor,M,83308.0,73.0,1.0,Personal Auto,Arizona,419.471438,Four-Door Car
WW31823,19190.31894,High School or Below,F,39034.0,68.0,0.0,Personal Auto,Oregon,466.446708,Four-Door Car
MN79082,6444.076976,College,M,46750.0,82.0,1.0,Corporate Auto,Oregon,672.026958,Two-Door Car
ID89933,7255.577594,Doctor,F,39786.0,91.0,1.0,Personal Auto,Oregon,365.835977,Four-Door Car
NM77390,8197.712164,High School or Below,M,56788.0,108.0,5.0,Special Auto,Nevada,579.710188,SUV
NN79124,4554.911887,Bachelor,M,90156.0,114.0,0.0,Personal Auto,Nevada,388.346716,SUV
DF97701,7069.740965,Bachelor,F,63867.0,89.0,1.0,Corporate Auto,Oregon,432.361631,Four-Door Car
EJ73184,4743.694528,Bachelor,F,83413.0,118.0,0.0,Personal Auto,California,134.801691,SUV
GE43335,4019.384424,College,M,0.0,118.0,0.0,Personal Auto,Nevada,566.4,SUV
HB68898,20239.38353,Bachelor,F,36116.0,171.0,2.0,Corporate Auto,Oregon,158.126982,SUV
UP80657,2674.730716,College,M,56342.0,69.0,0.0,Corporate Auto,Washington,331.2,Four-Door Car
PR13091,9206.429641,College,F,55542.0,117.0,0.0,Personal Auto,Oregon,310.651386,Luxury
YV73432,23187.14574,College,M,58466.0,66.0,1.0,Personal Auto,Oregon,316.8,Two-Door Car
CG90504,4770.550911,College,F,12964.0,65.0,0.0,Personal Auto,Oregon,362.774545,Two-Door Car
SH12501,3768.086327,High School or Below,M,43412.0,94.0,0.0,Personal Auto,Washington,509.722387,Two-Door Car
ZR58728,2893.739608,Master,M,82611.0,74.0,1.0,Personal Auto,Nevada,355.2,Four-Door Car
NS57426,11611.94584,Bachelor,M,28915.0,76.0,0.0,Personal Auto,Arizona,364.8,Four-Door Car
HU99414,14246.14841,High School or Below,M,0.0,207.0,0.0,Personal Auto,Oregon,1490.4,Luxury
LP86596,2554.551152,High School or Below,F,0.0,70.0,0.0,Personal Auto,Arizona,336.0,Four-Door Car
HR92775,3226.516193,College,F,91774.0,81.0,0.0,Personal Auto,California,285.020982,Four-Door Car
DQ69331,2227.072755,High School or Below,M,27972.0,61.0,0.0,Personal Auto,Washington,292.8,Four-Door Car
SP41790,10623.40552,Bachelor,M,0.0,96.0,0.0,Personal Auto,California,460.8,Four-Door Car
YA52900,8304.688878,College,M,0.0,122.0,2.0,Corporate Auto,Oregon,681.328474,SUV
RQ88363,5155.529312,College,F,77857.0,64.0,0.0,Personal Auto,California,160.62847,Four-Door Car
OZ37864,4407.769164,Bachelor,F,0.0,62.0,0.0,Personal Auto,Oregon,114.097383,Four-Door Car
EH27304,2955.495724,Doctor,F,56502.0,74.0,0.0,Personal Auto,California,355.2,Four-Door Car
CR37971,3900.906002,Bachelor,M,95018.0,97.0,0.0,Personal Auto,Oregon,315.879728,Four-Door Car
KL54950,4531.372981,Bachelor,M,23705.0,122.0,4.0,Personal Auto,Oregon,585.6,SUV
DS75515,2813.309659,Bachelor,M,72333.0,70.0,0.0,Personal Auto,California,177.224451,Two-Door Car
YW72997,7196.721128,High School or Below,M,0.0,107.0,0.0,Personal Auto,Arizona,770.4,SUV
MR13691,6301.102478,Bachelor,M,47622.0,80.0,0.0,Personal Auto,Arizona,305.544034,Four-Door Car
PP20957,7799.440458,Bachelor,F,0.0,105.0,0.0,Personal Auto,Nevada,504.0,SUV
KJ41153,8292.626726,College,M,79632.0,106.0,1.0,Personal Auto,Oregon,344.048739,SUV
WX49215,18534.61157,Master,M,16154.0,62.0,1.0,Personal Auto,Oregon,91.355165,Four-Door Car
CH78309,2906.298309,College,M,72211.0,73.0,0.0,Personal Auto,Oregon,44.912125,Four-Door Car
UF54329,6089.77238,College,M,70892.0,76.0,0.0,Corporate Auto,California,206.709951,Two-Door Car
CQ59706,5016.144667,College,F,49367.0,63.0,0.0,Personal Auto,Washington,69.230355,Four-Door Car
KP77095,15470.59658,Bachelor,F,68086.0,194.0,0.0,Corporate Auto,Arizona,218.342169,SUV
PP14656,5680.467468,Master,M,90353.0,70.0,0.0,Personal Auto,Washington,72.617605,Two-Door Car
QM74025,4582.155128,High School or Below,F,49558.0,115.0,0.0,Personal Auto,Oregon,552.0,SUV
RW67951,8663.550386,Bachelor,M,93485.0,72.0,0.0,Personal Auto,Washington,127.104785,Four-Door Car
ED13353,5274.20076,High School or Below,M,10629.0,74.0,0.0,Personal Auto,Oregon,532.8,Four-Door Car
LG49010,2620.601718,Bachelor,M,10237.0,72.0,0.0,Personal Auto,California,253.637853,Two-Door Car
UA74474,4515.184003,College,F,87517.0,112.0,1.0,Corporate Auto,Oregon,802.278237,Four-Door Car
AC79024,5533.229132,Bachelor,M,23241.0,70.0,0.0,Personal Auto,Nevada,504.0,Two-Door Car
SD61306,5216.914471,High School or Below,M,60861.0,66.0,0.0,Personal Auto,Arizona,65.425125,Four-Door Car
PF88939,7860.086842,Doctor,M,21726.0,104.0,0.0,Personal Auto,Nevada,697.010998,SUV
FG64765,5016.553079,Bachelor,M,36313.0,67.0,2.0,Personal Auto,Arizona,300.375887,Four-Door Car
DC79319,3351.567048,Bachelor,F,29160.0,87.0,0.0,Personal Auto,California,417.6,Two-Door Car
HS45195,6732.202033,High School or Below,M,0.0,99.0,0.0,Personal Auto,California,712.8,Two-Door Car
VN73653,6423.739052,College,M,0.0,188.0,0.0,Corporate Auto,Oregon,1621.560425,Luxury
WL72919,4974.8733,College,F,48139.0,63.0,0.0,Personal Auto,California,329.494,Four-Door Car
DO31181,4739.297046,College,F,0.0,76.0,5.0,Personal Auto,Oregon,38.792481,Two-Door Car
WY23230,6086.431746,College,F,13688.0,84.0,0.0,Personal Auto,Oregon,403.2,Two-Door Car
SK89479,5016.641406,College,M,0.0,73.0,0.0,Corporate Auto,California,525.6,Four-Door Car
BM30720,7341.794924,High School or Below,F,27649.0,63.0,0.0,Personal Auto,Nevada,302.4,Four-Door Car
XG92008,3215.196994,Master,F,24191.0,80.0,0.0,Personal Auto,Arizona,103.750234,Four-Door Car
CJ46674,2533.796807,High School or Below,M,0.0,71.0,0.0,Corporate Auto,Oregon,517.056582,Four-Door Car
UJ31096,5340.535477,High School or Below,F,58493.0,67.0,0.0,Personal Auto,Oregon,321.6,Four-Door Car
GS44464,3644.833554,High School or Below,F,82477.0,90.0,0.0,Personal Auto,California,432.0,Two-Door Car
XP35430,6382.047596,College,F,88663.0,79.0,0.0,Special Auto,Oregon,379.2,Four-Door Car
QI51950,4303.637883,High School or Below,F,74057.0,109.0,0.0,Personal Auto,Nevada,523.2,SUV
PL88841,4228.734374,Bachelor,M,0.0,63.0,2.0,Corporate Auto,Arizona,302.4,Two-Door Car
ZW51790,10426.08551,College,F,52342.0,66.0,3.0,Personal Auto,Arizona,316.8,Two-Door Car
MY80820,2484.747576,Bachelor,M,42012.0,63.0,0.0,Corporate Auto,California,40.754246,Four-Door Car
NE13752,8232.760182,Bachelor,M,56021.0,69.0,0.0,Personal Auto,Arizona,279.51121,Four-Door Car
VL51487,21768.69952,High School or Below,M,35124.0,137.0,0.0,Personal Auto,California,986.4,SUV
DD97473,2160.920387,High School or Below,F,0.0,62.0,1.0,Personal Auto,Oregon,439.001718,Four-Door Car
QJ89807,4423.690041,High School or Below,F,0.0,125.0,0.0,Personal Auto,Nevada,900.0,SUV
GK24074,3691.765242,College,F,37202.0,93.0,0.0,Personal Auto,Arizona,322.528829,Two-Door Car
DL61016,4940.508153,College,M,65985.0,71.0,5.0,Special Auto,Oregon,42.43131,Four-Door Car
EV60177,8503.942634,High School or Below,F,87771.0,74.0,4.0,Personal Auto,California,355.2,Four-Door Car
OS96036,41143.09011,College,F,63624.0,115.0,2.0,Personal Auto,Arizona,306.337632,SUV
AF37776,10419.16743,Bachelor,F,80192.0,129.0,0.0,Personal Auto,California,200.662297,SUV
NC78961,4139.89767,Bachelor,M,35945.0,105.0,0.0,Personal Auto,Oregon,756.0,SUV
YA15471,7627.660848,College,M,93004.0,63.0,0.0,Corporate Auto,Oregon,205.957043,Four-Door Car
KX80728,6162.369756,High School or Below,M,0.0,89.0,0.0,Personal Auto,Washington,941.347502,Four-Door Car
VV47792,25807.063,College,F,71210.0,214.0,1.0,Personal Auto,California,1027.2,Luxury
GE80842,15506.9278,College,F,99159.0,190.0,0.0,Personal Auto,Oregon,912.0,Luxury
QA93530,5757.489397,College,F,81491.0,72.0,0.0,Personal Auto,Nevada,61.715527,Four-Door Car
GA27295,39365.29616,Master,F,99875.0,108.0,0.0,Personal Auto,California,114.972914,SUV
EL55611,5555.492159,High School or Below,F,51705.0,139.0,0.0,Personal Auto,California,545.291103,SUV
TL39050,23893.3041,Bachelor,F,39837.0,201.0,0.0,Corporate Auto,Arizona,381.306996,Luxury
ZQ96022,9594.78115,College,F,31421.0,81.0,0.0,Personal Auto,Oregon,388.8,Two-Door Car
OM69210,5411.936509,Bachelor,M,81531.0,135.0,0.0,Personal Auto,Arizona,420.434259,SUV
VU72280,5318.89664,Bachelor,F,25134.0,67.0,0.0,Corporate Auto,California,321.6,Four-Door Car
WC21189,7731.713059,College,F,37386.0,97.0,0.0,Corporate Auto,California,465.6,Four-Door Car
JX50334,2004.350666,College,F,0.0,66.0,4.0,Corporate Auto,California,316.8,Four-Door Car
GB70736,5510.965059,College,F,99553.0,68.0,0.0,Corporate Auto,Oregon,111.586995,Four-Door Car
PU21485,11158.12643,Bachelor,F,0.0,161.0,0.0,Corporate Auto,Arizona,1159.2,SUV
MF49636,5390.27165,High School or Below,M,70705.0,69.0,2.0,Personal Auto,Arizona,272.024652,Two-Door Car
TG29325,2658.217729,College,F,22724.0,69.0,0.0,Personal Auto,Nevada,9.424668,Four-Door Car
MW83318,8826.611996,College,F,26320.0,111.0,0.0,Corporate Auto,Oregon,603.819794,SUV
LM54297,4713.404623,Bachelor,M,0.0,69.0,0.0,Personal Auto,Nevada,806.534801,Four-Door Car
NI78185,2393.915369,College,M,0.0,70.0,0.0,Personal Auto,California,425.266308,Four-Door Car
HL14274,11895.18188,College,F,88218.0,99.0,0.0,Personal Auto,California,50.32306,Two-Door Car
SF86727,5580.960642,Master,M,25180.0,70.0,0.0,Personal Auto,Nevada,235.895575,Four-Door Car
EM89554,8617.550432,Bachelor,F,48091.0,108.0,0.0,Personal Auto,Oregon,132.041491,SUV
XP50892,3940.123576,High School or Below,M,92539.0,100.0,0.0,Corporate Auto,Oregon,25.713622,SUV
VH77056,2448.765205,Bachelor,F,40658.0,61.0,1.0,Personal Auto,Arizona,38.379869,Four-Door Car
JF19701,4439.677708,Bachelor,M,75453.0,112.0,0.0,Special Auto,Arizona,163.9498,SUV
JN49891,2534.946955,College,M,94003.0,64.0,0.0,Personal Auto,Oregon,307.2,Four-Door Car
CX65318,17420.56565,Master,M,31737.0,218.0,0.0,Personal Auto,Arizona,1046.4,Luxury
HL35876,2393.915369,College,M,0.0,70.0,0.0,Personal Auto,Washington,425.266308,Four-Door Car
RD87161,2681.332102,High School or Below,F,0.0,71.0,1.0,Personal Auto,Washington,340.8,Four-Door Car
CF50291,4272.80504,College,F,0.0,114.0,0.0,Personal Auto,California,1343.619461,Four-Door Car
VF35858,15284.33065,Bachelor,M,48885.0,190.0,0.0,Personal Auto,California,1090.122048,Luxury
XG55762,20186.34693,Bachelor,F,0.0,79.0,0.0,Corporate Auto,Nevada,379.2,Four-Door Car
EC28314,4984.618655,Bachelor,M,86305.0,62.0,0.0,Personal Auto,California,80.73124,Four-Door Car
GR53936,5246.278375,Bachelor,F,28909.0,66.0,0.0,Corporate Auto,Oregon,456.702735,Two-Door Car
DV51398,8827.229838,High School or Below,M,0.0,123.0,1.0,Personal Auto,California,1088.38378,SUV
YF81002,3269.013926,College,M,26140.0,84.0,1.0,Personal Auto,Oregon,403.2,Two-Door Car
YM20358,16979.79757,Bachelor,M,35095.0,73.0,0.0,Personal Auto,Oregon,525.6,Two-Door Car
AZ75509,2479.920134,Bachelor,F,31678.0,63.0,0.0,Personal Auto,Arizona,76.629988,Two-Door Car
No93155,7200.566588,Master,M,28245.0,62.0,0.0,Personal Auto,Arizona,297.6,Two-Door Car
FG21322,7917.119912,Bachelor,F,0.0,72.0,0.0,Personal Auto,Oregon,345.6,Four-Door Car
GO44613,24061.11048,High School or Below,F,19168.0,106.0,1.0,Personal Auto,Nevada,508.8,SUV
ZW93288,19160.98994,Master,F,22705.0,239.0,0.0,Personal Auto,California,1294.700423,Luxury
MS67230,23295.06014,College,F,86481.0,65.0,0.0,Corporate Auto,Nevada,189.971267,Two-Door Car
FQ32742,7553.936525,Doctor,M,38008.0,68.0,4.0,Personal Auto,Arizona,321.789644,Four-Door Car
YF30946,2405.618791,College,M,63032.0,61.0,0.0,Personal Auto,California,404.550554,Four-Door Car
TH69908,4865.371797,College,F,27228.0,129.0,4.0,Personal Auto,Washington,238.262773,Luxury
QA78691,16388.09542,Bachelor,F,0.0,68.0,1.0,Personal Auto,Nevada,483.578159,Four-Door Car
NL44360,2611.14858,Bachelor,F,13424.0,71.0,0.0,Personal Auto,Oregon,340.8,Four-Door Car
HO77809,8688.754812,College,F,59098.0,110.0,0.0,Personal Auto,Oregon,665.931223,SUV
MC30750,13736.1325,Master,F,16181.0,181.0,0.0,Personal Auto,Oregon,1261.319869,SUV
HU41273,8564.768226,High School or Below,M,95697.0,107.0,0.0,Personal Auto,Oregon,178.006524,Luxury
VS73599,7019.177186,College,M,26806.0,63.0,0.0,Personal Auto,Arizona,302.4,Four-Door Car
TO74000,8114.409136,High School or Below,M,30595.0,69.0,0.0,Corporate Auto,Oregon,446.08476,Four-Door Car
MS45259,4864.382304,College,M,88079.0,61.0,0.0,Personal Auto,Nevada,121.88814,Two-Door Car
LI45265,8569.422637,Bachelor,F,99803.0,71.0,0.0,Personal Auto,Oregon,189.143402,Four-Door Car
LK70293,17793.60797,High School or Below,F,0.0,118.0,0.0,Personal Auto,Nevada,1118.990694,Four-Door Car
FY24370,12944.18562,Bachelor,M,0.0,191.0,0.0,Personal Auto,Oregon,1375.2,Luxury
YE64125,2649.207711,College,F,36283.0,68.0,1.0,Personal Auto,Oregon,291.410965,Four-Door Car
QT39025,4582.899414,Bachelor,F,66991.0,115.0,0.0,Personal Auto,Arizona,399.617715,SUV
LO15516,2691.70088,Bachelor,M,34322.0,70.0,2.0,Corporate Auto,California,336.0,Four-Door Car
FM47139,2466.376803,College,F,44855.0,63.0,1.0,Personal Auto,Oregon,103.607499,Four-Door Car
LW59140,9277.472901,Bachelor,M,97729.0,115.0,1.0,Personal Auto,Arizona,221.047584,Four-Door Car
JA26024,4142.561212,High School or Below,F,48263.0,104.0,0.0,Personal Auto,Oregon,674.863718,Two-Door Car
YF16441,27990.27159,Bachelor,F,68343.0,79.0,0.0,Personal Auto,California,379.2,Two-Door Car
QT43282,9409.143498,Master,M,76847.0,118.0,0.0,Corporate Auto,Oregon,31.58501,SUV
NL17964,2581.022016,High School or Below,M,35795.0,65.0,0.0,Personal Auto,Oregon,312.0,Four-Door Car
CD27895,7637.111954,Bachelor,F,0.0,71.0,0.0,Personal Auto,California,340.8,Four-Door Car
CF62992,2471.077732,High School or Below,F,53074.0,61.0,0.0,Personal Auto,Oregon,268.773368,Two-Door Car
QK23742,2302.818965,College,F,0.0,63.0,0.0,Corporate Auto,California,732.638975,Four-Door Car
UV64489,8716.368952,Bachelor,F,28743.0,112.0,0.0,Personal Auto,Arizona,537.6,SUV
ED65109,5207.985921,College,F,81839.0,65.0,1.0,Personal Auto,California,74.666163,Four-Door Car
SC40169,2719.506996,College,F,14030.0,72.0,0.0,Personal Auto,Oregon,345.6,Two-Door Car
PW88443,2452.726922,College,F,32764.0,61.0,0.0,Personal Auto,Oregon,292.953446,Two-Door Car
YZ38778,3829.090645,Master,M,74775.0,95.0,0.0,Personal Auto,Oregon,676.658911,Four-Door Car
EO77382,8873.525122,Bachelor,F,53503.0,114.0,0.0,Personal Auto,Arizona,547.2,Four-Door Car
SM42728,15925.05739,College,M,34455.0,135.0,0.0,Personal Auto,California,648.0,SUV
PX31667,2952.360309,High School or Below,M,52198.0,74.0,0.0,Personal Auto,Washington,355.2,Two-Door Car
NC35008,15923.95503,College,F,64429.0,133.0,2.0,Personal Auto,Oregon,222.080015,SUV
XC77244,7285.030983,High School or Below,M,44788.0,61.0,0.0,Personal Auto,Oregon,386.031248,Four-Door Car
UM52895,13104.30284,Bachelor,F,30130.0,110.0,0.0,Personal Auto,California,528.0,SUV
WV39838,2436.839358,College,F,0.0,65.0,0.0,Personal Auto,Arizona,149.241472,Two-Door Car
IT92328,9350.872287,High School or Below,M,0.0,275.0,1.0,Corporate Auto,Nevada,1980.0,Luxury
QD86074,9035.671134,High School or Below,F,34337.0,113.0,0.0,Corporate Auto,Oregon,542.4,Four-Door Car
WH80404,17250.74771,High School or Below,M,22276.0,111.0,1.0,Personal Auto,California,783.211084,SUV
XH20787,2549.080421,College,M,52980.0,64.0,0.0,Personal Auto,California,191.945693,Four-Door Car
ZU50513,8954.840118,Bachelor,F,97736.0,74.0,0.0,Personal Auto,California,60.090984,Four-Door Car
TW42649,2467.97792,College,F,0.0,67.0,0.0,Corporate Auto,Washington,222.903462,Two-Door Car
QH46481,7700.619936,High School or Below,F,0.0,73.0,1.0,Corporate Auto,Washington,792.868448,Four-Door Car
MQ73697,3776.665506,College,F,68727.0,94.0,0.0,Corporate Auto,Nevada,386.520235,Two-Door Car
UG48681,8044.872393,Bachelor,M,71391.0,67.0,0.0,Personal Auto,Nevada,284.000172,Four-Door Car
ID58230,5029.671927,College,F,62271.0,63.0,0.0,Personal Auto,California,25.478179,Four-Door Car
DY35486,19957.79034,High School or Below,M,0.0,187.0,0.0,Personal Auto,California,1346.4,Luxury
EP64833,6179.699689,High School or Below,F,0.0,86.0,0.0,Corporate Auto,California,412.8,Four-Door Car
MC69755,5678.050167,Bachelor,F,0.0,76.0,0.0,Personal Auto,Washington,364.8,Four-Door Car
ZZ41158,4089.429492,College,M,28506.0,104.0,0.0,Personal Auto,Washington,499.2,SUV
QM59790,3142.87734,High School or Below,F,0.0,86.0,0.0,Personal Auto,Arizona,412.8,Four-Door Car
LL67008,22895.34606,Bachelor,F,0.0,94.0,0.0,Corporate Auto,California,676.8,Four-Door Car
ZU69163,5586.893159,Doctor,F,94161.0,69.0,0.0,Personal Auto,California,108.989737,Four-Door Car
EB72052,12105.29422,College,M,33345.0,102.0,0.0,Personal Auto,Oregon,694.078608,SUV
WA60547,11971.97765,College,F,64195.0,158.0,4.0,Personal Auto,California,618.288849,SUV
RV97631,15328.45723,College,F,0.0,138.0,0.0,Corporate Auto,Oregon,688.828746,SUV
SS20130,5424.256733,Bachelor,F,67414.0,68.0,0.0,Personal Auto,Oregon,148.778455,Four-Door Car
ZI72165,4981.825724,High School or Below,M,33176.0,63.0,0.0,Corporate Auto,Arizona,302.4,Four-Door Car
HD29166,14635.45158,Bachelor,F,0.0,139.0,0.0,Personal Auto,Oregon,667.2,SUV
NP30139,6862.866306,College,M,56779.0,86.0,0.0,Corporate Auto,Oregon,435.388932,Four-Door Car
FV54537,13745.04802,College,M,40810.0,114.0,0.0,Personal Auto,California,780.378964,SUV
SG62327,8111.651948,High School or Below,M,30622.0,68.0,0.0,Corporate Auto,Nevada,326.4,Four-Door Car
FX26050,22712.02364,Doctor,M,14119.0,67.0,0.0,Special Auto,Oregon,68.019973,Two-Door Car
DU50092,56675.93768,College,F,77237.0,283.0,0.0,Personal Auto,Oregon,1358.4,Luxury
EU48798,8160.587729,College,F,24980.0,71.0,0.0,Personal Auto,Nevada,511.2,Two-Door Car
WE93328,3919.366722,High School or Below,F,66676.0,97.0,0.0,Corporate Auto,Nevada,558.099357,Four-Door Car
KP83069,7286.155383,High School or Below,F,0.0,69.0,1.0,Personal Auto,California,669.716478,Four-Door Car
GO56075,7589.634,High School or Below,M,0.0,69.0,0.0,Personal Auto,Oregon,331.2,Four-Door Car
DI19952,9032.370378,Bachelor,F,0.0,82.0,0.0,Personal Auto,Arizona,157.208336,Four-Door Car
SV58690,5555.556089,Bachelor,M,41853.0,71.0,0.0,Personal Auto,California,155.511553,Two-Door Car
RF35142,8257.666512,Bachelor,F,23815.0,73.0,0.0,Personal Auto,Nevada,424.330166,Four-Door Car
CU69816,2721.749756,Bachelor,M,22885.0,73.0,0.0,Corporate Auto,California,386.245297,Four-Door Car
JM67025,5230.092742,High School or Below,M,32630.0,66.0,0.0,Personal Auto,Nevada,202.961374,Four-Door Car
OB69329,6273.911874,College,F,18577.0,86.0,0.0,Personal Auto,California,412.8,Four-Door Car
GF19726,5866.068903,High School or Below,M,75952.0,73.0,0.0,Personal Auto,Oregon,350.4,Two-Door Car
FH39427,8802.188243,Bachelor,M,96390.0,73.0,0.0,Corporate Auto,Nevada,316.977588,Two-Door Car
VM69145,8722.895091,College,F,25680.0,73.0,0.0,Personal Auto,California,332.40907,Two-Door Car
GN76399,8178.521899,Bachelor,M,0.0,112.0,0.0,Personal Auto,Nevada,806.4,Four-Door Car
IV94496,43217.21611,High School or Below,M,51504.0,220.0,0.0,Personal Auto,Nevada,2552.343856,Luxury
NM91640,2442.216651,High School or Below,M,0.0,74.0,3.0,Personal Auto,Oregon,532.8,Four-Door Car
DS46955,2919.710443,Master,F,41456.0,73.0,0.0,Personal Auto,California,257.380112,Four-Door Car
LU82585,6366.225775,High School or Below,M,44368.0,80.0,0.0,Personal Auto,Nevada,384.0,Two-Door Car
QX31376,17114.32815,Master,F,70961.0,85.0,0.0,Corporate Auto,Oregon,408.0,Four-Door Car
SQ36805,2395.57,Doctor,F,21986.0,63.0,0.0,Personal Auto,Oregon,333.696228,Two-Door Car
UY57856,2987.949471,College,F,0.0,83.0,0.0,Corporate Auto,Oregon,708.693556,Four-Door Car
OG84541,12780.276,Master,F,33514.0,105.0,0.0,Personal Auto,Arizona,265.215014,Luxury
NT66759,3906.669584,College,F,60230.0,98.0,0.0,Personal Auto,Arizona,8.129056,Four-Door Car
PR74307,2594.591182,High School or Below,M,0.0,70.0,1.0,Corporate Auto,California,494.196873,Four-Door Car
PW15144,5267.848664,College,M,40818.0,66.0,0.0,Personal Auto,Washington,316.8,Four-Door Car
KS89479,9095.049868,College,M,37937.0,116.0,0.0,Personal Auto,Oregon,556.8,SUV
QA22158,7122.273163,College,F,64571.0,89.0,0.0,Corporate Auto,Arizona,452.115601,Four-Door Car
MK32733,9117.441695,Bachelor,M,0.0,126.0,0.0,Corporate Auto,California,421.906803,SUV
WL85494,41075.42879,College,M,21988.0,209.0,0.0,Personal Auto,California,1003.2,Luxury
RZ79717,3486.699561,High School or Below,M,0.0,95.0,0.0,Corporate Auto,Arizona,684.0,Four-Door Car
NS12730,7297.687812,Bachelor,M,24672.0,93.0,0.0,Personal Auto,Oregon,669.6,Two-Door Car
YK32760,2502.209885,High School or Below,M,0.0,74.0,1.0,Corporate Auto,Oregon,355.2,Four-Door Car
SS77718,9955.490835,Bachelor,M,0.0,96.0,0.0,Personal Auto,California,460.8,Four-Door Car
QP62600,7094.158873,Bachelor,M,72878.0,61.0,2.0,Corporate Auto,Oregon,45.463345,Two-Door Car
ET47892,12280.76661,College,M,88340.0,102.0,0.0,Personal Auto,Oregon,489.6,Two-Door Car
PS78418,5773.90039,Bachelor,M,52278.0,73.0,0.0,Personal Auto,Oregon,234.997994,Two-Door Car
SK32629,4904.894731,College,F,12902.0,139.0,0.0,Personal Auto,California,667.2,Luxury
LQ79472,3423.822189,College,M,99816.0,86.0,0.0,Corporate Auto,Arizona,172.913031,Two-Door Car
AI58500,2689.16845,College,F,26554.0,68.0,1.0,Personal Auto,Arizona,391.687368,Two-Door Car
ME47990,3109.007806,High School or Below,M,77485.0,77.0,0.0,Corporate Auto,California,355.909266,Four-Door Car
KU25309,22425.25604,College,M,22537.0,64.0,1.0,Corporate Auto,Oregon,307.2,Four-Door Car
RW66792,5705.547071,High School or Below,F,76522.0,71.0,0.0,Personal Auto,California,340.8,Four-Door Car
MN32305,2063.387895,College,F,0.0,64.0,3.0,Personal Auto,Oregon,602.911057,Four-Door Car
XS98744,5096.673223,Master,F,22886.0,65.0,0.0,Special Auto,Oregon,312.0,Four-Door Car
SL19130,4101.935985,High School or Below,M,0.0,115.0,0.0,Personal Auto,Oregon,552.0,Two-Door Car
JG66653,2537.929538,High School or Below,M,25506.0,65.0,0.0,Personal Auto,Oregon,312.0,Two-Door Car
GQ17441,3651.69247,High School or Below,M,0.0,110.0,0.0,Personal Auto,Nevada,1265.387328,SUV
WL67313,10014.05568,College,F,0.0,98.0,1.0,Personal Auto,California,705.6,Two-Door Car
LX33054,6758.807188,High School or Below,M,0.0,191.0,0.0,Personal Auto,Oregon,2042.569089,Luxury
HN97052,5205.90965,College,F,0.0,72.0,0.0,Personal Auto,Oregon,345.6,Two-Door Car
EB12732,2847.965582,High School or Below,F,96357.0,71.0,1.0,Personal Auto,Oregon,238.245103,Four-Door Car
KA29693,11513.35549,College,M,16266.0,100.0,0.0,Special Auto,California,1177.323534,SUV
KE41602,7588.35586,High School or Below,M,76516.0,95.0,0.0,Personal Auto,Arizona,661.008979,Two-Door Car
QF17193,2389.310128,College,F,20484.0,61.0,0.0,Personal Auto,Arizona,181.218317,Four-Door Car
IQ63581,5066.827444,Master,F,40215.0,64.0,0.0,Personal Auto,California,98.480884,Four-Door Car
MR39613,36860.90798,Bachelor,M,22854.0,122.0,0.0,Special Auto,California,878.4,Luxury
RQ22171,3961.58618,High School or Below,F,0.0,118.0,1.0,Corporate Auto,California,264.642948,SUV
QV89791,8476.80656,High School or Below,F,55217.0,107.0,2.0,Personal Auto,California,696.115596,Two-Door Car
MD15300,10110.76997,College,M,76276.0,86.0,0.0,Corporate Auto,California,93.309811,Two-Door Car
OW33876,2476.480866,College,F,47918.0,62.0,0.0,Corporate Auto,Washington,246.256648,Two-Door Car
SK12752,4462.997006,Bachelor,F,0.0,73.0,3.0,Corporate Auto,California,350.4,Two-Door Car
BW65176,3141.252909,College,M,43499.0,80.0,0.0,Personal Auto,Arizona,529.490007,Four-Door Car
XV31269,2496.140812,High School or Below,M,0.0,72.0,0.0,Corporate Auto,Oregon,518.4,Two-Door Car
NV94455,6861.278936,College,F,0.0,71.0,3.0,Personal Auto,Arizona,476.197355,Two-Door Car
QA32784,4983.178714,Bachelor,M,21497.0,128.0,0.0,Personal Auto,Oregon,614.4,Luxury
UH41125,2227.072755,High School or Below,M,27972.0,61.0,0.0,Personal Auto,Arizona,292.8,Four-Door Car
VS28690,9670.181104,Master,F,20942.0,84.0,0.0,Personal Auto,Nevada,403.2,Four-Door Car
SD63822,5088.687654,Bachelor,F,0.0,71.0,0.0,Corporate Auto,Oregon,511.2,Four-Door Car
QE50648,7095.134789,High School or Below,F,74298.0,177.0,0.0,Corporate Auto,Washington,161.537767,Luxury
EL77795,5437.908293,College,F,23339.0,138.0,0.0,Corporate Auto,California,666.307195,SUV
VK98184,5033.693296,College,F,77031.0,125.0,0.0,Personal Auto,Arizona,600.0,SUV
BR69566,14019.83314,College,M,31739.0,71.0,0.0,Personal Auto,Oregon,469.882367,Two-Door Car
AI16519,4877.61238,High School or Below,M,0.0,66.0,0.0,Personal Auto,Nevada,420.39344,Two-Door Car
SN67992,3449.494119,Bachelor,F,25236.0,89.0,0.0,Personal Auto,Washington,427.2,Four-Door Car
BE31382,3771.617797,College,F,0.0,103.0,1.0,Personal Auto,Oregon,685.227276,SUV
ZP49970,5824.817366,Bachelor,M,40964.0,74.0,0.0,Special Auto,Oregon,355.2,Two-Door Car
OA23108,4379.92784,Doctor,F,40896.0,109.0,0.0,Personal Auto,Oregon,319.294289,Luxury
LY90785,5793.157728,Bachelor,M,95733.0,72.0,0.0,Corporate Auto,Oregon,475.423848,Two-Door Car
ZR66788,2725.680297,High School or Below,F,39161.0,71.0,3.0,Personal Auto,California,340.8,Four-Door Car
BL12371,5790.565333,Master,M,84551.0,72.0,0.0,Personal Auto,Arizona,28.92584,Four-Door Car
GB68813,8502.237137,Bachelor,F,12843.0,111.0,0.0,Corporate Auto,Nevada,1143.494486,Four-Door Car
IG90926,2476.588891,College,F,71551.0,62.0,0.0,Personal Auto,Arizona,297.6,Four-Door Car
CT86614,2426.95904,Bachelor,M,0.0,71.0,0.0,Corporate Auto,Arizona,511.2,Four-Door Car
BL13393,5897.986595,High School or Below,F,77835.0,74.0,1.0,Personal Auto,Oregon,43.618784,Four-Door Car
TU33850,4617.391775,Bachelor,F,16764.0,61.0,0.0,Personal Auto,Washington,292.8,Four-Door Car
IL25109,12521.42105,High School or Below,M,39007.0,105.0,0.0,Personal Auto,Nevada,1023.844984,Two-Door Car
OP67672,9079.823377,Master,F,20290.0,113.0,0.0,Personal Auto,Washington,766.519022,SUV
NW73460,7777.201669,High School or Below,F,46182.0,65.0,0.0,Corporate Auto,Arizona,2.574682,Two-Door Car
LW57693,5601.68063,College,F,11920.0,74.0,0.0,Personal Auto,Oregon,355.2,Four-Door Car
JD81426,3459.037949,High School or Below,M,97162.0,86.0,0.0,Personal Auto,Arizona,32.715179,Four-Door Car
AM99192,9061.951591,College,M,42743.0,117.0,1.0,Personal Auto,Arizona,101.288057,SUV
LQ31287,6866.093807,College,F,0.0,64.0,0.0,Personal Auto,Oregon,40.44586,Two-Door Car
ZU25563,2659.70565,College,F,0.0,87.0,3.0,Personal Auto,California,420.041981,Four-Door Car
RU75949,12332.51669,College,M,85789.0,105.0,2.0,Personal Auto,Oregon,122.302824,Luxury
DV85764,21172.38983,High School or Below,M,0.0,82.0,0.0,Personal Auto,California,588.269018,Four-Door Car
VU33725,3677.907634,High School or Below,M,31349.0,93.0,0.0,Corporate Auto,Oregon,446.4,Four-Door Car
SV43220,9816.528302,College,M,37256.0,62.0,0.0,Personal Auto,Oregon,128.969729,Four-Door Car
WL61717,4922.165949,Bachelor,F,0.0,69.0,0.0,Personal Auto,Arizona,331.2,Four-Door Car
IW17510,7583.962264,High School or Below,F,0.0,102.0,0.0,Personal Auto,California,848.161322,Luxury
ZS35830,2685.901421,College,F,58166.0,67.0,0.0,Personal Auto,Oregon,91.914969,Four-Door Car
TY95197,4132.58858,College,F,0.0,63.0,1.0,Personal Auto,Washington,453.6,Four-Door Car
PU73501,8622.835375,Bachelor,M,97361.0,73.0,0.0,Personal Auto,Arizona,350.4,Four-Door Car
FP65563,15253.26436,High School or Below,M,51937.0,193.0,0.0,Personal Auto,Washington,850.389259,Luxury
IC44995,4277.560211,College,F,75921.0,106.0,0.0,Personal Auto,Oregon,609.680428,SUV
AY55759,20096.89337,High School or Below,F,92766.0,71.0,0.0,Personal Auto,California,379.029102,Two-Door Car
GO94903,4770.550911,College,F,12964.0,65.0,0.0,Personal Auto,Oregon,362.774545,Two-Door Car
TF35512,7025.65076,College,F,48117.0,88.0,0.0,Corporate Auto,Oregon,422.4,Four-Door Car
HY43263,8265.379176,Bachelor,F,0.0,77.0,0.0,Corporate Auto,California,554.4,Two-Door Car
WP34496,24552.8746,High School or Below,M,0.0,118.0,1.0,Personal Auto,Washington,966.541071,SUV
QE73187,4407.97312,High School or Below,M,66152.0,111.0,0.0,Corporate Auto,Oregon,532.8,SUV
WL13766,2482.195895,High School or Below,M,31093.0,64.0,0.0,Personal Auto,Arizona,274.956819,Four-Door Car
VT44999,3858.867206,High School or Below,F,0.0,107.0,1.0,Personal Auto,Arizona,513.6,SUV
RZ14993,11572.10339,High School or Below,F,0.0,166.0,0.0,Special Auto,California,1195.2,Luxury
XI14610,3645.464325,College,F,19121.0,95.0,0.0,Personal Auto,California,915.188647,Four-Door Car
VE31268,4362.772279,Bachelor,M,0.0,65.0,0.0,Personal Auto,Oregon,468.0,Four-Door Car
ZD13262,10425.98532,High School or Below,F,68563.0,131.0,1.0,Personal Auto,Oregon,350.097052,SUV
OJ58066,7025.04419,High School or Below,M,24726.0,92.0,1.0,Personal Auto,Nevada,150.693773,Four-Door Car
RK81706,7388.733207,College,F,0.0,97.0,0.0,Personal Auto,Arizona,638.371157,Four-Door Car
NI18835,2927.734329,Bachelor,M,51991.0,73.0,0.0,Personal Auto,California,124.376921,Four-Door Car
RA87395,8356.181097,Bachelor,M,0.0,118.0,0.0,Personal Auto,California,153.176419,SUV
QN13323,8718.056722,High School or Below,M,89096.0,111.0,0.0,Personal Auto,Oregon,64.98293,SUV
BC53363,35227.29912,High School or Below,F,23031.0,148.0,0.0,Special Auto,Oregon,710.4,SUV
VB26229,8697.882675,Bachelor,M,29540.0,73.0,0.0,Personal Auto,Arizona,350.4,Four-Door Car
AD28535,3554.845264,Master,F,58557.0,88.0,0.0,Personal Auto,California,55.510526,Four-Door Car
SE50560,2818.31302,College,M,88816.0,70.0,0.0,Personal Auto,Oregon,164.282841,Two-Door Car
YL65673,19045.50012,Bachelor,F,0.0,61.0,0.0,Personal Auto,California,439.2,Four-Door Car
WK65741,2893.806196,High School or Below,F,61809.0,72.0,0.0,Personal Auto,California,328.004855,Two-Door Car
GZ77449,14439.80313,College,M,58452.0,186.0,0.0,Corporate Auto,California,892.8,Luxury
OF49789,5121.838914,College,F,57161.0,127.0,0.0,Personal Auto,Oregon,609.6,Luxury
YX54093,2217.664193,College,M,0.0,65.0,0.0,Personal Auto,Arizona,111.872115,Four-Door Car
TD19026,2861.717418,High School or Below,F,90083.0,71.0,0.0,Personal Auto,California,181.689191,Two-Door Car
XT67997,5979.724161,High School or Below,F,57693.0,76.0,0.0,Personal Auto,California,547.2,Four-Door Car
WP65749,7377.231238,College,M,0.0,69.0,0.0,Personal Auto,Nevada,331.2,Four-Door Car
YT91759,6366.225775,High School or Below,M,44368.0,80.0,0.0,Personal Auto,California,384.0,Two-Door Car
YH20696,8657.968597,College,M,68727.0,72.0,0.0,Personal Auto,Oregon,171.475838,Four-Door Car
NS14955,11726.18921,Master,F,40564.0,97.0,0.0,Personal Auto,Oregon,85.968142,Four-Door Car
UH79028,5780.182197,High School or Below,M,51066.0,74.0,0.0,Personal Auto,Nevada,787.993313,Four-Door Car
JM89095,10058.74013,High School or Below,M,0.0,92.0,0.0,Personal Auto,Oregon,640.229108,Two-Door Car
NK26146,7072.928971,College,F,90551.0,61.0,4.0,Corporate Auto,Washington,374.527412,Four-Door Car
HE99696,4787.206586,College,F,0.0,67.0,0.0,Personal Auto,Washington,321.6,Four-Door Car
HH15953,3013.439451,Bachelor,M,21353.0,80.0,0.0,Personal Auto,California,576.0,Four-Door Car
ZO30377,3472.369996,High School or Below,M,0.0,102.0,0.0,Personal Auto,California,976.112456,Four-Door Car
VZ23007,5380.898636,College,F,55350.0,67.0,0.0,Personal Auto,Oregon,321.6,Four-Door Car
DF74270,38230.21008,Bachelor,M,80321.0,105.0,0.0,Corporate Auto,Nevada,166.972451,SUV
SE47384,5526.438887,Bachelor,F,94230.0,137.0,0.0,Special Auto,California,657.6,SUV
CS84396,4883.117399,Bachelor,M,53305.0,63.0,0.0,Corporate Auto,Arizona,302.4,Two-Door Car
OQ20827,14203.04178,College,M,55593.0,182.0,1.0,Corporate Auto,California,677.63589,Luxury
VU47281,5745.41663,Bachelor,F,0.0,165.0,0.0,Personal Auto,Oregon,1853.202354,Luxury
BN62219,9602.07966,College,F,0.0,94.0,0.0,Personal Auto,Arizona,676.8,Two-Door Car
TP39671,3199.75316,Bachelor,M,0.0,87.0,0.0,Personal Auto,Arizona,132.492438,Four-Door Car
HX33134,2758.329817,High School or Below,M,22158.0,74.0,0.0,Personal Auto,Arizona,355.2,Four-Door Car
UR49989,2725.192659,Bachelor,F,81605.0,67.0,0.0,Personal Auto,Oregon,424.219182,Two-Door Car
VU48786,5550.149947,Master,M,62219.0,69.0,0.0,Personal Auto,Washington,243.238784,Two-Door Car
QM46642,2619.172388,Bachelor,M,15587.0,71.0,0.0,Special Auto,California,136.033828,Two-Door Car
TG60853,6265.343299,Doctor,F,0.0,84.0,1.0,Corporate Auto,Nevada,481.025786,Four-Door Car
CV40610,12313.16484,College,M,0.0,116.0,0.0,Personal Auto,California,835.2,Two-Door Car
HI98447,10552.42728,High School or Below,M,28505.0,88.0,0.0,Personal Auto,Oregon,422.4,Four-Door Car
QD86271,12022.38645,High School or Below,M,25918.0,104.0,0.0,Personal Auto,Arizona,996.775536,SUV
ZD75163,9295.41115,High School or Below,M,0.0,261.0,0.0,Corporate Auto,Nevada,2759.794354,Luxury
LB98130,7440.92353,Bachelor,M,34137.0,62.0,0.0,Personal Auto,Oregon,297.6,Two-Door Car
VZ16820,10302.90289,Bachelor,M,21839.0,137.0,0.0,Personal Auto,Washington,657.6,Luxury
YE24562,3508.569533,College,M,20978.0,98.0,1.0,Personal Auto,California,1176.2788,Four-Door Car
IH78357,5761.317533,College,F,83392.0,71.0,0.0,Personal Auto,Oregon,125.961938,Four-Door Car
TH96263,10280.80787,High School or Below,F,73661.0,128.0,0.0,Personal Auto,Nevada,404.329477,SUV
DC31768,4783.917752,Bachelor,M,49793.0,121.0,0.0,Personal Auto,Arizona,640.835113,SUV
YO81676,2142.892273,Bachelor,M,0.0,65.0,0.0,Corporate Auto,Oregon,686.774939,Two-Door Car
MQ79612,8738.299629,Doctor,M,91890.0,107.0,0.0,Personal Auto,California,156.617415,SUV
ZZ77357,4468.2209,High School or Below,M,0.0,65.0,0.0,Corporate Auto,Nevada,468.0,Two-Door Car
OE88763,11315.20373,Bachelor,F,11885.0,101.0,0.0,Corporate Auto,California,484.8,Four-Door Car
XP39695,21886.19626,Bachelor,F,43000.0,109.0,0.0,Personal Auto,Arizona,676.808053,SUV
QC28119,7681.551777,High School or Below,M,90043.0,63.0,0.0,Personal Auto,Oregon,203.226649,Four-Door Car
AZ29426,16702.69914,College,M,0.0,72.0,0.0,Special Auto,California,345.6,Four-Door Car
RI46607,5015.009472,Bachelor,F,48567.0,130.0,0.0,Corporate Auto,California,624.0,SUV
OJ63606,5776.338737,High School or Below,F,27510.0,159.0,3.0,Corporate Auto,Arizona,871.457982,SUV
TQ89058,2777.525403,Master,F,59124.0,70.0,2.0,Personal Auto,Nevada,173.426207,Four-Door Car
IW78492,4127.495254,College,F,0.0,119.0,3.0,Personal Auto,Arizona,856.8,Luxury
WE88728,6670.850638,High School or Below,F,56531.0,170.0,3.0,Corporate Auto,Arizona,816.0,SUV
PJ74689,14741.76092,Bachelor,F,0.0,139.0,1.0,Personal Auto,Nevada,667.2,SUV
ZI86917,38320.82017,Bachelor,M,45277.0,191.0,0.0,Special Auto,Nevada,916.8,Luxury
IJ71609,2064.697955,Bachelor,F,0.0,65.0,3.0,Personal Auto,Washington,368.828511,Four-Door Car
FP17993,5504.139033,Bachelor,F,0.0,73.0,0.0,Personal Auto,Arizona,350.4,Four-Door Car
EC28398,5096.673223,Master,F,22886.0,65.0,0.0,Corporate Auto,Oregon,312.0,Four-Door Car
ZX85480,7995.441263,High School or Below,F,66685.0,67.0,2.0,Personal Auto,Washington,38.763897,Two-Door Car
JP27787,5674.136445,College,F,65775.0,72.0,0.0,Personal Auto,Oregon,171.426318,Four-Door Car
NH24429,2886.232446,Doctor,M,52972.0,74.0,0.0,Special Auto,Arizona,355.2,Four-Door Car
QU58523,5794.682724,Master,M,52979.0,72.0,0.0,Personal Auto,Arizona,345.6,Two-Door Car
EZ39383,10706.66957,Bachelor,F,55436.0,67.0,0.0,Personal Auto,Arizona,321.6,Four-Door Car
IR74017,5320.614976,College,F,32116.0,132.0,0.0,Personal Auto,Oregon,277.351026,SUV
DH68234,20498.83124,Master,M,56070.0,74.0,0.0,Personal Auto,California,87.990528,Two-Door Car
TZ37274,4628.280887,High School or Below,M,0.0,62.0,0.0,Personal Auto,Arizona,690.548602,Four-Door Car
QG67362,27287.50099,Bachelor,F,0.0,116.0,1.0,Personal Auto,California,835.2,SUV
TN36916,4029.723325,Bachelor,F,93621.0,100.0,0.0,Personal Auto,California,59.860273,SUV
FL74984,2744.083863,Bachelor,M,79192.0,70.0,0.0,Personal Auto,Oregon,336.0,Two-Door Car
FV15346,35444.31404,College,M,96853.0,98.0,0.0,Personal Auto,Arizona,565.504258,Two-Door Car
JV12632,2858.992036,Master,F,0.0,83.0,4.0,Corporate Auto,Washington,355.385287,Four-Door Car
TF64196,5862.803295,College,F,75121.0,73.0,0.0,Corporate Auto,California,171.226873,Two-Door Car
PC27174,4031.539471,College,F,0.0,117.0,0.0,Personal Auto,Oregon,842.4,Four-Door Car
RL28880,7553.225007,Bachelor,F,69959.0,63.0,0.0,Personal Auto,Nevada,401.838921,Two-Door Car
FG46631,16699.46158,Bachelor,F,81400.0,104.0,0.0,Special Auto,Oregon,499.2,Four-Door Car
PB29715,3233.262049,High School or Below,M,0.0,98.0,1.0,Corporate Auto,California,705.6,Two-Door Car
ZV42323,5640.729767,Bachelor,M,67523.0,72.0,0.0,Corporate Auto,California,345.237659,Two-Door Car
YS49138,8678.508294,High School or Below,F,62366.0,108.0,0.0,Personal Auto,California,51.316527,Four-Door Car
XJ34057,10339.59799,Bachelor,M,67134.0,131.0,1.0,Personal Auto,California,277.448968,Luxury
NJ54277,3746.751625,College,F,41479.0,94.0,1.0,Personal Auto,California,19.575683,Two-Door Car
RL64888,2571.260863,College,F,29697.0,66.0,4.0,Personal Auto,California,316.8,Four-Door Car
UM28580,4428.031583,High School or Below,F,58577.0,110.0,0.0,Personal Auto,Oregon,303.872752,SUV
TO87218,7413.386729,High School or Below,F,0.0,106.0,0.0,Personal Auto,California,508.8,Luxury
YQ79307,4768.955924,Bachelor,M,51144.0,61.0,1.0,Personal Auto,Washington,223.305224,Two-Door Car
KZ80383,6035.086336,High School or Below,F,29587.0,76.0,0.0,Personal Auto,Arizona,422.024661,Four-Door Car
TS78649,16280.19859,High School or Below,M,0.0,157.0,0.0,Personal Auto,Arizona,753.6,Luxury
QX84389,9024.199159,Master,M,71499.0,112.0,0.0,Corporate Auto,California,537.6,Luxury
WC26700,7495.676658,Bachelor,F,0.0,106.0,0.0,Corporate Auto,California,763.2,Four-Door Car
JR26812,12520.97907,College,M,0.0,126.0,0.0,Personal Auto,Nevada,907.2,SUV
QD17769,2552.038766,High School or Below,M,75740.0,64.0,0.0,Corporate Auto,Oregon,128.516525,Two-Door Car
VA89404,16887.79708,Master,M,53262.0,62.0,4.0,Corporate Auto,California,223.72051,Four-Door Car
ZR41880,3038.829992,College,F,75180.0,77.0,3.0,Corporate Auto,Nevada,154.907769,Four-Door Car
XK49057,4455.518101,High School or Below,M,31196.0,62.0,4.0,Corporate Auto,California,342.796508,Two-Door Car
ZM52280,11972.78231,Bachelor,M,0.0,186.0,2.0,Personal Auto,Arizona,1441.843837,Luxury
UX93878,8513.697414,Bachelor,F,34505.0,106.0,0.0,Personal Auto,Oregon,359.861348,SUV
WY65854,9085.204991,Bachelor,F,0.0,82.0,2.0,Personal Auto,Oregon,146.757086,Four-Door Car
ES97823,24096.23695,Bachelor,F,0.0,97.0,0.0,Personal Auto,Oregon,1154.635974,Four-Door Car
CX34236,9095.049868,College,M,37937.0,116.0,0.0,Personal Auto,Oregon,556.8,SUV
CQ81839,21418.35544,College,F,21897.0,139.0,0.0,Personal Auto,Oregon,667.2,SUV
ES97399,10714.21449,High School or Below,M,55994.0,92.0,2.0,Corporate Auto,Nevada,441.6,Four-Door Car
GL44478,9986.661111,High School or Below,M,24067.0,132.0,0.0,Corporate Auto,Oregon,633.6,Luxury
ML79788,7908.669486,College,F,43630.0,99.0,0.0,Corporate Auto,Arizona,475.2,Four-Door Car
KZ67768,4869.596443,College,M,23811.0,130.0,0.0,Personal Auto,Nevada,624.0,SUV
XU67970,2121.647053,College,M,0.0,62.0,0.0,Personal Auto,Washington,446.4,Two-Door Car
IQ40799,6328.180924,Bachelor,M,0.0,100.0,2.0,Personal Auto,Washington,648.364172,SUV
BV80674,4340.858797,Bachelor,F,0.0,124.0,0.0,Personal Auto,Oregon,595.2,SUV
TH72397,6279.816729,Bachelor,M,50562.0,79.0,0.0,Personal Auto,California,545.013504,Four-Door Car
EC13382,11981.98481,Master,F,21514.0,62.0,0.0,Corporate Auto,Oregon,257.248789,Two-Door Car
LE30774,22235.01011,College,M,80355.0,187.0,1.0,Corporate Auto,California,897.6,Luxury
RA14734,8646.504109,High School or Below,F,64125.0,108.0,0.0,Personal Auto,Arizona,369.818708,SUV
IY31142,2444.329535,College,M,83800.0,62.0,0.0,Personal Auto,Oregon,196.155575,Four-Door Car
CK29372,5070.352408,College,F,23840.0,64.0,0.0,Personal Auto,California,307.2,Four-Door Car
KD70601,5647.145809,College,F,54834.0,72.0,0.0,Corporate Auto,Washington,186.191931,Four-Door Car
QN76596,13345.13545,Bachelor,M,80277.0,112.0,1.0,Corporate Auto,California,36.975673,SUV
XI62151,13297.63587,College,M,88430.0,66.0,1.0,Personal Auto,Oregon,316.8,Four-Door Car
ZQ37702,7031.785183,High School or Below,F,26255.0,88.0,0.0,Personal Auto,California,52.752601,Four-Door Car
GE13332,3615.889805,High School or Below,M,0.0,95.0,0.0,Personal Auto,Nevada,684.0,Four-Door Car
LZ84227,14120.03562,College,M,95715.0,119.0,2.0,Personal Auto,Arizona,148.98255,Four-Door Car
EX97404,2155.209879,High School or Below,F,0.0,70.0,3.0,Personal Auto,Oregon,336.0,Four-Door Car
RQ99149,2748.851081,Master,M,32437.0,69.0,0.0,Corporate Auto,California,473.361602,Two-Door Car
UP57305,5087.015287,Bachelor,M,22726.0,65.0,0.0,Personal Auto,California,312.0,Four-Door Car
IC82877,14031.70314,Bachelor,M,58092.0,72.0,1.0,Personal Auto,Arizona,202.24202,Two-Door Car
JO63956,8656.396659,College,M,83365.0,109.0,1.0,Personal Auto,California,523.2,SUV
MD47500,4861.493017,College,M,12153.0,69.0,1.0,Personal Auto,California,438.155584,Four-Door Car
OW31837,19174.63407,Bachelor,F,74028.0,118.0,0.0,Corporate Auto,California,53.076203,SUV
OY20177,7089.68396,High School or Below,M,52707.0,90.0,1.0,Corporate Auto,Oregon,432.0,Four-Door Car
LZ10377,6802.06713,High School or Below,M,47451.0,87.0,1.0,Personal Auto,California,417.6,Four-Door Car
UB17669,2359.423599,Bachelor,F,19864.0,63.0,0.0,Personal Auto,Nevada,352.394515,Four-Door Car
DP77737,15114.40241,High School or Below,F,28513.0,100.0,1.0,Personal Auto,Oregon,480.0,SUV
QT39597,2926.829158,High School or Below,M,26242.0,74.0,0.0,Personal Auto,Arizona,347.060173,Four-Door Car
MQ74051,13014.23496,Bachelor,F,55067.0,110.0,1.0,Personal Auto,Arizona,353.098604,SUV
MN98042,7901.697919,College,M,62291.0,100.0,0.0,Personal Auto,California,480.0,Luxury
XJ60303,13406.92021,Bachelor,F,25048.0,167.0,0.0,Personal Auto,California,801.6,SUV
GU42671,6106.941981,Bachelor,F,16654.0,79.0,0.0,Personal Auto,Arizona,379.2,Four-Door Car
DK26322,12321.83615,High School or Below,M,26887.0,113.0,0.0,Special Auto,Washington,542.4,SUV
NT75612,19338.5293,College,F,22784.0,70.0,0.0,Personal Auto,Oregon,224.904234,Four-Door Car
AX28231,5431.371279,High School or Below,M,49345.0,69.0,0.0,Personal Auto,Washington,251.075981,Two-Door Car
GA89827,7329.828776,College,M,0.0,70.0,0.0,Personal Auto,Oregon,622.381217,Four-Door Car
UX91266,3484.141641,Bachelor,M,34307.0,92.0,2.0,Personal Auto,California,186.025014,Four-Door Car
UC10048,6964.051797,College,F,0.0,95.0,1.0,Corporate Auto,Oregon,629.647822,Four-Door Car
CY90231,25253.10198,Master,M,44096.0,72.0,1.0,Personal Auto,Nevada,345.6,Four-Door Car
QD26729,2523.654743,College,M,43204.0,64.0,3.0,Personal Auto,California,246.065764,Four-Door Car
RZ98310,17349.03226,Bachelor,F,0.0,92.0,0.0,Personal Auto,Nevada,441.6,Four-Door Car
VJ73478,4058.668736,Bachelor,M,0.0,117.0,0.0,Personal Auto,Oregon,842.4,Luxury
KR29524,4742.617289,Bachelor,F,78596.0,118.0,0.0,Personal Auto,Oregon,133.907696,SUV
ID58813,4363.599418,Bachelor,M,38925.0,112.0,0.0,Personal Auto,California,241.304377,Luxury
SL98898,9048.983447,High School or Below,M,0.0,119.0,0.0,Personal Auto,Nevada,571.2,Luxury
LH90819,4210.096739,Master,M,21885.0,108.0,0.0,Corporate Auto,California,52.339396,SUV
OL55220,5241.142484,Bachelor,F,48345.0,67.0,0.0,Personal Auto,California,212.009825,Four-Door Car
YU90693,2481.842224,High School or Below,F,77993.0,62.0,0.0,Personal Auto,California,297.6,Four-Door Car
NM70181,3585.942995,Master,M,25748.0,90.0,0.0,Personal Auto,Oregon,117.871165,Four-Door Car
ZU30804,5498.940679,College,M,22520.0,73.0,0.0,Personal Auto,California,350.4,Four-Door Car
ZT31931,10377.36842,High School or Below,M,0.0,95.0,0.0,Personal Auto,Oregon,579.452318,Two-Door Car
BS29584,2589.695091,College,F,0.0,73.0,0.0,Personal Auto,Oregon,350.4,Four-Door Car
SX63814,9312.585034,High School or Below,M,75986.0,115.0,0.0,Personal Auto,Arizona,89.119797,Four-Door Car
YL81070,14396.24222,High School or Below,M,0.0,205.0,0.0,Personal Auto,Oregon,1476.0,Luxury
RW24925,31920.76916,College,F,58542.0,114.0,0.0,Personal Auto,Oregon,129.985718,SUV
FB84409,4921.325084,Bachelor,M,43640.0,64.0,2.0,Personal Auto,Arizona,1.208908,Four-Door Car
YP38413,25805.50599,College,F,86901.0,72.0,0.0,Personal Auto,Oregon,313.366255,Two-Door Car
ZE53116,5963.818306,High School or Below,M,94115.0,74.0,0.0,Personal Auto,Arizona,409.089884,Four-Door Car
SU95720,8923.113112,High School or Below,M,0.0,125.0,0.0,Personal Auto,California,900.0,SUV
UM94104,5214.971007,High School or Below,M,65375.0,65.0,0.0,Personal Auto,Oregon,6.07744,Four-Door Car
ET64307,12522.53868,Bachelor,F,44341.0,105.0,0.0,Personal Auto,California,355.114822,Luxury
XD32841,13897.38856,Bachelor,M,24378.0,188.0,0.0,Corporate Auto,Oregon,902.4,SUV
SI90461,3372.420457,High School or Below,F,93489.0,84.0,0.0,Corporate Auto,Washington,104.280764,Four-Door Car
RV75918,7809.515468,College,F,69161.0,97.0,0.0,Personal Auto,California,341.431343,Four-Door Car
DZ64604,12269.41862,High School or Below,M,60774.0,154.0,0.0,Personal Auto,California,739.2,SUV
WF98532,3123.080994,Bachelor,M,0.0,101.0,4.0,Personal Auto,California,960.115399,SUV
GQ15613,8004.214781,High School or Below,F,54008.0,67.0,0.0,Personal Auto,Arizona,370.503286,Four-Door Car
XU63766,8105.872317,Bachelor,F,0.0,74.0,0.0,Personal Auto,Oregon,232.01349,Four-Door Car
VU35401,2758.703811,High School or Below,F,44619.0,68.0,0.0,Corporate Auto,Nevada,283.668439,Four-Door Car
NH95163,3707.282365,College,F,16476.0,101.0,0.0,Personal Auto,Oregon,313.885191,Four-Door Car
CD55111,30154.68108,Master,M,73359.0,94.0,0.0,Corporate Auto,California,107.187926,Two-Door Car
TQ73797,8099.838433,Bachelor,M,25949.0,104.0,0.0,Personal Auto,California,499.2,SUV
CC43119,2921.490461,Bachelor,F,62018.0,73.0,0.0,Corporate Auto,California,90.094835,Two-Door Car
CD38665,14510.44376,High School or Below,M,41433.0,183.0,0.0,Personal Auto,California,1317.6,Luxury
JM30137,16793.9728,College,F,0.0,238.0,1.0,Personal Auto,Washington,1142.4,Luxury
CJ29883,5332.462694,Doctor,F,68931.0,66.0,0.0,Personal Auto,Arizona,309.577946,Four-Door Car
LJ35581,10025.91827,Bachelor,F,0.0,141.0,0.0,Personal Auto,Washington,1015.2,SUV
DL11519,6875.606133,College,M,0.0,104.0,0.0,Special Auto,Oregon,748.8,SUV
AK11719,2272.30731,Master,M,0.0,64.0,0.0,Corporate Auto,California,286.124652,Four-Door Car
YL91288,8923.154803,Master,F,98044.0,73.0,0.0,Personal Auto,California,347.336864,Four-Door Car
XV53746,16484.01644,High School or Below,F,91354.0,68.0,0.0,Special Auto,California,361.646987,Two-Door Car
HU57895,6860.592636,College,F,0.0,109.0,4.0,Corporate Auto,Washington,605.137484,Luxury
MI95708,12947.68269,High School or Below,F,15083.0,115.0,0.0,Personal Auto,Arizona,552.0,Four-Door Car
AX45422,13786.70272,High School or Below,F,0.0,61.0,0.0,Personal Auto,California,370.755025,Four-Door Car
KT92231,7706.032636,Bachelor,M,0.0,107.0,0.0,Personal Auto,Oregon,1267.709661,Luxury
BM53580,8520.145801,Bachelor,F,0.0,80.0,0.0,Personal Auto,Oregon,69.142986,Four-Door Car
ZB32409,2242.226055,Bachelor,F,0.0,67.0,3.0,Personal Auto,California,618.355883,Four-Door Car
XA21742,27069.49674,Bachelor,F,22955.0,92.0,3.0,Personal Auto,California,441.6,Four-Door Car
RD22761,20579.69157,Bachelor,M,0.0,69.0,0.0,Personal Auto,Washington,566.673518,Four-Door Car
PZ10136,2465.616631,Master,M,51641.0,63.0,1.0,Personal Auto,Oregon,137.091494,Four-Door Car
OG62048,9052.951051,Master,F,10211.0,119.0,0.0,Personal Auto,California,571.2,SUV
IH23596,2546.364668,Bachelor,F,0.0,68.0,0.0,Corporate Auto,California,296.692076,Four-Door Car
HE72629,3007.386248,Bachelor,F,0.0,80.0,0.0,Personal Auto,Arizona,16.524885,Two-Door Car
KW52549,27789.69235,Bachelor,F,33806.0,89.0,0.0,Personal Auto,Arizona,395.729716,Four-Door Car
OZ82391,6289.014959,Master,M,50269.0,80.0,0.0,Personal Auto,California,32.228778,Two-Door Car
HH22446,3954.344534,Bachelor,M,18375.0,103.0,0.0,Personal Auto,Nevada,535.080276,Luxury
HW16019,7583.189638,Bachelor,M,24133.0,68.0,0.0,Personal Auto,Oregon,76.026046,Two-Door Car
IS30186,6186.497831,College,F,88375.0,77.0,0.0,Personal Auto,California,0.42331,Four-Door Car
HN45134,5757.442258,Master,M,88997.0,72.0,0.0,Personal Auto,Arizona,174.041566,Four-Door Car
XI79589,4473.883999,High School or Below,F,0.0,125.0,0.0,Personal Auto,California,600.0,SUV
LK57294,4786.009693,High School or Below,M,23402.0,61.0,0.0,Personal Auto,Oregon,292.8,Four-Door Car
JM88889,12244.9049,High School or Below,F,46396.0,103.0,1.0,Corporate Auto,California,384.01403,Four-Door Car
EZ51276,7121.080412,College,F,0.0,96.0,0.0,Personal Auto,Arizona,460.8,Four-Door Car
JF16295,7547.762822,High School or Below,F,0.0,102.0,0.0,Personal Auto,Oregon,489.6,Four-Door Car
XU76821,20380.06652,College,F,33175.0,66.0,0.0,Corporate Auto,California,84.520776,Two-Door Car
KR62128,9011.764865,Master,F,63885.0,114.0,0.0,Personal Auto,California,86.477384,SUV
TG70775,20096.89337,High School or Below,F,92766.0,71.0,0.0,Personal Auto,California,379.029102,Two-Door Car
XR75319,4786.889347,College,M,45515.0,61.0,0.0,Personal Auto,Arizona,236.907007,Two-Door Car
QB26845,11578.12643,Bachelor,M,0.0,115.0,0.0,Personal Auto,Oregon,1163.620366,SUV
No94161,2719.431536,High School or Below,M,37703.0,70.0,0.0,Corporate Auto,California,83.121963,Two-Door Car
SQ87105,4760.941906,Bachelor,F,0.0,68.0,0.0,Corporate Auto,Oregon,489.6,Four-Door Car
XM14899,8701.363763,College,M,0.0,122.0,0.0,Personal Auto,Oregon,684.851797,SUV
QQ51185,2659.495086,College,F,64987.0,66.0,0.0,Personal Auto,Nevada,182.927837,Four-Door Car
XW51700,5139.561422,High School or Below,F,73180.0,64.0,0.0,Personal Auto,Arizona,132.543257,Four-Door Car
YK60829,20096.89337,High School or Below,F,92766.0,71.0,0.0,Corporate Auto,Oregon,379.029102,Two-Door Car
FB68802,4025.095533,College,M,0.0,119.0,2.0,Personal Auto,Arizona,571.2,SUV
ON67674,2771.045031,College,F,50071.0,71.0,0.0,Personal Auto,California,18.918935,Two-Door Car
MS20849,6745.886896,College,M,53058.0,91.0,4.0,Personal Auto,California,209.465295,Four-Door Car
VK94354,9259.715798,Master,M,0.0,127.0,0.0,Special Auto,Oregon,22.483259,SUV
PZ53130,8467.267232,College,F,16370.0,74.0,0.0,Personal Auto,California,296.049396,Two-Door Car
HV75704,22762.21479,Bachelor,F,70521.0,63.0,0.0,Corporate Auto,California,302.4,Four-Door Car
GU18646,9332.494982,Bachelor,M,58007.0,81.0,0.0,Special Auto,Oregon,518.346912,Two-Door Car
LI77073,7100.3251,College,M,31670.0,179.0,0.0,Corporate Auto,Oregon,1288.8,Luxury
FW43809,8007.399376,High School or Below,F,0.0,112.0,0.0,Personal Auto,Oregon,537.6,Luxury
WC11515,19511.99782,Bachelor,F,0.0,70.0,0.0,Corporate Auto,Arizona,491.112176,Four-Door Car
ZT52415,8145.985919,Bachelor,F,62534.0,68.0,0.0,Personal Auto,Oregon,326.4,Two-Door Car
PH83205,2810.464447,Bachelor,M,26790.0,71.0,0.0,Corporate Auto,Oregon,340.8,Two-Door Car
GI46001,6846.150323,Bachelor,F,0.0,95.0,0.0,Personal Auto,California,456.0,Two-Door Car
DY27653,3755.806897,High School or Below,F,56178.0,94.0,0.0,Personal Auto,Oregon,451.2,Four-Door Car
GB70718,2393.036297,High School or Below,F,28646.0,61.0,0.0,Personal Auto,Arizona,355.028632,Four-Door Car
YE12395,40636.66734,High School or Below,M,31267.0,129.0,0.0,Personal Auto,Oregon,619.2,Luxury
MA94219,9067.658438,College,M,78250.0,114.0,0.0,Personal Auto,Nevada,547.2,Four-Door Car
FJ28407,5619.689084,High School or Below,M,0.0,153.0,0.0,Personal Auto,California,1027.000029,SUV
CJ72056,8013.895125,Bachelor,M,65636.0,67.0,0.0,Personal Auto,California,321.6,Four-Door Car
QU52713,4089.036013,Bachelor,M,43177.0,103.0,0.0,Corporate Auto,California,420.966805,SUV
FE20514,5065.486772,College,M,26733.0,66.0,0.0,Personal Auto,Oregon,218.717113,Four-Door Car
RY43586,8372.851175,Master,F,12590.0,73.0,0.0,Personal Auto,Oregon,132.503461,Two-Door Car
SK66747,66025.75407,Bachelor,M,33481.0,188.0,0.0,Personal Auto,Washington,1194.892002,Luxury
SC31713,8175.315246,College,F,0.0,80.0,0.0,Personal Auto,California,384.0,Four-Door Car
TH72420,8720.458745,Doctor,M,25752.0,73.0,0.0,Personal Auto,Oregon,378.262864,Two-Door Car
FD75102,3237.500928,College,F,27982.0,87.0,0.0,Personal Auto,California,14.743099,Two-Door Car
LW75453,5354.612433,Bachelor,M,29445.0,68.0,0.0,Personal Auto,California,334.015169,Four-Door Car
BS96517,2375.001798,College,F,47455.0,61.0,0.0,Personal Auto,Washington,278.804991,Four-Door Car
SO55284,8646.504109,High School or Below,F,64125.0,108.0,0.0,Personal Auto,Nevada,369.818708,SUV
SD83603,6672.127831,College,F,56830.0,83.0,0.0,Personal Auto,Oregon,319.799712,Two-Door Car
JQ68425,12919.41828,College,M,58236.0,108.0,0.0,Corporate Auto,California,67.253453,SUV
VM51572,7385.359236,Bachelor,M,54289.0,62.0,0.0,Personal Auto,Washington,430.093647,Four-Door Car
JH58282,7200.664877,College,F,0.0,66.0,0.0,Personal Auto,California,316.8,Four-Door Car
WP23743,7281.715134,College,M,47482.0,93.0,0.0,Corporate Auto,California,594.177664,Four-Door Car
DS47984,3237.996209,Master,M,60244.0,83.0,3.0,Personal Auto,Arizona,326.281835,Four-Door Car
UV52613,2722.986709,College,M,20867.0,71.0,0.0,Personal Auto,Arizona,340.8,Four-Door Car
XM96138,11277.72488,Master,M,98138.0,93.0,1.0,Personal Auto,California,427.52731,Four-Door Car
HF95739,8555.887254,High School or Below,M,0.0,81.0,0.0,Personal Auto,California,583.2,Four-Door Car
HG81101,2911.923334,Bachelor,F,20327.0,74.0,0.0,Personal Auto,Washington,824.254866,Four-Door Car
VN27419,10083.48688,High School or Below,F,11828.0,90.0,0.0,Personal Auto,Oregon,571.479602,Four-Door Car
VZ59523,5704.977144,Doctor,M,50695.0,71.0,0.0,Personal Auto,Arizona,110.567069,Two-Door Car
UF91715,7664.80924,High School or Below,M,0.0,107.0,0.0,Personal Auto,Nevada,770.4,Four-Door Car
JV13438,4909.027487,High School or Below,M,98693.0,61.0,0.0,Personal Auto,Oregon,292.8,Four-Door Car
MN82687,5470.060561,Bachelor,F,54507.0,138.0,0.0,Personal Auto,Oregon,702.990032,SUV
MR50410,5067.002561,College,M,89703.0,126.0,0.0,Personal Auto,Nevada,601.983113,SUV
DT53270,4896.271406,College,F,0.0,71.0,0.0,Personal Auto,Washington,421.147532,Four-Door Car
DA79098,4572.041785,Bachelor,M,0.0,67.0,1.0,Personal Auto,California,357.14996,Two-Door Car
FY86121,8237.376444,College,M,70882.0,69.0,0.0,Personal Auto,Oregon,124.380223,Four-Door Car
AA69265,3964.730745,Bachelor,F,60817.0,103.0,1.0,Personal Auto,Nevada,494.4,Four-Door Car
ZT86224,10901.22525,Bachelor,M,72257.0,90.0,0.0,Personal Auto,Nevada,408.415481,Four-Door Car
GW89148,16304.29777,Doctor,M,90008.0,137.0,0.0,Personal Auto,California,406.986034,SUV
EJ97834,2619.478929,High School or Below,F,93987.0,65.0,0.0,Personal Auto,Nevada,251.321448,Two-Door Car
VM66678,14024.35839,High School or Below,F,81872.0,115.0,0.0,Personal Auto,Oregon,256.43803,Four-Door Car
OY34553,24320.64401,Bachelor,F,60221.0,67.0,0.0,Personal Auto,Nevada,238.561687,Four-Door Car
JL49772,24249.33685,Bachelor,F,33651.0,69.0,1.0,Personal Auto,Arizona,328.65413,Four-Door Car
ZO44848,20864.30762,College,F,0.0,61.0,0.0,Special Auto,California,216.08671,Four-Door Car
TW66679,8823.852473,High School or Below,M,75741.0,109.0,0.0,Corporate Auto,Oregon,217.188864,SUV
RP98585,7610.203455,Master,M,38086.0,96.0,0.0,Personal Auto,Arizona,243.237741,Two-Door Car
XK83294,7486.171898,High School or Below,F,38725.0,64.0,0.0,Corporate Auto,California,307.2,Two-Door Car
VZ43707,8763.449964,High School or Below,M,20132.0,86.0,3.0,Corporate Auto,Nevada,412.8,Four-Door Car
RO89767,27386.15024,Master,M,0.0,105.0,0.0,Personal Auto,Arizona,451.13986,Luxury
UN49741,11121.62179,High School or Below,M,44299.0,106.0,5.0,Personal Auto,Oregon,754.260616,SUV
SY46862,5657.685223,High School or Below,M,98917.0,139.0,0.0,Corporate Auto,Arizona,336.612234,Luxury
ZY60545,18938.53677,College,F,91535.0,67.0,1.0,Personal Auto,California,126.634634,Four-Door Car
WP62115,13865.83107,College,F,53484.0,70.0,0.0,Corporate Auto,Washington,333.051529,Two-Door Car
NK16909,8188.91743,Doctor,M,45318.0,103.0,0.0,Personal Auto,Oregon,494.4,SUV
BQ41371,5626.530435,Bachelor,F,46897.0,70.0,0.0,Personal Auto,Oregon,344.377218,Four-Door Car
QF29828,3208.919835,Master,F,40135.0,80.0,0.0,Personal Auto,Arizona,78.008093,Four-Door Car
LP59331,5282.543094,College,M,38606.0,68.0,0.0,Personal Auto,Arizona,413.288851,Four-Door Car
NJ46471,8696.7107,Bachelor,F,56550.0,73.0,3.0,Corporate Auto,Oregon,162.775889,Four-Door Car
KX53892,5259.444853,College,F,61146.0,65.0,0.0,Personal Auto,Oregon,273.018929,Four-Door Car
YP37291,7854.771821,High School or Below,M,36409.0,66.0,0.0,Personal Auto,Nevada,316.8,Four-Door Car
RX93631,6438.97103,Bachelor,F,90035.0,80.0,0.0,Personal Auto,Arizona,141.628547,Four-Door Car
GS26763,11633.57855,Bachelor,F,39669.0,98.0,0.0,Personal Auto,California,492.935479,Two-Door Car
SK74843,2442.422113,Master,F,57963.0,61.0,0.0,Personal Auto,Arizona,42.160829,Four-Door Car
AG47947,14024.35839,High School or Below,F,81872.0,115.0,0.0,Personal Auto,Washington,256.43803,Four-Door Car
LQ23049,2491.257604,High School or Below,F,25965.0,65.0,0.0,Personal Auto,California,329.206567,Four-Door Car
VF10088,3410.199334,High School or Below,F,59662.0,85.0,0.0,Personal Auto,Arizona,10.168824,Four-Door Car
OJ65428,3842.028065,College,M,27906.0,102.0,0.0,Personal Auto,Nevada,489.6,Four-Door Car
ZF48094,3339.853704,High School or Below,F,51032.0,83.0,0.0,Personal Auto,Oregon,349.954886,Four-Door Car
TN56613,5358.269985,Bachelor,F,83771.0,133.0,0.0,Personal Auto,Arizona,482.328161,Luxury
IA33339,9268.672154,Bachelor,F,57052.0,115.0,1.0,Corporate Auto,Oregon,483.62724,SUV
UB28078,4200.373728,Master,M,51510.0,106.0,0.0,Personal Auto,California,688.547375,Four-Door Car
ZK60855,4829.571981,College,F,34819.0,61.0,0.0,Corporate Auto,Oregon,185.898327,Four-Door Car
CM73149,14244.73069,Bachelor,F,31189.0,122.0,0.0,Personal Auto,California,585.6,Luxury
SC81807,4095.201692,College,F,32180.0,103.0,0.0,Special Auto,California,558.835255,Luxury
DS57918,33718.8424,Bachelor,M,27500.0,114.0,0.0,Corporate Auto,California,472.280461,SUV
TN29644,7540.054749,College,F,67018.0,94.0,0.0,Personal Auto,California,104.427573,Four-Door Car
UL17918,2821.002026,Bachelor,M,0.0,77.0,0.0,Corporate Auto,Arizona,436.369797,Two-Door Car
MJ25422,36695.90627,College,F,0.0,199.0,0.0,Personal Auto,Oregon,1062.090461,Luxury
FG21377,19731.34147,Bachelor,F,33588.0,62.0,0.0,Corporate Auto,California,419.921897,Four-Door Car
BQ15946,6685.069081,Doctor,M,56270.0,83.0,0.0,Personal Auto,Oregon,398.4,Four-Door Car
CO53249,8408.317401,College,M,82800.0,70.0,0.0,Corporate Auto,Arizona,442.194796,Four-Door Car
XS83731,7371.58568,College,F,0.0,68.0,0.0,Personal Auto,Arizona,425.137341,Four-Door Car
VH41477,4742.106389,High School or Below,M,63891.0,119.0,0.0,Corporate Auto,Oregon,7.651121,Two-Door Car
AT13963,15865.166,Master,F,43946.0,133.0,0.0,Corporate Auto,Washington,415.98615,Luxury
XU49878,5396.311664,Bachelor,M,62039.0,68.0,1.0,Personal Auto,Washington,265.877583,Four-Door Car
RY10920,4330.38602,College,M,60475.0,107.0,0.0,Personal Auto,Oregon,513.6,Four-Door Car
OC32181,5708.024308,High School or Below,F,70279.0,71.0,0.0,Special Auto,Nevada,331.231484,Four-Door Car
OE19653,3500.855508,High School or Below,F,0.0,93.0,0.0,Personal Auto,Oregon,446.4,Two-Door Car
WG39961,3919.366722,High School or Below,F,66676.0,97.0,0.0,Personal Auto,Oregon,558.099357,Four-Door Car
QY78671,2910.317298,High School or Below,M,12048.0,77.0,0.0,Corporate Auto,Arizona,369.6,Four-Door Car
SY48591,4827.77681,College,F,0.0,68.0,0.0,Personal Auto,Arizona,326.4,Four-Door Car
SM16060,4811.740943,College,F,0.0,68.0,0.0,Personal Auto,Arizona,619.07199,Two-Door Car
FW53453,7834.151482,Master,F,36094.0,99.0,1.0,Personal Auto,California,456.50357,Two-Door Car
KU42210,14666.23121,Bachelor,M,0.0,61.0,0.0,Corporate Auto,Arizona,439.2,Four-Door Car
XR74789,7199.645715,College,F,63328.0,89.0,0.0,Personal Auto,Washington,427.2,Two-Door Car
GB39602,3914.719645,High School or Below,M,0.0,112.0,0.0,Corporate Auto,Nevada,587.861936,Luxury
SK93727,9470.273932,High School or Below,F,36121.0,118.0,0.0,Personal Auto,Washington,1107.145019,Four-Door Car
OM37845,5479.555081,Master,M,56005.0,68.0,1.0,Personal Auto,California,326.4,Four-Door Car
VR45143,2488.241391,High School or Below,F,48597.0,71.0,5.0,Corporate Auto,Arizona,305.697525,Four-Door Car
GF35623,5886.615741,High School or Below,F,0.0,81.0,0.0,Personal Auto,California,583.2,Four-Door Car
AF47139,8406.385414,College,F,42540.0,70.0,0.0,Personal Auto,Oregon,43.548973,Four-Door Car
IS48950,8685.91529,College,M,87544.0,109.0,1.0,Corporate Auto,California,523.2,SUV
NC98544,25030.37545,High School or Below,M,26292.0,80.0,2.0,Personal Auto,Nevada,384.0,Two-Door Car
AD12500,17822.56375,High School or Below,F,42696.0,228.0,0.0,Personal Auto,California,1273.741085,Luxury
ZE59681,2798.679988,College,M,88009.0,71.0,0.0,Corporate Auto,Nevada,266.52482,Two-Door Car
JQ91314,3288.6575,College,M,0.0,97.0,0.0,Personal Auto,Washington,1026.315988,Four-Door Car
WX92260,2004.350666,College,F,0.0,66.0,4.0,Corporate Auto,Washington,316.8,Four-Door Car
MO21402,13736.1325,Master,F,16181.0,181.0,0.0,Personal Auto,Oregon,1261.319869,SUV
QY41319,4411.65582,College,M,0.0,62.0,0.0,Personal Auto,Oregon,446.4,Two-Door Car
WE90911,5392.440611,Bachelor,F,75438.0,136.0,0.0,Personal Auto,Arizona,438.480672,SUV
KB90888,2561.576924,High School or Below,F,0.0,73.0,0.0,Corporate Auto,Oregon,842.87608,Two-Door Car
NN87570,6057.07208,Bachelor,M,27681.0,83.0,0.0,Corporate Auto,Oregon,398.4,Two-Door Car
PD94315,22256.69368,Bachelor,F,23444.0,196.0,0.0,Corporate Auto,Arizona,940.8,SUV
IN65727,2693.530229,Master,F,63684.0,68.0,0.0,Personal Auto,Washington,343.889585,Two-Door Car
FB76635,4296.604128,College,F,61737.0,107.0,0.0,Personal Auto,Oregon,495.670802,Luxury
RF58958,11624.82149,High School or Below,M,0.0,113.0,0.0,Personal Auto,California,813.6,Four-Door Car
AZ15952,8749.496793,Bachelor,M,52373.0,111.0,0.0,Personal Auto,Oregon,186.160527,Four-Door Car
KP22549,3155.911309,Bachelor,M,58213.0,79.0,0.0,Personal Auto,Oregon,39.714767,Four-Door Car
QC34927,3317.904817,High School or Below,M,74142.0,83.0,0.0,Personal Auto,California,398.4,Two-Door Car
WD87578,7821.188278,High School or Below,F,0.0,109.0,0.0,Personal Auto,Nevada,784.8,Four-Door Car
ER51965,4240.925575,College,M,49746.0,111.0,3.0,Corporate Auto,Washington,589.298521,Four-Door Car
LA53648,8992.779137,High School or Below,F,0.0,129.0,0.0,Personal Auto,California,1059.572464,SUV
FX73249,7304.15545,Bachelor,M,0.0,104.0,0.0,Personal Auto,Oregon,499.2,Four-Door Car
WF53890,5217.513287,Bachelor,F,39854.0,66.0,0.0,Personal Auto,Arizona,261.930545,Two-Door Car
QL35310,2725.356404,Master,F,36650.0,69.0,1.0,Corporate Auto,Nevada,56.60333,Four-Door Car
FY30870,18569.50063,High School or Below,F,32756.0,93.0,0.0,Personal Auto,California,381.118731,Two-Door Car
JF73533,9985.366015,College,M,36268.0,86.0,1.0,Personal Auto,Nevada,531.164627,Four-Door Car
IW70308,8257.666512,Bachelor,F,23815.0,73.0,0.0,Personal Auto,Oregon,424.330166,Four-Door Car
ZS50183,8002.308333,College,F,0.0,107.0,0.0,Corporate Auto,Arizona,513.6,SUV
EU38033,5897.745369,High School or Below,M,39188.0,74.0,0.0,Personal Auto,Nevada,355.2,Four-Door Car
ZJ86769,4686.469674,College,M,58089.0,118.0,0.0,Personal Auto,Nevada,566.4,SUV
JZ90556,5943.07303,High School or Below,F,62120.0,74.0,0.0,Corporate Auto,Oregon,28.31732,Four-Door Car
OQ43721,2648.471057,High School or Below,F,26540.0,69.0,0.0,Personal Auto,Oregon,378.432035,Four-Door Car
NI71089,4650.063763,College,M,28215.0,65.0,0.0,Personal Auto,California,468.0,Two-Door Car
ZF84966,44856.11397,Doctor,F,61675.0,123.0,0.0,Corporate Auto,Nevada,482.550044,SUV
LN11802,26570.34335,Master,M,0.0,100.0,0.0,Personal Auto,California,480.0,Luxury
CG92708,2951.294057,College,F,69600.0,74.0,0.0,Personal Auto,Nevada,341.396161,Four-Door Car
TH59993,2464.510412,College,F,40982.0,62.0,0.0,Corporate Auto,California,106.665934,Four-Door Car
WH76688,5555.830205,Bachelor,M,74015.0,72.0,0.0,Personal Auto,Oregon,471.443077,Four-Door Car
NK82261,3199.703983,High School or Below,M,0.0,94.0,0.0,Personal Auto,California,1121.876091,Two-Door Car
FI93397,2776.317884,Bachelor,F,0.0,79.0,0.0,Personal Auto,Oregon,509.028102,Four-Door Car
FO33051,16355.31386,College,M,29439.0,146.0,0.0,Personal Auto,Arizona,700.8,SUV
ZE40223,7329.889139,College,M,0.0,108.0,0.0,Personal Auto,Oregon,518.4,Luxury
II49996,5555.830205,Bachelor,M,74015.0,72.0,0.0,Personal Auto,Arizona,471.443077,Four-Door Car
AX71707,6383.482152,College,F,67881.0,79.0,0.0,Personal Auto,Arizona,391.039166,Two-Door Car
GF38306,7758.588506,High School or Below,F,96162.0,97.0,0.0,Corporate Auto,Nevada,376.569009,Four-Door Car
TN54884,14932.09982,College,F,39049.0,63.0,0.0,Personal Auto,California,294.75626,Two-Door Car
DD27635,8047.410936,Doctor,M,29808.0,105.0,1.0,Personal Auto,Oregon,52.456587,SUV
NX84287,10861.515,Master,F,65727.0,134.0,0.0,Corporate Auto,California,363.995013,SUV
EO38569,2195.295372,High School or Below,F,0.0,62.0,1.0,Personal Auto,Washington,446.4,Four-Door Car
FF77476,2397.036098,High School or Below,F,22283.0,65.0,0.0,Corporate Auto,California,572.072106,Four-Door Car
CW92156,4070.045873,College,F,37435.0,105.0,0.0,Personal Auto,Washington,314.441585,SUV
XA53408,5578.522348,College,M,27756.0,71.0,0.0,Corporate Auto,Oregon,735.733206,Two-Door Car
CV86445,8139.525579,High School or Below,M,86876.0,68.0,0.0,Personal Auto,Arizona,118.810361,Four-Door Car
TK32843,7444.939419,Bachelor,M,0.0,114.0,0.0,Personal Auto,California,863.861736,Four-Door Car
EV14053,7295.332712,High School or Below,F,34062.0,91.0,0.0,Corporate Auto,California,603.350571,Four-Door Car
IY38767,5325.724541,High School or Below,M,0.0,73.0,0.0,Personal Auto,Oregon,496.474767,Two-Door Car
VJ34494,2442.212317,College,F,0.0,69.0,0.0,Corporate Auto,Washington,331.2,Four-Door Car
SN36487,10307.65258,College,F,78358.0,128.0,0.0,Corporate Auto,Arizona,614.4,SUV
SW88021,2461.797738,Bachelor,F,12222.0,67.0,1.0,Corporate Auto,California,321.6,Two-Door Car
US43945,2521.684392,Bachelor,F,41247.0,64.0,0.0,Personal Auto,California,307.2,Two-Door Car
QC93181,25464.82059,College,F,13663.0,97.0,0.0,Corporate Auto,California,465.6,Four-Door Car
XS89049,2822.591481,College,F,25531.0,74.0,0.0,Personal Auto,Nevada,355.2,Two-Door Car
QR79788,5811.996703,College,M,58643.0,74.0,0.0,Personal Auto,Nevada,329.46648,Four-Door Car
WG51244,21850.34627,Bachelor,M,48107.0,190.0,2.0,Corporate Auto,Oregon,912.0,Luxury
BF56053,9320.240511,Bachelor,F,18643.0,119.0,0.0,Corporate Auto,Washington,571.2,Four-Door Car
AN97123,22305.32351,College,F,0.0,102.0,0.0,Personal Auto,Nevada,401.528957,Two-Door Car
VS30147,22118.81261,Master,M,58645.0,110.0,0.0,Personal Auto,Oregon,427.723646,SUV
FY70464,7218.16275,Bachelor,F,95058.0,177.0,0.0,Personal Auto,Oregon,89.712324,SUV
BG19572,6117.034997,Bachelor,F,0.0,87.0,0.0,Corporate Auto,Washington,1032.609293,Four-Door Car
LR43989,4882.289803,High School or Below,F,19715.0,66.0,4.0,Personal Auto,Oregon,475.2,Four-Door Car
ER10834,2674.07551,Master,F,68787.0,66.0,0.0,Personal Auto,Nevada,105.379402,Four-Door Car
WL46620,7724.678387,Bachelor,M,29056.0,66.0,0.0,Personal Auto,Nevada,355.531267,Two-Door Car
MO27230,4708.203284,College,F,47829.0,117.0,1.0,Personal Auto,Oregon,561.6,SUV
HD32695,4447.423455,Bachelor,F,13128.0,118.0,0.0,Personal Auto,Arizona,771.878514,Four-Door Car
ED89934,4823.558028,College,F,58946.0,121.0,0.0,Personal Auto,California,486.720776,SUV
WU63862,5420.361822,College,M,31614.0,71.0,0.0,Personal Auto,Oregon,234.683628,Four-Door Car
EW27959,7583.141211,Bachelor,F,44667.0,65.0,0.0,Personal Auto,California,245.661376,Four-Door Car
IG15771,3852.425156,College,M,0.0,111.0,0.0,Personal Auto,Oregon,937.824847,Four-Door Car
PJ84431,7647.451823,High School or Below,M,91512.0,189.0,0.0,Personal Auto,California,907.2,Luxury
RW46214,5229.68034,High School or Below,F,26540.0,69.0,1.0,Personal Auto,Oregon,331.2,Four-Door Car
VP91482,3614.078436,Bachelor,M,0.0,103.0,0.0,Personal Auto,Oregon,741.6,SUV
DZ48278,2853.512645,High School or Below,M,38798.0,72.0,0.0,Personal Auto,Nevada,332.945455,Four-Door Car
HC37968,8543.325539,Bachelor,F,0.0,117.0,0.0,Personal Auto,Oregon,561.6,Luxury
CQ15251,5150.416511,Bachelor,F,65629.0,64.0,0.0,Personal Auto,Oregon,89.411365,Four-Door Car
QD36906,8723.667123,Master,F,33291.0,73.0,1.0,Personal Auto,Nevada,172.226165,Four-Door Car
BG95711,16477.47799,College,F,57264.0,84.0,1.0,Personal Auto,California,129.249842,Four-Door Car
HR44460,26338.58626,Bachelor,F,60970.0,110.0,0.0,Personal Auto,California,94.496547,SUV
NE57101,4244.470352,College,M,34220.0,109.0,1.0,Corporate Auto,Oregon,523.2,SUV
UQ34669,5757.442258,Master,M,88997.0,72.0,0.0,Personal Auto,Arizona,174.041566,Four-Door Car
BL42392,4826.831451,Doctor,M,18779.0,63.0,0.0,Personal Auto,Arizona,215.255721,Four-Door Car
WC52068,8092.87696,College,M,50825.0,102.0,0.0,Corporate Auto,Oregon,369.614729,SUV
GB20532,3011.270628,High School or Below,M,0.0,86.0,0.0,Personal Auto,Arizona,569.130423,Four-Door Car
XS74432,8663.919296,High School or Below,F,29218.0,72.0,0.0,Personal Auto,California,502.369442,Four-Door Car
YA10507,2471.528431,High School or Below,M,95697.0,61.0,0.0,Special Auto,California,114.273025,Two-Door Car
NL59273,5627.297887,Doctor,F,61486.0,70.0,0.0,Personal Auto,Oregon,334.13351,Two-Door Car
BZ81849,7494.087341,Bachelor,F,0.0,68.0,0.0,Personal Auto,Arizona,326.4,Four-Door Car
MF83904,5452.625449,Bachelor,F,17723.0,72.0,0.0,Personal Auto,Oregon,345.6,Two-Door Car
MH14039,2592.437797,High School or Below,M,72421.0,65.0,0.0,Personal Auto,California,312.0,Four-Door Car
XJ26467,6721.893743,College,F,36510.0,84.0,0.0,Personal Auto,California,286.781601,Four-Door Car
BC53546,5500.576161,Bachelor,M,35396.0,70.0,0.0,Personal Auto,Oregon,336.0,Two-Door Car
KB58189,2550.659053,College,F,69230.0,63.0,0.0,Special Auto,Oregon,283.241868,Four-Door Car
FF31523,7771.582097,Master,F,28054.0,195.0,1.0,Corporate Auto,Washington,571.663256,SUV
EE98024,4236.301454,College,F,25866.0,109.0,0.0,Personal Auto,California,523.2,Four-Door Car
QA50777,9025.067525,Bachelor,F,23675.0,117.0,0.0,Personal Auto,Oregon,707.925645,Four-Door Car
HW36182,2615.911934,Master,M,0.0,71.0,0.0,Personal Auto,California,340.8,Two-Door Car
SB64064,2396.219292,Bachelor,F,0.0,66.0,2.0,Personal Auto,Nevada,433.160284,Four-Door Car
MY60905,4784.416267,Bachelor,F,0.0,68.0,0.0,Personal Auto,California,326.4,Two-Door Car
FB77856,3873.647046,College,M,28142.0,105.0,0.0,Personal Auto,Nevada,701.708239,Luxury
XQ93931,7806.137458,College,M,23706.0,68.0,1.0,Corporate Auto,Oregon,326.4,Four-Door Car
WA74455,4717.625727,College,M,0.0,131.0,0.0,Personal Auto,Arizona,628.8,SUV
GK98989,5625.908671,Bachelor,M,0.0,85.0,0.0,Corporate Auto,Washington,872.203927,Four-Door Car
VA35421,5182.941518,Master,F,83527.0,64.0,1.0,Personal Auto,Nevada,39.127298,Two-Door Car
BB41401,6005.214792,High School or Below,M,26876.0,76.0,0.0,Personal Auto,Arizona,364.8,Four-Door Car
RQ16234,9837.507586,High School or Below,F,55099.0,122.0,0.0,Corporate Auto,Arizona,260.265417,Luxury
DO83789,5206.028448,College,F,71661.0,65.0,0.0,Personal Auto,Arizona,312.0,Four-Door Car
AK46006,36293.14678,Bachelor,M,18047.0,242.0,0.0,Personal Auto,Oregon,1350.379181,Luxury
CJ59481,2837.109178,College,M,90893.0,70.0,0.0,Personal Auto,Washington,70.712507,Two-Door Car
JL86651,11785.04181,College,M,90016.0,102.0,4.0,Personal Auto,Nevada,20.405935,Four-Door Car
AN32867,3124.933827,Bachelor,M,81285.0,81.0,2.0,Personal Auto,California,441.765368,Four-Door Car
AC67315,13862.10016,Bachelor,F,96950.0,115.0,0.0,Personal Auto,Nevada,633.132017,Luxury
XN90444,8200.269735,Doctor,M,24814.0,69.0,0.0,Special Auto,California,331.2,Two-Door Car
CZ72326,8456.268179,High School or Below,F,0.0,90.0,3.0,Corporate Auto,Oregon,648.0,Two-Door Car
FG18525,2124.173841,Bachelor,M,0.0,61.0,1.0,Personal Auto,Nevada,60.5975,Two-Door Car
HC25359,9045.111945,Master,F,52572.0,113.0,0.0,Personal Auto,Oregon,441.623031,Four-Door Car
SM39580,3187.351993,Doctor,M,0.0,85.0,0.0,Corporate Auto,Arizona,595.160486,Two-Door Car
UU81720,8113.962284,High School or Below,F,41701.0,68.0,0.0,Corporate Auto,California,64.646458,Four-Door Car
WO53546,34039.05613,College,M,0.0,104.0,0.0,Personal Auto,Oregon,499.2,Luxury
UH76249,9087.586819,High School or Below,M,0.0,80.0,0.0,Corporate Auto,Arizona,384.0,Four-Door Car
YP79029,12519.79639,Bachelor,M,34179.0,107.0,0.0,Corporate Auto,California,770.4,Luxury
HS79851,6057.07208,Bachelor,M,27681.0,83.0,0.0,Personal Auto,Oregon,398.4,Two-Door Car
YR49519,4967.044248,Bachelor,M,0.0,73.0,0.0,Corporate Auto,Arizona,359.35328,Four-Door Car
AN21193,6933.335325,Bachelor,F,0.0,70.0,1.0,Personal Auto,Washington,504.0,Four-Door Car
TS98462,22399.12944,High School or Below,F,78494.0,69.0,0.0,Personal Auto,Washington,78.189401,Two-Door Car
OB11898,2162.417356,College,F,0.0,66.0,2.0,Personal Auto,Nevada,316.8,Two-Door Car
RS85283,21776.5819,Bachelor,M,56044.0,182.0,0.0,Personal Auto,Oregon,952.849701,SUV
NW19960,9095.049868,College,M,37937.0,116.0,0.0,Personal Auto,Oregon,556.8,SUV
AI11191,4228.248035,High School or Below,F,77853.0,106.0,0.0,Personal Auto,Arizona,165.237444,SUV
PF24757,6521.368813,College,F,72608.0,82.0,3.0,Personal Auto,Arizona,393.6,Four-Door Car
NY20756,10209.02324,High School or Below,M,36568.0,128.0,0.0,Personal Auto,California,978.621302,SUV
EU98982,7600.443798,High School or Below,M,0.0,110.0,2.0,Personal Auto,Arizona,796.987409,SUV
GL54755,3894.623983,Bachelor,F,59578.0,98.0,1.0,Corporate Auto,Washington,403.67601,Four-Door Car
UF13251,8510.758196,High School or Below,M,26032.0,109.0,0.0,Personal Auto,Oregon,638.098653,SUV
HK16676,2712.832687,High School or Below,M,39618.0,68.0,0.0,Corporate Auto,Oregon,326.4,Four-Door Car
KF80571,2258.793954,High School or Below,M,0.0,65.0,0.0,Personal Auto,Arizona,625.483498,Four-Door Car
XB43418,4815.851943,College,M,59438.0,124.0,0.0,Special Auto,California,562.667789,SUV
IA78643,8007.399376,High School or Below,F,0.0,112.0,0.0,Personal Auto,Washington,537.6,Luxury
RI97135,3008.969524,Bachelor,M,0.0,87.0,0.0,Personal Auto,Washington,401.484738,Four-Door Car
HZ52656,2530.705137,Bachelor,F,89451.0,63.0,0.0,Personal Auto,Washington,61.769564,Four-Door Car
BM71358,10787.11572,High School or Below,M,44695.0,91.0,0.0,Personal Auto,Arizona,147.954285,Four-Door Car
DJ42087,11923.75365,High School or Below,F,24581.0,101.0,0.0,Personal Auto,California,484.8,Four-Door Car
NV98267,5186.359717,Bachelor,M,0.0,73.0,1.0,Personal Auto,Arizona,194.944319,Four-Door Car
YD27780,10103.64886,Bachelor,F,72334.0,129.0,3.0,Corporate Auto,Arizona,412.829624,SUV
DZ38951,6438.995346,High School or Below,M,19831.0,83.0,0.0,Personal Auto,Oregon,398.4,Four-Door Car
VO84133,3909.636524,High School or Below,M,40361.0,98.0,0.0,Personal Auto,California,71.169255,Four-Door Car
FP86246,13211.01092,Bachelor,M,74656.0,111.0,0.0,Personal Auto,California,504.365927,Four-Door Car
YA37626,14616.36817,Master,M,25358.0,126.0,0.0,Personal Auto,Oregon,750.58561,SUV
XW54288,3732.345012,Bachelor,M,35461.0,95.0,1.0,Corporate Auto,California,9.214343,Four-Door Car
ET81343,8750.643581,Doctor,M,59047.0,76.0,3.0,Personal Auto,California,364.8,Four-Door Car
CW57351,10662.63422,College,F,62409.0,89.0,0.0,Personal Auto,Nevada,392.686432,Four-Door Car
EV39201,3861.486269,College,F,93272.0,95.0,0.0,Personal Auto,California,281.110788,Four-Door Car
YV40022,9807.829589,College,F,0.0,135.0,0.0,Personal Auto,California,970.456654,Luxury
IX44049,3252.828464,Bachelor,M,20166.0,83.0,0.0,Personal Auto,Oregon,398.4,Two-Door Car
DI51103,2711.899826,High School or Below,F,0.0,74.0,0.0,Personal Auto,Washington,355.2,Four-Door Car
AS78838,2453.570794,Bachelor,M,29735.0,69.0,0.0,Personal Auto,California,331.2,Four-Door Car
YJ16399,11228.28966,High School or Below,M,0.0,64.0,0.0,Corporate Auto,California,772.83851,Four-Door Car
LH52773,23020.89147,High School or Below,F,97460.0,114.0,0.0,Personal Auto,California,660.135987,SUV
XF99212,2458.447909,College,M,57564.0,63.0,1.0,Personal Auto,Arizona,302.4,Two-Door Car
CL52383,11160.07706,Bachelor,F,33232.0,94.0,0.0,Special Auto,Arizona,435.527845,Four-Door Car
DD28380,13118.74322,College,F,11854.0,113.0,0.0,Personal Auto,Arizona,807.721213,Four-Door Car
CP87192,6120.185345,College,F,23843.0,79.0,0.0,Personal Auto,California,344.693511,Four-Door Car
MH43755,13881.03947,College,F,17961.0,181.0,0.0,Personal Auto,Arizona,476.707749,Luxury
KT38145,4787.472973,College,F,0.0,64.0,0.0,Personal Auto,California,360.110955,Four-Door Car
FU65756,8177.048957,College,F,54695.0,103.0,0.0,Personal Auto,Arizona,494.4,SUV
YG92601,3309.248219,College,M,85632.0,82.0,0.0,Personal Auto,California,7.2574,Two-Door Car
MZ63755,14635.45158,Bachelor,F,0.0,139.0,0.0,Personal Auto,California,667.2,SUV
BI33231,5120.615661,High School or Below,F,0.0,76.0,4.0,Personal Auto,California,277.220384,Four-Door Car
ZD71862,19253.03441,High School or Below,F,39895.0,160.0,0.0,Personal Auto,Oregon,765.591167,SUV
VT87641,6646.749298,Bachelor,F,95815.0,82.0,0.0,Personal Auto,Washington,393.6,Four-Door Car
TN61016,8742.472473,High School or Below,F,37224.0,74.0,0.0,Personal Auto,California,355.2,Four-Door Car
PX27645,8467.369513,Bachelor,M,0.0,122.0,0.0,Personal Auto,California,1100.088685,SUV
IS53899,6992.531494,College,F,94652.0,86.0,0.0,Personal Auto,Nevada,412.8,Four-Door Car
KC69320,13037.03339,Bachelor,F,28582.0,112.0,0.0,Personal Auto,Arizona,537.6,Luxury
WR86431,10883.78785,High School or Below,F,91123.0,138.0,3.0,Corporate Auto,Nevada,103.462381,SUV
TY27229,9114.276632,Bachelor,M,85942.0,116.0,2.0,Personal Auto,Arizona,79.340118,Four-Door Car
LC42182,30442.53824,High School or Below,F,64321.0,253.0,0.0,Personal Auto,Nevada,422.438297,Luxury
SZ64974,5104.354719,Doctor,M,77025.0,64.0,2.0,Personal Auto,Arizona,380.917107,Two-Door Car
AH89786,2174.111987,High School or Below,M,16997.0,65.0,3.0,Personal Auto,Oregon,468.0,Two-Door Car
QO70290,9890.210998,Bachelor,M,52408.0,125.0,0.0,Personal Auto,California,179.125777,Luxury
IR78670,8719.125849,Bachelor,M,0.0,116.0,1.0,Personal Auto,California,556.8,Four-Door Car
OU24549,8516.751366,Bachelor,M,37573.0,112.0,3.0,Corporate Auto,Nevada,537.6,SUV
OO96263,11606.84868,High School or Below,F,45893.0,97.0,0.0,Personal Auto,Nevada,465.6,Two-Door Car
SY86059,3731.504584,High School or Below,F,0.0,96.0,0.0,Corporate Auto,California,460.8,Four-Door Car
JZ76788,3303.090814,College,M,29385.0,88.0,2.0,Personal Auto,Nevada,422.4,Two-Door Car
AB23825,8888.875454,College,M,21509.0,81.0,1.0,Personal Auto,California,413.492922,Two-Door Car
BH61137,8173.50314,Bachelor,F,68144.0,70.0,4.0,Personal Auto,Arizona,336.0,Four-Door Car
QW21716,4923.950434,Bachelor,M,31093.0,63.0,0.0,Personal Auto,Nevada,302.4,Four-Door Car
IU95336,2823.501795,High School or Below,M,24350.0,73.0,3.0,Corporate Auto,Arizona,350.4,Four-Door Car
TY22591,7824.372789,College,M,32823.0,100.0,0.0,Personal Auto,Washington,480.0,SUV
VR18539,8311.854644,College,M,44843.0,105.0,0.0,Personal Auto,Washington,391.419263,SUV
GD89605,5384.532684,Master,F,59364.0,67.0,0.0,Corporate Auto,Oregon,321.6,Four-Door Car
RD47708,3978.665051,College,M,39101.0,99.0,0.0,Personal Auto,Oregon,167.174678,Four-Door Car
XH47201,6237.507291,High School or Below,M,0.0,90.0,1.0,Personal Auto,California,432.0,Two-Door Car
TW62773,6969.880958,High School or Below,F,27604.0,92.0,1.0,Corporate Auto,Washington,441.6,Two-Door Car
QP77560,5024.029643,High School or Below,F,91603.0,64.0,5.0,Personal Auto,California,307.2,Four-Door Car
QV66305,8414.080425,Master,F,59828.0,104.0,0.0,Personal Auto,Washington,499.2,SUV
WC83676,2801.562831,College,M,33247.0,72.0,0.0,Special Auto,Nevada,284.956298,Four-Door Car
QD98396,5010.917847,College,M,45867.0,126.0,0.0,Personal Auto,California,604.8,Luxury
AM36670,4997.780688,College,F,54827.0,64.0,0.0,Personal Auto,California,132.947215,Four-Door Car
CJ78727,2236.085718,Bachelor,F,0.0,64.0,3.0,Corporate Auto,California,307.2,Two-Door Car
GN61665,10934.73726,Bachelor,M,47170.0,139.0,0.0,Corporate Auto,Arizona,667.2,Luxury
HY49431,3289.132998,Bachelor,F,21947.0,83.0,0.0,Personal Auto,California,366.90936,Four-Door Car
IK82336,14014.10119,College,F,39018.0,117.0,0.0,Personal Auto,Oregon,561.6,SUV
WA16954,5604.330774,Master,M,20252.0,71.0,0.0,Personal Auto,Arizona,198.227061,Four-Door Car
QD69852,2912.235077,Bachelor,M,0.0,88.0,0.0,Personal Auto,Oregon,633.6,Four-Door Car
XG47945,5616.845326,Master,M,48602.0,70.0,0.0,Corporate Auto,Oregon,487.884823,Two-Door Car
UV57184,7504.685954,Bachelor,F,97849.0,62.0,0.0,Special Auto,California,183.117146,Four-Door Car
JU55710,3746.751625,College,F,41479.0,94.0,1.0,Personal Auto,Oregon,19.575683,Two-Door Car
PT50287,2959.819985,Bachelor,F,69746.0,74.0,0.0,Personal Auto,Oregon,225.032781,Four-Door Car
AB73565,7725.535708,Bachelor,M,96748.0,96.0,0.0,Personal Auto,California,460.8,Two-Door Car
PK20739,13248.63735,Bachelor,M,25074.0,112.0,0.0,Personal Auto,Oregon,537.6,Two-Door Car
XI85062,2717.781848,Master,M,66463.0,68.0,0.0,Personal Auto,Nevada,326.4,Two-Door Car
KA77514,2734.149158,High School or Below,M,34865.0,69.0,0.0,Corporate Auto,Washington,255.946801,Four-Door Car
ND80148,9199.388961,College,M,37399.0,116.0,0.0,Personal Auto,California,392.826082,Four-Door Car
AK72422,29049.71315,College,M,21070.0,195.0,0.0,Corporate Auto,California,1404.0,Luxury
LN49978,4956.620638,Bachelor,F,31562.0,66.0,4.0,Personal Auto,Oregon,316.8,Four-Door Car
RZ80299,5574.959174,Master,F,54684.0,71.0,2.0,Personal Auto,California,487.070965,Four-Door Car
QU53781,9192.592887,High School or Below,M,37388.0,117.0,0.0,Corporate Auto,Oregon,561.6,SUV
MD70013,3878.770231,Bachelor,F,84981.0,96.0,0.0,Personal Auto,Nevada,4.719043,Four-Door Car
QD97878,4419.116971,Master,M,24046.0,116.0,0.0,Personal Auto,Nevada,556.8,Two-Door Car
WK24299,4772.943848,High School or Below,M,20993.0,133.0,0.0,Personal Auto,California,638.4,SUV
RJ45123,9101.523916,College,M,48029.0,116.0,0.0,Personal Auto,Oregon,556.8,SUV
HM33037,7609.089616,Bachelor,M,16233.0,197.0,0.0,Personal Auto,Arizona,1418.4,Luxury
QY70905,2668.662697,College,M,30718.0,67.0,1.0,Personal Auto,Arizona,321.6,Two-Door Car
YL86561,5141.976413,High School or Below,M,60277.0,65.0,0.0,Personal Auto,Oregon,146.390518,Four-Door Car
LK40971,7451.49202,Bachelor,M,0.0,107.0,0.0,Personal Auto,California,770.4,SUV
UI44314,2620.167098,Bachelor,M,31911.0,68.0,0.0,Personal Auto,Arizona,245.893663,Four-Door Car
NN44612,4909.844198,Bachelor,F,61402.0,62.0,0.0,Personal Auto,Nevada,252.157829,Two-Door Car
MA37431,8023.075248,College,F,34335.0,101.0,0.0,Corporate Auto,California,484.8,Two-Door Car
DP57381,20446.6023,College,M,71467.0,86.0,0.0,Personal Auto,Nevada,324.879569,Two-Door Car
PX45824,4966.848441,College,M,0.0,74.0,0.0,Personal Auto,Washington,532.8,Four-Door Car
OG17838,3549.016697,High School or Below,M,36168.0,90.0,0.0,Personal Auto,Washington,432.0,Four-Door Car
WG37485,5350.367001,College,F,58357.0,137.0,2.0,Personal Auto,Oregon,708.220713,Luxury
RV95842,8065.234637,College,M,29692.0,77.0,0.0,Personal Auto,California,449.352139,Four-Door Car
NG13451,7892.824093,High School or Below,M,29215.0,67.0,0.0,Personal Auto,Oregon,327.656191,Four-Door Car
UQ82778,4540.9925,High School or Below,F,0.0,61.0,0.0,Personal Auto,Oregon,486.121464,Two-Door Car
ZG16710,2852.527169,High School or Below,M,26841.0,74.0,1.0,Personal Auto,Washington,418.534381,Four-Door Car
OT53330,10720.41744,Bachelor,F,34837.0,139.0,1.0,Personal Auto,Arizona,667.2,SUV
LZ12396,4795.387295,Bachelor,F,33068.0,61.0,1.0,Personal Auto,Arizona,213.038013,Four-Door Car
UU77151,5182.393447,College,F,44820.0,133.0,3.0,Personal Auto,Washington,336.13217,Luxury
CD71877,22620.74841,Bachelor,F,49564.0,193.0,0.0,Corporate Auto,Nevada,286.370988,Luxury
PA95799,2320.750557,College,M,19581.0,61.0,0.0,Personal Auto,Arizona,377.24342,Four-Door Car
FK28721,7714.650119,High School or Below,M,0.0,74.0,0.0,Corporate Auto,Oregon,532.8,Two-Door Car
CM42637,7880.337212,Bachelor,M,23129.0,70.0,0.0,Personal Auto,Oregon,491.65337,Four-Door Car
CI47242,9029.940704,Bachelor,M,0.0,138.0,0.0,Personal Auto,Washington,1376.958592,SUV
FE46445,6965.423975,High School or Below,F,25411.0,86.0,0.0,Personal Auto,Arizona,242.807725,Four-Door Car
PD32854,15114.40241,High School or Below,F,28513.0,100.0,1.0,Personal Auto,Arizona,480.0,SUV
GV35061,22523.7063,High School or Below,M,69346.0,63.0,1.0,Special Auto,Oregon,246.284609,Two-Door Car
BG44829,10760.17612,High School or Below,F,74835.0,133.0,0.0,Corporate Auto,Oregon,107.645982,SUV
RH83684,5808.932598,Master,F,43282.0,72.0,0.0,Personal Auto,Oregon,166.799814,Two-Door Car
SB82356,30591.61257,Bachelor,F,11276.0,91.0,1.0,Corporate Auto,Nevada,436.8,Four-Door Car
TW49116,2220.187426,College,M,0.0,62.0,2.0,Personal Auto,Nevada,311.506082,Four-Door Car
RJ39700,4914.035833,Bachelor,M,10037.0,71.0,0.0,Personal Auto,Oregon,292.181494,Four-Door Car
LO40410,2395.57,Doctor,F,21986.0,63.0,0.0,Personal Auto,Oregon,333.696228,Two-Door Car
SX85653,5522.524223,Doctor,F,85609.0,136.0,0.0,Personal Auto,Arizona,652.8,SUV
PH91033,15808.75757,College,M,86347.0,130.0,0.0,Personal Auto,Oregon,593.779554,Luxury
LC69427,2827.328603,College,F,20368.0,72.0,0.0,Corporate Auto,Oregon,345.6,Four-Door Car
MZ85889,5421.524497,Master,F,25778.0,68.0,0.0,Corporate Auto,California,20.141289,Two-Door Car
GL82358,2514.59196,High School or Below,F,43860.0,65.0,0.0,Corporate Auto,Nevada,156.124914,Four-Door Car
AM94127,5157.642282,College,M,93303.0,65.0,0.0,Corporate Auto,Oregon,40.757983,Four-Door Car
TO19482,4874.665223,High School or Below,M,67467.0,61.0,0.0,Personal Auto,Oregon,365.879938,Two-Door Car
WA68850,4198.02525,High School or Below,M,30598.0,106.0,0.0,Personal Auto,Arizona,508.8,SUV
ER97256,5380.898636,College,F,55350.0,67.0,0.0,Personal Auto,Arizona,321.6,Four-Door Car
CK85904,13466.92071,High School or Below,F,11432.0,119.0,0.0,Corporate Auto,California,571.2,SUV
GH30325,2424.424678,College,M,27093.0,61.0,0.0,Personal Auto,Oregon,292.8,Four-Door Car
LG98245,3823.853815,Bachelor,M,0.0,108.0,0.0,Personal Auto,Nevada,777.6,SUV
KW31376,13883.32934,High School or Below,F,0.0,197.0,0.0,Corporate Auto,Oregon,1418.4,Luxury
XZ45224,2438.533897,College,F,38961.0,62.0,0.0,Corporate Auto,Oregon,297.6,Two-Door Car
HD56196,34090.03598,Doctor,F,51840.0,94.0,0.0,Corporate Auto,Oregon,33.747903,Two-Door Car
EM39400,2840.302575,Bachelor,M,79181.0,72.0,0.0,Personal Auto,Nevada,241.277426,Four-Door Car
FP39090,24127.50402,Bachelor,M,14072.0,71.0,0.0,Special Auto,Oregon,511.2,Four-Door Car
CE17166,7596.143777,College,M,56225.0,97.0,0.0,Personal Auto,California,465.6,Four-Door Car
HF67477,15096.27023,High School or Below,M,14909.0,199.0,0.0,Personal Auto,Washington,1238.077611,Luxury
GJ79432,6005.214792,High School or Below,M,26876.0,76.0,0.0,Personal Auto,Nevada,364.8,Four-Door Car
ZE17448,3455.23067,College,M,68401.0,88.0,0.0,Personal Auto,Oregon,242.254164,Four-Door Car
SK65854,5728.581037,College,F,29730.0,72.0,0.0,Personal Auto,Nevada,463.21435,Four-Door Car
RT23641,5163.228365,High School or Below,F,35577.0,130.0,0.0,Personal Auto,Oregon,574.51239,SUV
PY79113,2602.650842,Master,M,41958.0,66.0,1.0,Corporate Auto,California,206.818326,Four-Door Car
EP61197,32643.07651,Master,F,77915.0,115.0,0.0,Personal Auto,Oregon,552.0,Four-Door Car
IL12516,2789.74739,Bachelor,F,15514.0,74.0,0.0,Corporate Auto,Oregon,355.2,Four-Door Car
BF55854,11250.09857,College,F,29505.0,284.0,0.0,Personal Auto,Nevada,1979.444237,Luxury
GP19791,16510.96722,College,F,31356.0,68.0,0.0,Personal Auto,California,326.4,Two-Door Car
II16403,7607.983712,College,F,31456.0,199.0,0.0,Personal Auto,California,436.695385,Luxury
SS28002,5603.73932,High School or Below,F,95284.0,69.0,0.0,Personal Auto,Arizona,327.647322,Four-Door Car
VT97066,6674.44805,High School or Below,M,0.0,98.0,0.0,Personal Auto,Nevada,931.648937,Two-Door Car
FH97700,4049.415027,Bachelor,F,62864.0,104.0,0.0,Personal Auto,Washington,171.213743,Two-Door Car
NB96938,4958.016206,College,M,22842.0,65.0,0.0,Personal Auto,Oregon,468.0,Four-Door Car
HY32811,7850.128057,Bachelor,F,67186.0,66.0,0.0,Personal Auto,California,184.936711,Four-Door Car
MB69465,6382.583452,High School or Below,M,0.0,87.0,0.0,Personal Auto,Arizona,417.6,Four-Door Car
LE12086,5737.499595,College,F,68946.0,71.0,0.0,Personal Auto,Oregon,309.627788,Four-Door Car
IO89174,7688.023506,Bachelor,F,56680.0,100.0,2.0,Personal Auto,Oregon,480.0,SUV
DB26077,4873.436612,High School or Below,F,18866.0,126.0,0.0,Personal Auto,Arizona,604.8,SUV
NB98740,2824.681217,High School or Below,F,82875.0,70.0,0.0,Personal Auto,California,455.337179,Four-Door Car
EL82767,3722.368016,College,F,0.0,109.0,2.0,Personal Auto,Arizona,523.2,SUV
AK54675,5535.963648,Bachelor,F,84863.0,138.0,0.0,Corporate Auto,California,691.697458,SUV
EW67766,4727.8341,College,F,0.0,127.0,0.0,Personal Auto,California,609.6,SUV
JS36743,2378.667328,Bachelor,M,54753.0,61.0,0.0,Personal Auto,California,292.8,Four-Door Car
TV20901,9337.895228,College,F,76381.0,116.0,0.0,Special Auto,California,556.8,Two-Door Car
LQ20969,6189.994337,Bachelor,M,59523.0,78.0,1.0,Personal Auto,California,343.789779,Four-Door Car
BZ33435,5638.262608,Bachelor,F,56017.0,71.0,0.0,Corporate Auto,Arizona,51.995897,Four-Door Car
OA55110,5264.361755,Master,M,14306.0,74.0,3.0,Corporate Auto,Arizona,355.061143,Four-Door Car
YJ42538,4035.68383,Bachelor,F,21359.0,101.0,0.0,Personal Auto,Arizona,484.8,Luxury
XB64207,4117.4697,Bachelor,F,86101.0,102.0,0.0,Personal Auto,Arizona,344.736945,SUV
KZ80424,8382.478392,Bachelor,M,25998.0,71.0,0.0,Personal Auto,Washington,791.878042,Four-Door Car
BC34309,2435.147986,Master,F,64341.0,61.0,0.0,Personal Auto,California,79.934072,Four-Door Car
JC34468,6599.081932,High School or Below,F,36060.0,165.0,0.0,Special Auto,California,774.558233,Luxury
ON34922,5353.932122,High School or Below,M,61894.0,67.0,0.0,Personal Auto,Oregon,266.996814,Four-Door Car
MQ93707,6747.524275,High School or Below,M,26721.0,65.0,3.0,Personal Auto,Oregon,312.0,Four-Door Car
SY28542,7412.135256,Bachelor,F,59940.0,94.0,0.0,Personal Auto,Nevada,303.098944,Four-Door Car
RA29518,5512.342258,Master,M,45971.0,138.0,0.0,Special Auto,Washington,139.826393,SUV
No34698,4015.34005,Bachelor,M,80055.0,100.0,0.0,Corporate Auto,Oregon,121.945071,SUV
VK37392,7772.473464,College,M,58345.0,98.0,0.0,Personal Auto,Arizona,346.971517,Four-Door Car
LJ43082,4638.945365,College,F,0.0,71.0,3.0,Personal Auto,Oregon,143.276484,Two-Door Car
FI90697,10507.50144,Bachelor,M,76549.0,132.0,0.0,Personal Auto,Oregon,616.349424,SUV
DR93103,17556.99121,Master,F,36212.0,73.0,0.0,Personal Auto,Arizona,119.033795,Two-Door Car
XR37151,9103.700091,Bachelor,F,0.0,131.0,0.0,Personal Auto,California,628.8,Luxury
ZZ43513,13110.54899,High School or Below,M,73597.0,114.0,5.0,Personal Auto,California,485.183645,SUV
QW81912,8006.219948,High School or Below,F,63762.0,99.0,0.0,Personal Auto,California,108.161276,Four-Door Car
AZ50087,6807.271588,Bachelor,M,32787.0,86.0,0.0,Personal Auto,California,568.58486,Two-Door Car
HQ87008,2627.610202,Bachelor,F,94962.0,67.0,4.0,Personal Auto,California,321.6,Two-Door Car
FM30352,9095.744565,High School or Below,F,0.0,256.0,0.0,Personal Auto,Oregon,1943.772393,Luxury
PD30266,5015.643575,College,F,73809.0,125.0,0.0,Special Auto,California,537.315879,SUV
GA50461,4726.869327,Bachelor,F,13037.0,124.0,0.0,Personal Auto,Oregon,839.348464,SUV
FY84962,3059.182181,High School or Below,M,0.0,88.0,0.0,Personal Auto,California,989.200247,Four-Door Car
GT14584,4122.569957,College,F,75272.0,103.0,0.0,Personal Auto,Oregon,71.647924,SUV
IA87250,2620.903729,Master,F,39278.0,66.0,0.0,Personal Auto,Arizona,65.590217,Four-Door Car
MM67983,4938.893241,Bachelor,M,36913.0,62.0,0.0,Personal Auto,Oregon,90.569696,Four-Door Car
MW40110,4691.043597,Bachelor,M,0.0,74.0,1.0,Personal Auto,California,407.218947,Four-Door Car
SH93005,6005.847375,College,M,13528.0,86.0,0.0,Personal Auto,California,412.8,Four-Door Car
KD69941,4941.650159,Bachelor,M,0.0,137.0,0.0,Personal Auto,California,986.4,SUV
JV38934,2254.402024,Bachelor,F,0.0,65.0,1.0,Personal Auto,Washington,768.797656,Four-Door Car
XI16714,2554.032052,High School or Below,F,0.0,72.0,0.0,Corporate Auto,Arizona,405.804184,Four-Door Car
DG68667,8123.955566,Doctor,M,12617.0,108.0,0.0,Personal Auto,Arizona,648.925597,SUV
AR40217,19079.09518,High School or Below,F,42754.0,65.0,4.0,Personal Auto,Oregon,279.715067,Two-Door Car
IM73868,10461.58298,College,M,0.0,155.0,0.0,Corporate Auto,Oregon,1116.0,Luxury
BR44176,4669.22664,High School or Below,F,76157.0,116.0,0.0,Personal Auto,California,556.8,Two-Door Car
MY51849,4903.810606,Bachelor,F,0.0,66.0,0.0,Personal Auto,Oregon,469.6093,Four-Door Car
FQ61281,83325.38119,High School or Below,M,58958.0,231.0,0.0,Personal Auto,Oregon,1108.8,Luxury
NJ72300,8009.028202,Bachelor,F,0.0,107.0,0.0,Personal Auto,Oregon,740.963933,SUV
YO81740,23895.6779,Bachelor,F,0.0,98.0,0.0,Personal Auto,Oregon,705.6,Four-Door Car
WM25415,7732.385103,High School or Below,F,34430.0,65.0,0.0,Personal Auto,Oregon,184.958966,Two-Door Car
GU41036,9416.28441,High School or Below,M,13411.0,127.0,0.0,Personal Auto,Oregon,609.6,SUV
NN66592,5923.518828,Bachelor,M,73758.0,74.0,0.0,Personal Auto,California,301.562622,Four-Door Car
TO29918,3833.066768,High School or Below,F,0.0,116.0,2.0,Personal Auto,California,1397.954723,Luxury
PF53601,28432.00202,Bachelor,M,17130.0,198.0,0.0,Special Auto,Oregon,950.4,Luxury
TF61492,5553.756551,College,F,0.0,92.0,3.0,Personal Auto,Washington,662.4,Four-Door Car
PD52748,10036.53634,High School or Below,F,0.0,134.0,1.0,Personal Auto,Oregon,1353.28906,SUV
TF68928,6575.53817,Bachelor,M,10517.0,92.0,0.0,Personal Auto,Arizona,441.540848,Four-Door Car
VZ79366,4362.931238,College,M,58842.0,110.0,0.0,Personal Auto,California,528.0,Four-Door Car
SQ53118,7873.708219,College,M,22355.0,71.0,3.0,Personal Auto,California,340.8,Four-Door Car
QZ56257,13021.0853,High School or Below,F,0.0,223.0,5.0,Personal Auto,Washington,1605.6,Luxury
ZI34278,4492.23348,Bachelor,F,21137.0,61.0,1.0,Personal Auto,Arizona,292.8,Four-Door Car
ZB82406,6650.456653,Bachelor,F,0.0,99.0,2.0,Personal Auto,Oregon,712.8,Four-Door Car
OP93305,11093.71591,High School or Below,M,78255.0,95.0,0.0,Personal Auto,California,456.0,Four-Door Car
CK31454,5107.163002,Bachelor,F,35625.0,65.0,1.0,Special Auto,Arizona,288.572108,Four-Door Car
FX81675,7334.328083,College,F,87957.0,61.0,0.0,Personal Auto,California,308.321335,Four-Door Car
BK85520,4996.564694,College,F,25915.0,64.0,0.0,Corporate Auto,Oregon,317.979988,Two-Door Car
KB18303,8658.863813,College,M,62464.0,109.0,0.0,Corporate Auto,California,400.181882,Luxury
GX47381,9657.579498,High School or Below,M,0.0,131.0,0.0,Corporate Auto,California,628.8,SUV
RX31862,6176.700392,High School or Below,M,49529.0,78.0,0.0,Personal Auto,California,234.723464,Two-Door Car
YQ58965,2867.312197,Bachelor,F,23376.0,78.0,0.0,Personal Auto,California,374.4,Four-Door Car
HG60406,2821.448707,College,M,0.0,81.0,0.0,Personal Auto,California,583.2,Four-Door Car
BC52397,2843.557702,College,M,67952.0,71.0,0.0,Personal Auto,Arizona,167.405624,Two-Door Car
AR69517,11790.49617,College,M,25251.0,66.0,0.0,Corporate Auto,California,316.8,Four-Door Car
JJ23168,7785.666532,High School or Below,F,20497.0,65.0,0.0,Personal Auto,Arizona,425.358596,Four-Door Car
NB39218,12315.09489,High School or Below,M,68420.0,104.0,1.0,Personal Auto,California,499.2,Four-Door Car
FP95606,4810.97858,College,F,24711.0,122.0,0.0,Personal Auto,Arizona,259.998169,Luxury
YP27180,27279.33647,College,F,76530.0,119.0,4.0,Personal Auto,California,254.149197,SUV
JK74110,3980.421464,High School or Below,M,98333.0,99.0,1.0,Personal Auto,California,459.048775,Four-Door Car
MC85738,14635.45158,Bachelor,F,0.0,139.0,0.0,Personal Auto,California,667.2,SUV
CE78778,3761.792015,College,F,0.0,106.0,1.0,Personal Auto,Oregon,1116.943654,Four-Door Car
LT72149,5619.689084,High School or Below,M,0.0,153.0,0.0,Personal Auto,Nevada,1027.000029,SUV
ZC89812,5304.541694,Bachelor,M,0.0,74.0,0.0,Personal Auto,Arizona,532.8,Four-Door Car
GF68713,3207.468733,Bachelor,M,24695.0,82.0,0.0,Personal Auto,Oregon,393.6,Four-Door Car
HB23001,8697.787865,Bachelor,M,26287.0,111.0,0.0,Personal Auto,California,279.378884,Two-Door Car
DH99299,8717.049833,College,M,83846.0,74.0,3.0,Personal Auto,California,355.2,Four-Door Car
RA61917,8029.715047,High School or Below,F,76081.0,68.0,0.0,Personal Auto,Washington,384.210821,Four-Door Car
KM65135,4763.327142,College,M,14957.0,66.0,0.0,Corporate Auto,Oregon,316.8,Four-Door Car
RR37482,23055.57229,High School or Below,M,41727.0,117.0,1.0,Personal Auto,Washington,82.25632,Four-Door Car
WM24870,5383.670919,College,F,89092.0,68.0,2.0,Personal Auto,Nevada,91.8198,Two-Door Car
EC78254,8409.668976,College,F,53986.0,70.0,1.0,Corporate Auto,Washington,127.886591,Four-Door Car
CQ19667,4257.477861,Bachelor,F,49853.0,109.0,0.0,Personal Auto,Oregon,679.534284,Four-Door Car
AY43037,14708.99565,High School or Below,M,36670.0,189.0,0.0,Corporate Auto,Oregon,907.2,Luxury
GN36177,2593.818427,Bachelor,M,43626.0,67.0,0.0,Personal Auto,Nevada,321.6,Two-Door Car
VL36269,2466.581354,High School or Below,F,0.0,70.0,0.0,Special Auto,Washington,504.0,Four-Door Car
UA58104,7933.820656,College,F,76505.0,65.0,0.0,Personal Auto,California,144.051716,Four-Door Car
GR12431,36860.72688,College,F,66216.0,103.0,0.0,Personal Auto,California,96.723812,Luxury
IV37346,7412.029748,College,F,52497.0,63.0,0.0,Corporate Auto,Oregon,302.4,Two-Door Car
VU99589,34611.37896,High School or Below,F,20090.0,109.0,0.0,Personal Auto,Arizona,523.2,Luxury
VV61641,18726.15325,High School or Below,F,0.0,185.0,2.0,Personal Auto,Oregon,1543.932434,SUV
ZY26831,7249.065093,Bachelor,F,37751.0,93.0,0.0,Corporate Auto,California,56.692777,Four-Door Car
IP84574,8193.091589,College,F,54840.0,72.0,3.0,Corporate Auto,Oregon,468.728516,Four-Door Car
XF33416,8692.282356,College,F,31986.0,111.0,0.0,Personal Auto,Oregon,532.8,Four-Door Car
PV62583,9799.175061,College,M,22166.0,126.0,0.0,Personal Auto,Nevada,604.8,SUV
QK29271,14084.48944,Bachelor,M,0.0,208.0,0.0,Corporate Auto,California,2270.508697,Luxury
ZF58696,13104.14911,High School or Below,M,0.0,130.0,0.0,Personal Auto,California,1430.548077,Luxury
PK37320,2628.657528,Master,F,83838.0,65.0,0.0,Personal Auto,Oregon,281.405931,Two-Door Car
EP35930,5245.683756,Master,F,46061.0,65.0,0.0,Personal Auto,Oregon,21.612658,Two-Door Car
TS34391,8092.87696,College,M,50825.0,102.0,0.0,Personal Auto,Oregon,369.614729,SUV
ST65635,2719.506996,College,F,14030.0,72.0,0.0,Corporate Auto,Arizona,345.6,Two-Door Car
AQ25590,5445.373289,High School or Below,F,20282.0,79.0,3.0,Personal Auto,Washington,507.549315,Two-Door Car
QK37708,4514.247473,Bachelor,M,50146.0,116.0,1.0,Personal Auto,California,759.291202,SUV
EY83434,22029.1505,High School or Below,M,0.0,121.0,0.0,Personal Auto,Washington,580.8,SUV
DQ55516,5408.892351,Bachelor,F,20472.0,139.0,0.0,Corporate Auto,California,667.2,SUV
KS72802,3768.371028,Master,F,85751.0,93.0,0.0,Corporate Auto,Oregon,391.210704,Four-Door Car
PE32165,27934.62373,High School or Below,F,76912.0,116.0,2.0,Corporate Auto,California,169.226996,Luxury
XO78284,3887.324208,Master,M,96335.0,97.0,0.0,Personal Auto,Arizona,161.388136,Four-Door Car
HS39343,7475.784971,Bachelor,F,29633.0,196.0,0.0,Corporate Auto,Washington,534.653787,Luxury
ZF77631,22758.91192,Master,M,80540.0,63.0,0.0,Personal Auto,California,65.845112,Four-Door Car
ZE60021,5124.79641,High School or Below,F,14465.0,135.0,1.0,Corporate Auto,Nevada,944.506601,Luxury
IU15885,4900.336708,Bachelor,F,0.0,66.0,0.0,Personal Auto,Washington,316.8,Four-Door Car
HI16116,5278.6471,Master,F,29899.0,66.0,0.0,Personal Auto,Oregon,419.302975,Four-Door Car
WH41496,4821.986443,College,M,0.0,136.0,0.0,Personal Auto,Washington,652.8,SUV
IQ24777,8044.872393,Bachelor,M,71391.0,67.0,0.0,Personal Auto,Nevada,284.000172,Four-Door Car
CA55066,12157.32992,High School or Below,M,57449.0,103.0,0.0,Personal Auto,Arizona,494.4,Four-Door Car
LG87047,18591.54967,High School or Below,M,14209.0,62.0,0.0,Personal Auto,California,297.6,Four-Door Car
TK38732,4873.350518,High School or Below,M,47824.0,129.0,3.0,Personal Auto,Oregon,546.046853,SUV
KH94432,5338.525632,Doctor,F,48696.0,66.0,0.0,Corporate Auto,Arizona,48.762193,Four-Door Car
ID21652,2878.766728,Bachelor,F,79189.0,71.0,0.0,Personal Auto,Washington,56.092247,Two-Door Car
RV90030,8473.46358,High School or Below,F,0.0,116.0,2.0,Special Auto,California,1148.461246,Luxury
CK36026,3440.361969,Bachelor,F,23870.0,91.0,0.0,Personal Auto,Arizona,500.577875,Two-Door Car
UR27848,17497.52201,College,M,0.0,73.0,0.0,Personal Auto,California,350.4,Two-Door Car
KP68957,2544.337548,Bachelor,F,41059.0,64.0,0.0,Corporate Auto,California,151.670029,Four-Door Car
LC86277,3336.219942,High School or Below,M,19447.0,89.0,0.0,Corporate Auto,Oregon,640.8,Four-Door Car
UW55977,5206.108215,Bachelor,M,94392.0,65.0,1.0,Personal Auto,Washington,156.18031,Four-Door Car
RE46032,43290.49543,College,M,23203.0,132.0,0.0,Personal Auto,Nevada,1158.79311,SUV
CG69038,4817.992644,College,M,38157.0,61.0,0.0,Personal Auto,Washington,81.53233,Two-Door Car
IR73545,13727.79972,College,M,0.0,126.0,0.0,Personal Auto,Oregon,604.8,SUV
CR85257,4996.545123,High School or Below,M,99761.0,63.0,0.0,Corporate Auto,Oregon,452.246664,Two-Door Car
JX88012,7960.007541,College,F,98350.0,101.0,3.0,Corporate Auto,Oregon,289.181979,SUV
ED44765,7367.653764,High School or Below,F,25318.0,63.0,2.0,Personal Auto,Oregon,302.4,Four-Door Car
TW81986,5632.613078,Bachelor,F,51721.0,139.0,0.0,Personal Auto,Arizona,625.282599,SUV
HA56889,3884.8552,Bachelor,F,0.0,114.0,0.0,Personal Auto,Nevada,851.031598,Luxury
EB72669,4518.024385,Bachelor,M,0.0,78.0,3.0,Personal Auto,California,374.4,Four-Door Car
CH95772,2565.124294,College,M,68321.0,66.0,0.0,Personal Auto,California,198.263056,Four-Door Car
OZ62735,15487.44072,Bachelor,M,69161.0,129.0,0.0,Personal Auto,Arizona,441.138769,Luxury
UN50538,6395.351807,Bachelor,F,72667.0,80.0,0.0,Personal Auto,Oregon,383.228397,Four-Door Car
JS76871,8639.088723,High School or Below,M,62082.0,72.0,0.0,Corporate Auto,Oregon,91.036967,Four-Door Car
UG42487,9806.215757,High School or Below,F,0.0,87.0,0.0,Personal Auto,Arizona,626.4,Four-Door Car
TB56369,12472.1199,Bachelor,F,36551.0,107.0,0.0,Personal Auto,California,53.837271,Four-Door Car
ZN27753,5794.565797,Bachelor,M,70524.0,73.0,0.0,Personal Auto,Oregon,350.4,Four-Door Car
FH22442,2619.027206,High School or Below,F,60477.0,65.0,0.0,Corporate Auto,California,139.841411,Four-Door Car
LV81383,3731.504584,High School or Below,F,0.0,96.0,0.0,Personal Auto,Washington,460.8,Four-Door Car
HI34993,5421.018201,High School or Below,M,40376.0,69.0,0.0,Personal Auto,Oregon,427.874055,Four-Door Car
KW59167,6521.368813,College,F,72608.0,82.0,3.0,Personal Auto,Oregon,393.6,Four-Door Car
BL44722,41787.90343,High School or Below,F,46587.0,119.0,2.0,Personal Auto,Nevada,571.2,Four-Door Car
QV11152,9613.613215,High School or Below,M,34398.0,61.0,1.0,Personal Auto,Arizona,292.8,Two-Door Car
SG53084,4766.645359,Bachelor,F,70432.0,61.0,3.0,Personal Auto,California,6.422285,Four-Door Car
EZ30537,23984.62144,Doctor,F,79655.0,296.0,0.0,Personal Auto,Oregon,498.159874,Luxury
AY35050,7292.913911,College,F,0.0,98.0,0.0,Personal Auto,Arizona,470.4,Two-Door Car
UQ59692,21255.49606,Bachelor,F,73457.0,133.0,1.0,Personal Auto,California,198.115298,SUV
JF11031,5357.75893,College,M,0.0,82.0,0.0,Personal Auto,California,393.6,Four-Door Car
DE53644,5192.355227,Bachelor,F,23059.0,66.0,0.0,Personal Auto,California,372.430947,Two-Door Car
KR53335,7116.549068,Bachelor,F,0.0,66.0,0.0,Personal Auto,Washington,316.8,Four-Door Car
AJ89108,11009.13049,Bachelor,F,51643.0,283.0,0.0,Personal Auto,California,1358.4,Luxury
MZ10085,4328.373176,High School or Below,M,72531.0,109.0,1.0,Personal Auto,Nevada,523.2,Luxury
EV68966,9419.883665,College,M,87840.0,118.0,1.0,Personal Auto,California,161.590594,SUV
PS28082,2592.928283,High School or Below,M,57563.0,66.0,0.0,Personal Auto,Arizona,316.8,Four-Door Car
MX89333,2554.189234,Bachelor,M,0.0,72.0,2.0,Personal Auto,Arizona,345.6,Two-Door Car
OE14751,3528.044252,Doctor,M,31278.0,92.0,4.0,Personal Auto,Oregon,441.6,Two-Door Car
YI73667,5340.810309,College,F,0.0,72.0,0.0,Personal Auto,Nevada,345.6,Four-Door Car
AX70794,2449.31771,High School or Below,M,47122.0,62.0,0.0,Personal Auto,California,297.6,Two-Door Car
BF69918,5666.465804,High School or Below,M,0.0,77.0,0.0,Personal Auto,Oregon,534.228036,Four-Door Car
KE61355,5272.703428,High School or Below,F,60260.0,66.0,0.0,Corporate Auto,Oregon,328.366827,Four-Door Car
HG65194,8672.814261,College,F,0.0,125.0,0.0,Personal Auto,Oregon,600.0,SUV
GV68933,7679.677721,High School or Below,M,12677.0,101.0,0.0,Personal Auto,Arizona,500.633484,SUV
LM76366,2999.338779,High School or Below,M,28564.0,76.0,0.0,Corporate Auto,Nevada,364.8,Two-Door Car
PS57128,3834.735196,Bachelor,F,41341.0,99.0,0.0,Personal Auto,California,240.24432,Four-Door Car
AH55475,33053.26869,College,M,44246.0,122.0,3.0,Personal Auto,Arizona,585.6,SUV
LE91297,5175.28934,Master,M,0.0,71.0,0.0,Personal Auto,Oregon,340.8,Four-Door Car
IF18508,7950.570995,High School or Below,F,70610.0,99.0,0.0,Personal Auto,California,240.977382,Four-Door Car
YE87442,9935.165983,High School or Below,F,34831.0,124.0,0.0,Personal Auto,Arizona,595.2,SUV
QD85803,7861.798596,Bachelor,F,30374.0,99.0,0.0,Personal Auto,California,304.537298,Four-Door Car
SF25048,8092.87696,College,M,50825.0,102.0,0.0,Personal Auto,California,369.614729,SUV
FH39423,5539.349243,Master,F,80727.0,68.0,0.0,Personal Auto,Oregon,98.71658,Four-Door Car
LW43630,9628.702696,Bachelor,F,71269.0,80.0,0.0,Personal Auto,California,350.689559,Four-Door Car
XO17798,5827.483965,High School or Below,M,45794.0,74.0,0.0,Personal Auto,Washington,449.63005,Four-Door Car
IN15077,4807.846463,High School or Below,M,99874.0,119.0,0.0,Corporate Auto,California,307.639408,Luxury
NE16405,2582.408525,Bachelor,F,76731.0,64.0,0.0,Personal Auto,California,201.455005,Four-Door Car
TU82820,4475.161898,Master,M,73019.0,112.0,0.0,Corporate Auto,California,537.6,SUV
FR26341,2399.045522,Master,M,19112.0,62.0,0.0,Personal Auto,Oregon,259.006614,Four-Door Car
MT27589,7840.165778,College,M,58414.0,210.0,2.0,Corporate Auto,Oregon,1008.0,Luxury
UG72692,2378.090679,Bachelor,M,0.0,70.0,0.0,Personal Auto,Oregon,734.072654,Four-Door Car
MP95255,3919.366722,High School or Below,F,66676.0,97.0,0.0,Personal Auto,California,558.099357,Four-Door Car
EM16179,8274.145703,College,F,69011.0,70.0,0.0,Personal Auto,Arizona,336.0,Four-Door Car
DR77208,9538.770856,Bachelor,M,0.0,85.0,0.0,Personal Auto,California,58.714775,Two-Door Car
PR31509,5331.823882,Bachelor,M,0.0,71.0,0.0,Personal Auto,Nevada,340.8,Four-Door Car
SE33381,4531.675269,Bachelor,F,0.0,126.0,0.0,Corporate Auto,Arizona,907.2,SUV
BW43011,3834.210713,High School or Below,M,0.0,112.0,0.0,Personal Auto,California,806.4,SUV
YP96182,2726.797356,Master,M,31385.0,69.0,0.0,Personal Auto,Oregon,68.193193,Four-Door Car
WI58274,8238.45802,College,F,68261.0,102.0,0.0,Personal Auto,Oregon,84.097896,Luxury
YF26585,4758.470236,High School or Below,M,92324.0,119.0,2.0,Corporate Auto,Nevada,603.110961,Luxury
UH76090,8818.051498,Bachelor,F,0.0,136.0,4.0,Personal Auto,California,1237.257917,SUV
VF36700,24278.10167,Master,F,20983.0,97.0,1.0,Personal Auto,Oregon,451.751555,Four-Door Car
CS32416,5595.761077,Bachelor,M,68004.0,72.0,0.0,Corporate Auto,Oregon,416.344082,Two-Door Car
AT18041,2682.704812,High School or Below,F,63471.0,67.0,0.0,Personal Auto,California,387.71779,Two-Door Car
TB54645,3033.407812,Bachelor,F,27369.0,77.0,0.0,Personal Auto,Oregon,331.94306,Four-Door Car
LX11170,4862.908979,High School or Below,F,36839.0,61.0,0.0,Personal Auto,Oregon,152.496995,Four-Door Car
RO43614,2128.621329,Bachelor,F,0.0,65.0,2.0,Personal Auto,Washington,312.0,Four-Door Car
QS36363,12655.52878,High School or Below,F,26149.0,157.0,0.0,Personal Auto,Arizona,753.6,SUV
FX72157,8556.58016,High School or Below,F,52440.0,109.0,0.0,Corporate Auto,Oregon,371.206205,Four-Door Car
XC43591,12880.74907,College,M,24571.0,109.0,0.0,Personal Auto,Oregon,523.2,Four-Door Car
PJ71030,3049.837544,High School or Below,M,0.0,90.0,0.0,Special Auto,Oregon,432.0,Four-Door Car
JH14651,3237.996209,Master,M,60244.0,83.0,3.0,Personal Auto,Washington,326.281835,Four-Door Car
YG42297,5248.978048,College,M,0.0,72.0,0.0,Personal Auto,Arizona,216.700125,Four-Door Car
TY31217,11009.13049,Bachelor,F,51643.0,283.0,0.0,Personal Auto,Washington,1358.4,Luxury
KU69274,14267.93156,High School or Below,F,17157.0,123.0,0.0,Personal Auto,Arizona,770.746666,SUV
MU53420,5325.724541,High School or Below,M,0.0,73.0,0.0,Personal Auto,Oregon,496.474767,Two-Door Car
RE36747,3034.771777,High School or Below,M,17308.0,82.0,0.0,Personal Auto,Nevada,874.324338,Four-Door Car
IN78205,8329.039004,College,F,0.0,118.0,0.0,Personal Auto,Arizona,849.6,SUV
AH39293,2616.613903,College,M,72302.0,66.0,0.0,Personal Auto,California,316.8,Two-Door Car
IF30418,2574.020376,Master,F,34990.0,65.0,0.0,Personal Auto,California,42.689135,Four-Door Car
QH51455,4004.5513,College,M,0.0,107.0,0.0,Personal Auto,Arizona,513.6,Four-Door Car
UZ60774,6051.799036,Bachelor,F,0.0,87.0,1.0,Personal Auto,Nevada,626.4,Four-Door Car
AD63766,2839.013244,Bachelor,M,0.0,81.0,0.0,Personal Auto,Oregon,388.8,Two-Door Car
MN19541,1994.774936,College,M,0.0,61.0,0.0,Personal Auto,Arizona,393.215919,Four-Door Car
SF38922,11944.40399,College,M,33760.0,102.0,0.0,Personal Auto,Oregon,123.491865,SUV
ST91578,6466.304259,Master,M,0.0,90.0,0.0,Personal Auto,California,144.776935,Four-Door Car
AP52565,6746.434272,High School or Below,F,70328.0,84.0,0.0,Corporate Auto,Arizona,293.227028,Four-Door Car
BT68954,3561.035706,Bachelor,M,0.0,99.0,0.0,Special Auto,Oregon,712.8,Four-Door Car
NU93648,20774.02463,Bachelor,M,0.0,63.0,0.0,Corporate Auto,Arizona,243.208647,Two-Door Car
OU60143,3939.00637,Bachelor,F,60021.0,99.0,0.0,Corporate Auto,Oregon,882.871945,Four-Door Car
EC51047,8915.172898,Bachelor,F,31991.0,81.0,3.0,Personal Auto,California,548.321886,Four-Door Car
EV46476,8084.325058,Bachelor,M,20169.0,112.0,1.0,Personal Auto,California,537.6,SUV
HB59616,4502.980016,College,F,0.0,64.0,0.0,Personal Auto,Washington,307.2,Two-Door Car
RA34556,4877.954567,High School or Below,M,20178.0,69.0,2.0,Corporate Auto,California,331.2,Four-Door Car
NB87421,8294.968932,High School or Below,M,78189.0,103.0,0.0,Corporate Auto,Arizona,99.143241,Four-Door Car
HR64765,8485.385641,High School or Below,M,0.0,244.0,0.0,Personal Auto,Washington,1756.8,Luxury
FM70419,4740.202507,College,M,0.0,72.0,1.0,Personal Auto,Oregon,518.4,Four-Door Car
GX51965,8564.768226,High School or Below,M,95697.0,107.0,0.0,Personal Auto,California,178.006524,Luxury
OS75351,2393.915369,College,M,0.0,70.0,0.0,Personal Auto,Oregon,425.266308,Four-Door Car
TU25694,2458.746211,High School or Below,M,0.0,70.0,0.0,Personal Auto,Oregon,504.0,Four-Door Car
JS90115,19597.05706,High School or Below,F,64559.0,62.0,0.0,Personal Auto,Nevada,107.538749,Four-Door Car
KW93227,21892.93859,College,M,58149.0,61.0,0.0,Special Auto,Washington,292.8,Four-Door Car
SU41739,8728.456239,College,M,0.0,124.0,0.0,Personal Auto,California,473.469932,SUV
TV75816,2386.201293,High School or Below,M,70911.0,63.0,3.0,Corporate Auto,Oregon,302.4,Two-Door Car
RS54064,21892.3539,High School or Below,M,78337.0,62.0,2.0,Corporate Auto,Washington,36.285512,Two-Door Car
OB63331,2813.50617,Doctor,F,50397.0,70.0,0.0,Corporate Auto,Arizona,350.65008,Four-Door Car
TI58610,2996.889929,Master,F,51199.0,74.0,0.0,Corporate Auto,Arizona,355.2,Four-Door Car
TJ82551,4063.331688,Bachelor,F,46928.0,102.0,1.0,Personal Auto,Nevada,631.402071,Four-Door Car
ZO43755,8368.875358,Master,F,23879.0,107.0,0.0,Corporate Auto,Oregon,635.64283,SUV
VG16827,4626.801093,Master,F,79487.0,114.0,0.0,Personal Auto,California,547.2,SUV
KJ48497,7516.786075,High School or Below,F,0.0,106.0,0.0,Personal Auto,Oregon,850.593038,SUV
NA27429,3644.833554,High School or Below,F,82477.0,90.0,0.0,Personal Auto,Nevada,432.0,Two-Door Car
AZ38648,11981.98481,Master,F,21514.0,62.0,0.0,Personal Auto,Washington,257.248789,Two-Door Car
SR53077,2601.810999,High School or Below,F,57231.0,65.0,0.0,Personal Auto,Nevada,305.117221,Four-Door Car
UO12263,4654.954187,High School or Below,F,0.0,69.0,4.0,Corporate Auto,Oregon,331.2,Four-Door Car
BC86800,3579.773094,Bachelor,F,84598.0,89.0,2.0,Personal Auto,California,639.267653,Two-Door Car
ZQ28996,5388.023812,College,M,48895.0,68.0,0.0,Corporate Auto,Nevada,325.009146,Four-Door Car
JI42730,3705.291862,High School or Below,M,84493.0,92.0,0.0,Personal Auto,Arizona,441.6,Four-Door Car
VF21170,8613.464001,Bachelor,F,37277.0,109.0,1.0,Personal Auto,California,417.72438,SUV
MP25903,2703.266928,High School or Below,M,0.0,71.0,0.0,Personal Auto,Oregon,497.392925,Two-Door Car
YH24323,2511.697993,College,F,14906.0,66.0,0.0,Corporate Auto,California,421.632668,Four-Door Car
XB86235,24186.24342,Doctor,M,14710.0,112.0,0.0,Personal Auto,Arizona,537.6,Luxury
WR53191,15120.21281,Bachelor,F,20656.0,130.0,0.0,Corporate Auto,California,706.114237,SUV
UM83813,13379.81103,Bachelor,F,0.0,194.0,0.0,Personal Auto,Oregon,1396.8,Luxury
JW45704,2308.692609,Bachelor,M,0.0,64.0,0.0,Personal Auto,California,431.768752,Four-Door Car
PV26437,7319.575712,Bachelor,F,57777.0,61.0,1.0,Corporate Auto,California,273.879927,Four-Door Car
AX39008,26113.36,Bachelor,M,80409.0,74.0,0.0,Personal Auto,Oregon,262.984836,Two-Door Car
DJ52170,5639.941974,High School or Below,M,73168.0,70.0,0.0,Special Auto,California,425.800112,Four-Door Car
RM34371,4715.285559,Bachelor,F,0.0,64.0,0.0,Personal Auto,Nevada,345.345026,Two-Door Car
TZ65661,2742.797845,College,F,32437.0,69.0,0.0,Corporate Auto,California,331.2,Two-Door Car
YD74214,3808.122147,College,F,94903.0,94.0,0.0,Personal Auto,California,451.2,Two-Door Car
AR99766,4692.048347,Bachelor,F,82534.0,118.0,0.0,Personal Auto,Nevada,4.23752,SUV
ZA30025,4055.399126,Bachelor,M,0.0,121.0,0.0,Personal Auto,Arizona,1215.970113,SUV
IE85867,41787.90343,High School or Below,F,46587.0,119.0,2.0,Personal Auto,Arizona,571.2,Four-Door Car
XK52242,9800.33636,Bachelor,M,32245.0,124.0,0.0,Personal Auto,California,257.502471,SUV
RP12388,12379.56803,Bachelor,M,39886.0,64.0,1.0,Personal Auto,Arizona,290.359207,Two-Door Car
TP30316,9705.30895,College,M,79157.0,61.0,0.0,Corporate Auto,California,117.781906,Two-Door Car
RS60249,4253.283113,Bachelor,M,0.0,62.0,0.0,Personal Auto,Oregon,446.4,Two-Door Car
AL50693,3567.503755,Bachelor,M,0.0,102.0,0.0,Corporate Auto,Oregon,660.430456,SUV
SH36838,5153.91989,High School or Below,M,0.0,74.0,0.0,Personal Auto,Arizona,532.8,Four-Door Car
CV44550,7559.206998,College,M,0.0,119.0,1.0,Corporate Auto,Arizona,964.51598,Four-Door Car
YO23637,4194.906755,College,M,0.0,64.0,3.0,Special Auto,Washington,759.285255,Two-Door Car
AJ32539,2829.312319,Bachelor,M,25860.0,72.0,0.0,Personal Auto,Oregon,345.6,Four-Door Car
VQ48245,3221.788294,Master,F,77882.0,79.0,0.0,Personal Auto,Washington,379.2,Four-Door Car
ID15010,10972.06778,Doctor,M,24164.0,137.0,0.0,Personal Auto,Oregon,657.6,Luxury
RH28799,2430.959055,College,M,0.0,70.0,0.0,Personal Auto,Arizona,341.329847,Four-Door Car
WC72942,3790.190029,High School or Below,M,66169.0,96.0,1.0,Personal Auto,Oregon,156.429591,Two-Door Car
HT92952,8838.085637,Bachelor,M,82664.0,114.0,3.0,Corporate Auto,California,133.425609,SUV
LR82110,20101.65141,Doctor,F,23638.0,102.0,0.0,Personal Auto,Nevada,489.6,SUV
JE19783,6388.21126,Bachelor,M,26436.0,83.0,0.0,Personal Auto,Arizona,398.4,Two-Door Car
MX97096,2656.522604,College,F,0.0,78.0,1.0,Personal Auto,Nevada,374.4,Four-Door Car
TD51026,7714.60093,Bachelor,M,13154.0,102.0,0.0,Personal Auto,Arizona,489.6,SUV
SD75391,2704.537211,Master,F,24173.0,70.0,0.0,Personal Auto,California,181.468292,Four-Door Car
CN29830,2495.464753,High School or Below,M,26689.0,64.0,0.0,Corporate Auto,California,424.711758,Four-Door Car
RV52244,2498.35063,Bachelor,F,31357.0,63.0,0.0,Personal Auto,Arizona,2.016239,Four-Door Car
WA59097,5614.587986,College,F,40417.0,71.0,1.0,Personal Auto,Oregon,130.303439,Four-Door Car
TV23956,2089.337182,High School or Below,M,0.0,63.0,1.0,Personal Auto,Washington,453.6,Four-Door Car
XQ81794,5137.349322,High School or Below,M,93872.0,64.0,0.0,Personal Auto,Arizona,206.495442,Four-Door Car
BB21794,5394.913017,Bachelor,F,29853.0,69.0,0.0,Personal Auto,Oregon,76.586018,Four-Door Car
HC63693,7341.741414,College,F,88049.0,92.0,0.0,Corporate Auto,Arizona,567.065802,Two-Door Car
KJ55021,4791.081559,College,F,29111.0,63.0,0.0,Personal Auto,Washington,302.4,Four-Door Car
HX45529,25169.18817,Master,M,37282.0,79.0,0.0,Personal Auto,Oregon,222.508607,Four-Door Car
XY78443,2147.656911,College,F,0.0,62.0,0.0,Personal Auto,Arizona,297.6,Two-Door Car
KQ38375,9902.392683,Bachelor,F,0.0,133.0,0.0,Personal Auto,California,945.169882,SUV
HC66205,3157.742637,High School or Below,M,58248.0,80.0,0.0,Corporate Auto,Washington,134.371323,Four-Door Car
KF62288,6269.136365,High School or Below,F,0.0,89.0,1.0,Special Auto,Oregon,942.277602,Two-Door Car
YE46109,10839.50749,College,F,26367.0,139.0,0.0,Personal Auto,Arizona,105.991559,SUV
TT30338,7675.871354,Master,F,89586.0,63.0,1.0,Personal Auto,Arizona,302.4,Four-Door Car
MC22692,7035.974353,High School or Below,F,86642.0,87.0,0.0,Personal Auto,Washington,234.057985,Two-Door Car
FW17421,3576.705025,High School or Below,F,24959.0,89.0,0.0,Corporate Auto,Washington,640.8,Four-Door Car
KE83023,10845.74473,Bachelor,M,27279.0,137.0,0.0,Personal Auto,Oregon,770.227699,SUV
HT96569,2656.99458,Bachelor,M,57117.0,67.0,0.0,Personal Auto,Oregon,321.6,Four-Door Car
GO27855,6883.665071,College,F,64600.0,86.0,0.0,Personal Auto,Oregon,168.28738,Four-Door Car
UX71974,20314.44095,College,M,42218.0,180.0,3.0,Personal Auto,California,212.130344,Luxury
QT97406,20120.56053,Bachelor,M,32869.0,85.0,0.0,Corporate Auto,Arizona,117.467331,Two-Door Car
QQ37605,2547.370551,Master,F,26047.0,64.0,1.0,Personal Auto,Washington,187.903224,Four-Door Car
BL79888,34611.37896,High School or Below,F,20090.0,109.0,0.0,Personal Auto,Oregon,523.2,Luxury
WF91295,4254.620669,High School or Below,F,11904.0,61.0,2.0,Personal Auto,Oregon,292.8,Two-Door Car
NQ92014,3659.18314,High School or Below,F,0.0,106.0,0.0,Personal Auto,California,763.2,SUV
RP33869,2577.514741,Bachelor,F,49467.0,65.0,0.0,Personal Auto,Washington,413.695258,Two-Door Car
TS31001,26243.85811,Bachelor,M,55705.0,113.0,0.0,Personal Auto,Oregon,149.90747,SUV
NE58217,27064.46339,Bachelor,F,83560.0,113.0,1.0,Corporate Auto,Oregon,276.048405,Four-Door Car
BV57364,8092.87696,College,M,50825.0,102.0,0.0,Personal Auto,Arizona,369.614729,SUV
FS84707,2691.217074,Doctor,F,82108.0,67.0,0.0,Personal Auto,Nevada,52.804096,Four-Door Car
AN80983,5218.343293,College,M,85721.0,65.0,0.0,Corporate Auto,Oregon,312.0,Four-Door Car
UU84036,8267.848845,High School or Below,M,59597.0,69.0,0.0,Special Auto,California,222.791933,Two-Door Car
XQ51968,5568.947534,High School or Below,M,0.0,79.0,1.0,Corporate Auto,California,407.440238,Two-Door Car
CY59740,2594.809242,High School or Below,M,0.0,73.0,0.0,Corporate Auto,California,350.4,Four-Door Car
XT58648,8646.504109,High School or Below,F,64125.0,108.0,0.0,Personal Auto,Arizona,369.818708,SUV
WZ63975,2423.755534,High School or Below,F,22319.0,63.0,1.0,Personal Auto,California,302.4,Two-Door Car
RQ72272,2814.2088,College,M,94304.0,71.0,0.0,Personal Auto,Arizona,182.815897,Two-Door Car
FR34560,2506.263939,Master,F,17193.0,66.0,0.0,Corporate Auto,Oregon,316.8,Four-Door Car
EF99768,4424.579094,High School or Below,F,37800.0,112.0,0.0,Corporate Auto,California,662.715218,SUV
LW50691,9555.169159,College,F,96269.0,118.0,0.0,Personal Auto,Nevada,58.776508,Four-Door Car
EP34249,13869.92705,College,M,28432.0,118.0,0.0,Corporate Auto,Oregon,612.300581,SUV
DQ54144,8841.77038,High School or Below,F,0.0,118.0,0.0,Personal Auto,Arizona,566.4,SUV
SE62920,8836.030712,Bachelor,M,63909.0,112.0,0.0,Personal Auto,California,206.911942,SUV
PL54420,33473.34946,Bachelor,F,33190.0,106.0,0.0,Personal Auto,Arizona,508.8,SUV
QG22665,5000.61936,College,M,43723.0,66.0,3.0,Personal Auto,Arizona,316.8,Four-Door Car
LJ59940,16468.22079,High School or Below,F,0.0,63.0,0.0,Corporate Auto,Nevada,685.12694,Four-Door Car
AV17528,9233.19066,High School or Below,F,42600.0,115.0,0.0,Personal Auto,Nevada,660.136987,Luxury
ZU88796,2448.811216,Bachelor,F,87802.0,63.0,5.0,Personal Auto,Arizona,173.899238,Four-Door Car
SD96596,18544.30271,High School or Below,F,34087.0,235.0,0.0,Personal Auto,Washington,889.518521,Luxury
LT98784,5229.986897,Master,M,18129.0,69.0,0.0,Personal Auto,Oregon,364.695093,Four-Door Car
OQ45659,41745.00646,College,F,45431.0,116.0,0.0,Personal Auto,Arizona,556.8,Four-Door Car
ZS66375,7531.033623,Bachelor,F,0.0,71.0,0.0,Personal Auto,California,511.2,Four-Door Car
EJ67407,8024.508444,High School or Below,M,95191.0,101.0,0.0,Corporate Auto,Arizona,316.111035,Four-Door Car
JD19036,16261.16768,Master,F,41671.0,136.0,0.0,Personal Auto,Arizona,570.388228,SUV
YO11701,8022.686194,High School or Below,M,53231.0,101.0,0.0,Personal Auto,Oregon,484.8,SUV
KO73340,2640.316068,College,M,77299.0,66.0,0.0,Personal Auto,Oregon,151.872106,Four-Door Car
BV53716,5266.420543,High School or Below,F,93348.0,65.0,0.0,Personal Auto,Oregon,108.567965,Four-Door Car
CV95479,3362.670123,Bachelor,M,0.0,107.0,2.0,Personal Auto,California,770.4,Four-Door Car
OZ97304,2630.009217,High School or Below,F,0.0,78.0,1.0,Corporate Auto,Arizona,374.4,Four-Door Car
RE63028,6486.111674,High School or Below,F,87210.0,81.0,0.0,Personal Auto,Nevada,353.592003,Four-Door Car
LN37854,18399.82784,College,F,0.0,73.0,0.0,Personal Auto,Arizona,525.6,Four-Door Car
MU76701,3921.018919,College,F,62445.0,98.0,1.0,Personal Auto,Washington,681.167228,Four-Door Car
VI66513,9688.334578,High School or Below,M,20009.0,87.0,1.0,Corporate Auto,California,987.122788,Four-Door Car
EB30823,19668.86758,College,M,0.0,67.0,1.0,Personal Auto,California,482.4,Four-Door Car
DQ19343,5583.068307,High School or Below,F,57925.0,72.0,1.0,Corporate Auto,California,204.620759,Two-Door Car
SB61617,8935.03414,Master,M,39910.0,112.0,0.0,Personal Auto,California,561.499579,SUV
DY92795,3226.850118,Bachelor,F,83252.0,80.0,0.0,Personal Auto,Oregon,384.0,Four-Door Car
WZ92405,7492.162376,College,F,31723.0,62.0,0.0,Personal Auto,Nevada,242.628654,Two-Door Car
WL21375,7890.597705,High School or Below,F,0.0,112.0,3.0,Personal Auto,Arizona,747.658769,Four-Door Car
KL83882,6639.328932,Bachelor,F,72661.0,83.0,1.0,Personal Auto,Nevada,398.4,Four-Door Car
ET87938,4328.864771,College,M,24711.0,62.0,0.0,Personal Auto,Oregon,362.989533,Two-Door Car
EQ87425,6919.016085,High School or Below,F,0.0,69.0,1.0,Corporate Auto,California,40.401396,Four-Door Car
UM17151,1898.007675,Bachelor,M,0.0,67.0,3.0,Personal Auto,California,413.606733,Two-Door Car
MS11057,9587.586583,Bachelor,M,84539.0,119.0,0.0,Personal Auto,Oregon,65.428481,Four-Door Car
UU99893,7689.700105,Master,F,42677.0,96.0,0.0,Personal Auto,Arizona,1084.95655,Four-Door Car
FE93665,7897.015071,High School or Below,F,0.0,72.0,0.0,Personal Auto,Oregon,518.4,Two-Door Car
AN53225,24672.65531,High School or Below,M,0.0,76.0,0.0,Personal Auto,Washington,364.8,Two-Door Car
RL12319,7484.383041,High School or Below,F,51692.0,186.0,0.0,Special Auto,Oregon,892.8,Luxury
AR25213,7282.967586,High School or Below,M,40858.0,184.0,0.0,Personal Auto,Arizona,883.2,Luxury
JL15127,9816.528302,College,M,37256.0,62.0,0.0,Personal Auto,Nevada,128.969729,Four-Door Car
SD42668,5295.625697,Bachelor,M,0.0,74.0,0.0,Personal Auto,Washington,532.8,Four-Door Car
ZG82127,12741.84754,Bachelor,F,73054.0,106.0,1.0,Corporate Auto,California,419.365958,SUV
DW37404,7858.047444,Bachelor,F,20532.0,67.0,0.0,Personal Auto,California,282.657499,Four-Door Car
XM87301,2397.536652,Bachelor,M,0.0,66.0,0.0,Personal Auto,Oregon,596.494439,Four-Door Car
TJ46491,5980.846151,College,F,22946.0,76.0,0.0,Personal Auto,Oregon,377.350433,Four-Door Car
KA98111,2513.117202,Bachelor,M,22475.0,64.0,1.0,Personal Auto,Washington,307.2,Four-Door Car
IM15816,9403.962744,High School or Below,F,79440.0,117.0,0.0,Personal Auto,Oregon,500.638118,SUV
ZT63368,2618.80573,College,M,0.0,74.0,0.0,Personal Auto,Arizona,470.956628,Four-Door Car
VU79621,8139.996817,Master,M,0.0,108.0,0.0,Personal Auto,Oregon,518.4,Luxury
HP20623,5227.570224,High School or Below,F,70988.0,65.0,0.0,Personal Auto,California,312.0,Four-Door Car
RY44996,2677.223462,High School or Below,F,56536.0,67.0,0.0,Special Auto,Oregon,301.891189,Four-Door Car
YS71471,2685.738737,High School or Below,M,45754.0,69.0,0.0,Personal Auto,Arizona,333.189774,Two-Door Car
VW74085,5932.560456,High School or Below,F,48278.0,74.0,0.0,Personal Auto,Oregon,98.198664,Two-Door Car
YD76280,2335.878238,High School or Below,M,22087.0,61.0,2.0,Personal Auto,Oregon,292.8,Two-Door Car
TL67005,4811.184482,High School or Below,F,0.0,136.0,1.0,Corporate Auto,California,569.908338,SUV
MO65595,3386.532195,Bachelor,F,0.0,92.0,0.0,Personal Auto,Nevada,571.593637,Two-Door Car
RX96438,2311.211287,High School or Below,F,24400.0,62.0,0.0,Corporate Auto,Washington,297.6,Two-Door Car
VA65117,7635.422232,High School or Below,M,0.0,110.0,0.0,Personal Auto,Oregon,1138.687583,SUV
KG16176,2434.849287,College,F,0.0,66.0,0.0,Personal Auto,Washington,167.073308,Four-Door Car
NT79981,3605.974564,High School or Below,F,13199.0,93.0,0.0,Personal Auto,Nevada,582.462008,Four-Door Car
ES88339,3337.980868,Master,M,60607.0,83.0,0.0,Corporate Auto,California,379.583119,Four-Door Car
AD33971,12564.06775,Doctor,M,0.0,68.0,0.0,Personal Auto,California,326.4,Four-Door Car
JR84006,2454.355436,High School or Below,M,74624.0,62.0,1.0,Personal Auto,Washington,297.6,Four-Door Car
FN66436,10722.0645,College,F,54311.0,90.0,0.0,Personal Auto,California,385.572011,Two-Door Car
YX84828,5079.830406,Bachelor,F,0.0,68.0,0.0,Personal Auto,Oregon,326.4,Two-Door Car
JH94846,3829.278604,Bachelor,F,19240.0,99.0,0.0,Personal Auto,California,475.2,Four-Door Car
TX73398,3697.04094,Bachelor,M,0.0,113.0,0.0,Personal Auto,Nevada,813.6,Two-Door Car
RX45809,14854.19552,College,M,37899.0,187.0,0.0,Personal Auto,California,246.993145,Luxury
US36532,4938.21454,High School or Below,F,76283.0,61.0,0.0,Corporate Auto,Arizona,292.8,Four-Door Car
RN86953,7536.070851,High School or Below,F,69674.0,62.0,1.0,Personal Auto,California,297.6,Two-Door Car
RZ50353,6243.141785,High School or Below,M,57734.0,78.0,0.0,Personal Auto,California,374.4,Four-Door Car
QP32003,9983.128441,College,F,0.0,93.0,0.0,Personal Auto,Arizona,669.6,Four-Door Car
WN91943,12948.39854,College,M,30763.0,111.0,0.0,Personal Auto,California,1072.532443,Four-Door Car
BR24590,2510.593651,Bachelor,M,0.0,70.0,0.0,Personal Auto,Arizona,522.41314,Four-Door Car
UI57491,5165.571852,Bachelor,M,0.0,72.0,0.0,Personal Auto,California,518.4,Two-Door Car
UJ70796,7413.422501,College,F,52130.0,62.0,0.0,Personal Auto,Oregon,124.463095,Four-Door Car
NX32730,3000.437822,High School or Below,F,77041.0,74.0,0.0,Personal Auto,California,475.01424,Two-Door Car
OH98172,3188.53073,High School or Below,F,81081.0,79.0,0.0,Personal Auto,California,224.888004,Two-Door Car
AQ30231,5800.772699,Bachelor,F,0.0,78.0,0.0,Personal Auto,California,374.4,Four-Door Car
MU97512,7398.873941,Bachelor,M,27383.0,188.0,0.0,Corporate Auto,Oregon,902.4,Luxury
CO75086,7269.338677,College,M,20407.0,95.0,2.0,Corporate Auto,Arizona,36.97749,Four-Door Car
WW52683,5067.635525,Bachelor,F,61067.0,64.0,1.0,Personal Auto,California,86.309744,Four-Door Car
XO38850,6227.365252,College,M,0.0,94.0,0.0,Personal Auto,Arizona,676.8,Four-Door Car
DB50188,4448.642277,College,M,23006.0,113.0,0.0,Personal Auto,California,792.104571,SUV
DG23204,2595.558788,Doctor,F,27734.0,65.0,0.0,Personal Auto,California,193.33986,Four-Door Car
JS64688,2595.853636,High School or Below,M,48608.0,67.0,0.0,Personal Auto,Oregon,321.6,Four-Door Car
PU81096,6817.430723,Bachelor,M,43947.0,61.0,4.0,Personal Auto,Arizona,291.388894,Four-Door Car
IW56740,15519.67161,High School or Below,M,23402.0,82.0,0.0,Personal Auto,Oregon,393.6,Two-Door Car
AK44985,3853.473448,College,F,0.0,110.0,0.0,Personal Auto,California,792.0,SUV
FX55409,8229.240991,Master,F,0.0,109.0,0.0,Personal Auto,Oregon,298.636534,SUV
BK76107,14024.35839,High School or Below,F,81872.0,115.0,0.0,Personal Auto,Oregon,256.43803,Four-Door Car
AY26056,7948.567913,College,F,63892.0,66.0,0.0,Personal Auto,Arizona,90.712257,Four-Door Car
QR36329,2624.099741,Bachelor,F,11822.0,70.0,0.0,Corporate Auto,Washington,285.894115,Two-Door Car
GF70857,2933.960426,College,M,0.0,83.0,0.0,Personal Auto,Nevada,199.851201,Four-Door Car
QE46704,2871.145075,College,M,94178.0,72.0,1.0,Personal Auto,Nevada,226.10336,Four-Door Car
PD22502,4799.621411,Bachelor,F,0.0,65.0,0.0,Personal Auto,California,312.0,Two-Door Car
XF94560,2305.238251,High School or Below,F,0.0,62.0,0.0,Corporate Auto,Washington,297.6,Four-Door Car
HZ64168,40440.76481,Bachelor,M,0.0,129.0,0.0,Personal Auto,California,1191.319334,SUV
FT79229,8900.420359,Bachelor,F,83761.0,111.0,0.0,Personal Auto,Washington,532.8,SUV
EI17753,4428.031583,High School or Below,F,58577.0,110.0,0.0,Personal Auto,Oregon,303.872752,SUV
EV15646,3781.690691,College,M,46573.0,94.0,0.0,Personal Auto,California,77.778826,Four-Door Car
FF38892,32861.25616,High School or Below,F,49889.0,118.0,0.0,Personal Auto,California,201.545818,Two-Door Car
PP35705,35862.99324,High School or Below,M,26376.0,121.0,0.0,Personal Auto,California,580.8,SUV
FQ24781,2574.020376,Master,F,34990.0,65.0,0.0,Personal Auto,Oregon,42.689135,Four-Door Car
CR20811,10660.89661,Bachelor,F,60642.0,133.0,0.0,Personal Auto,California,428.27511,SUV
XT55646,4428.625763,Bachelor,M,18263.0,117.0,0.0,Personal Auto,Arizona,758.333096,SUV
JH30819,25674.14895,Bachelor,F,66550.0,107.0,1.0,Corporate Auto,California,513.6,SUV
YV88022,6689.022728,High School or Below,M,56980.0,84.0,0.0,Personal Auto,Washington,599.000883,Two-Door Car
VF57165,16256.80661,High School or Below,F,21206.0,136.0,0.0,Corporate Auto,California,98.086192,Luxury
AZ36763,11834.73469,Bachelor,F,0.0,85.0,0.0,Personal Auto,Arizona,612.0,Four-Door Car
FL50532,8237.251407,Master,M,48866.0,103.0,0.0,Personal Auto,Arizona,494.4,Luxury
JP88955,8876.667487,High School or Below,M,30525.0,115.0,0.0,Personal Auto,Oregon,368.022992,Luxury
QF69163,4373.35826,College,F,25676.0,113.0,0.0,Personal Auto,Washington,542.4,Two-Door Car
OA26316,2221.364314,College,F,0.0,62.0,0.0,Personal Auto,Arizona,699.521401,Four-Door Car
FL55134,10408.96865,High School or Below,M,20228.0,101.0,1.0,Personal Auto,Nevada,523.815839,SUV
OL48469,4162.179638,High School or Below,M,0.0,67.0,3.0,Personal Auto,Nevada,321.6,Four-Door Car
CR86548,12349.70232,Master,F,67248.0,102.0,0.0,Personal Auto,Nevada,489.6,SUV
XO11574,3399.125502,High School or Below,M,28928.0,87.0,1.0,Personal Auto,California,192.644347,Four-Door Car
DM34321,3420.661111,Master,F,11652.0,89.0,0.0,Personal Auto,California,526.476537,Two-Door Car
WH56217,8927.565817,College,M,29136.0,118.0,0.0,Corporate Auto,Washington,566.4,SUV
BV55733,10852.95712,College,M,67696.0,97.0,5.0,Corporate Auto,Nevada,17.479575,Two-Door Car
PK37121,4369.595738,High School or Below,F,91775.0,108.0,0.0,Personal Auto,Washington,256.893746,SUV
EO87464,7915.980712,High School or Below,M,31383.0,99.0,0.0,Corporate Auto,Oregon,475.2,Four-Door Car
UF49068,7754.666388,College,M,0.0,117.0,0.0,Corporate Auto,California,918.655051,SUV
CH20044,2241.463188,Bachelor,F,0.0,65.0,0.0,Corporate Auto,California,312.0,Four-Door Car
NU57274,9354.128045,Bachelor,M,0.0,135.0,0.0,Personal Auto,California,972.0,SUV
CV63337,3499.139864,Bachelor,F,37273.0,88.0,0.0,Personal Auto,Oregon,422.4,Two-Door Car
GY87675,5140.391812,College,M,26952.0,76.0,1.0,Corporate Auto,Oregon,364.8,Four-Door Car
OH93496,3703.404606,Bachelor,M,0.0,109.0,0.0,Personal Auto,Arizona,784.8,SUV
AY99324,6555.360031,College,M,21853.0,86.0,0.0,Personal Auto,Oregon,412.8,Four-Door Car
MR27647,3312.176781,High School or Below,F,27431.0,85.0,0.0,Personal Auto,Washington,457.783791,Four-Door Car
VQ82774,16301.9676,Master,F,19614.0,85.0,0.0,Personal Auto,California,574.024018,Two-Door Car
WT38706,14635.45158,Bachelor,F,0.0,139.0,0.0,Personal Auto,Oregon,667.2,SUV
UI89243,5723.535705,Bachelor,F,77646.0,71.0,0.0,Personal Auto,California,340.8,Four-Door Car
XP69351,2443.925701,College,M,0.0,69.0,0.0,Personal Auto,California,124.180159,Four-Door Car
PY64219,13024.13012,Master,M,0.0,125.0,0.0,Personal Auto,California,900.0,SUV
QJ64737,6165.864761,High School or Below,F,60884.0,77.0,0.0,Personal Auto,California,491.848498,Four-Door Car
IU14618,5838.89915,High School or Below,M,81082.0,73.0,0.0,Personal Auto,Oregon,281.295903,Four-Door Car
HH61461,9971.017125,Bachelor,F,57483.0,82.0,0.0,Personal Auto,Nevada,540.072619,Four-Door Car
JX10102,3223.217276,High School or Below,F,0.0,91.0,1.0,Personal Auto,Arizona,655.2,Four-Door Car
SG86615,14558.42424,High School or Below,M,40260.0,73.0,0.0,Personal Auto,Oregon,299.505575,Four-Door Car
VE47660,9033.246265,High School or Below,F,30004.0,112.0,0.0,Personal Auto,Oregon,806.4,SUV
BZ36030,12590.93519,College,M,62575.0,106.0,0.0,Personal Auto,Oregon,508.8,Two-Door Car
KJ52520,8161.781091,High School or Below,F,45270.0,70.0,0.0,Personal Auto,Arizona,46.053458,Two-Door Car
IK60267,2730.96734,Bachelor,F,24967.0,69.0,0.0,Personal Auto,Nevada,331.2,Two-Door Car
NX15614,20294.39491,High School or Below,M,0.0,73.0,0.0,Personal Auto,Oregon,525.6,Two-Door Car
JO64353,5301.835462,High School or Below,F,20269.0,66.0,0.0,Personal Auto,Oregon,475.2,Two-Door Car
BL89983,9035.671134,High School or Below,F,34337.0,113.0,0.0,Special Auto,California,542.4,Four-Door Car
SE64365,4674.705262,High School or Below,M,35830.0,118.0,1.0,Corporate Auto,California,597.259924,Four-Door Car
JW16295,10676.58892,High School or Below,F,55510.0,89.0,0.0,Personal Auto,California,427.2,Two-Door Car
IC61020,7437.514997,High School or Below,F,88360.0,185.0,0.0,Personal Auto,Oregon,929.958895,Luxury
WB73140,5447.809042,High School or Below,F,0.0,73.0,0.0,Personal Auto,Arizona,350.4,Four-Door Car
JP52554,15550.19077,Bachelor,F,17449.0,71.0,0.0,Corporate Auto,California,268.676912,Four-Door Car
QZ24527,33473.34946,Bachelor,F,33190.0,106.0,0.0,Personal Auto,California,508.8,SUV
VB53090,8013.608606,Master,M,43196.0,66.0,0.0,Personal Auto,California,1.48947,Four-Door Car
LR49580,5061.180855,Bachelor,F,59216.0,64.0,2.0,Personal Auto,Oregon,200.493214,Four-Door Car
LH66741,7034.345804,Bachelor,M,23158.0,63.0,3.0,Personal Auto,Arizona,302.4,Four-Door Car
IS79761,3815.851163,High School or Below,M,38651.0,98.0,0.0,Personal Auto,Oregon,470.4,Two-Door Car
PM11577,8476.766278,Bachelor,F,74001.0,108.0,3.0,Corporate Auto,Oregon,254.311154,Two-Door Car
ZB84321,19690.44179,College,F,36032.0,70.0,0.0,Personal Auto,Washington,336.0,Four-Door Car
QO26846,3359.290918,Master,F,16891.0,88.0,0.0,Personal Auto,Oregon,633.6,Four-Door Car
YU55375,4502.408771,College,M,0.0,67.0,0.0,Personal Auto,Oregon,499.590386,Two-Door Car
YU83697,3871.073807,Bachelor,F,0.0,110.0,0.0,Corporate Auto,Nevada,528.0,SUV
LQ24783,6162.19867,Doctor,F,80590.0,76.0,0.0,Corporate Auto,Oregon,104.06843,Four-Door Car
KL27226,6412.368115,Bachelor,M,58776.0,83.0,2.0,Personal Auto,California,478.750667,Four-Door Car
MR84659,10208.92761,College,F,35482.0,129.0,0.0,Personal Auto,Oregon,619.2,SUV
GU92938,6943.555989,Bachelor,F,25612.0,61.0,0.0,Personal Auto,Nevada,292.8,Two-Door Car
OE56979,9551.167226,High School or Below,F,57016.0,119.0,0.0,Personal Auto,Oregon,341.868399,SUV
QT13680,2555.51822,High School or Below,M,25385.0,65.0,0.0,Corporate Auto,California,458.804028,Four-Door Car
FG35165,2480.487171,College,F,50516.0,62.0,0.0,Personal Auto,Washington,179.633818,Four-Door Car
MS41043,7469.145695,College,F,0.0,199.0,0.0,Personal Auto,Arizona,1956.368115,Luxury
BB19609,15769.10776,College,M,29977.0,133.0,0.0,Personal Auto,California,255.659711,SUV
QW44027,22837.1392,College,M,89384.0,285.0,0.0,Corporate Auto,Oregon,2052.0,Luxury
AS60178,2796.870102,Bachelor,F,54655.0,70.0,1.0,Corporate Auto,Nevada,186.608147,Four-Door Car
AP89323,2728.842912,College,F,40516.0,70.0,0.0,Personal Auto,Nevada,336.0,Four-Door Car
TY30683,3527.398513,College,F,26156.0,96.0,0.0,Corporate Auto,Oregon,460.8,Four-Door Car
MP16820,2821.100535,College,M,70047.0,71.0,0.0,Personal Auto,Arizona,107.713617,Two-Door Car
ZT60102,17790.40826,College,M,26000.0,256.0,0.0,Personal Auto,Arizona,1228.8,Luxury
QX24179,5619.649515,Bachelor,M,41878.0,71.0,0.0,Personal Auto,Oregon,161.695519,Four-Door Car
RL21492,4984.618655,Bachelor,M,86305.0,62.0,0.0,Corporate Auto,Arizona,80.73124,Four-Door Car
JW44963,5447.835272,College,F,55483.0,70.0,0.0,Personal Auto,Arizona,230.912999,Four-Door Car
IT37924,9752.698201,College,F,37345.0,82.0,0.0,Personal Auto,Oregon,31.652079,Four-Door Car
XC49176,3193.817363,Bachelor,F,93405.0,79.0,0.0,Corporate Auto,California,202.514015,Four-Door Car
JK30153,8566.423522,Master,F,99652.0,106.0,2.0,Personal Auto,Oregon,406.634615,SUV
MH50997,20003.14091,Bachelor,F,33901.0,84.0,1.0,Personal Auto,California,145.990089,Four-Door Car
YJ53102,3687.169374,Master,F,0.0,99.0,1.0,Corporate Auto,Oregon,378.261483,Four-Door Car
EX80215,2822.731903,College,F,0.0,77.0,0.0,Personal Auto,California,138.947984,Four-Door Car
NI46290,4860.910322,College,F,39429.0,62.0,0.0,Corporate Auto,Oregon,102.466444,Four-Door Car
CJ78860,3649.194138,High School or Below,M,0.0,104.0,0.0,Personal Auto,Oregon,748.8,SUV
WR88041,5043.801276,High School or Below,M,35832.0,65.0,0.0,Personal Auto,Washington,177.211626,Four-Door Car
YI70563,2780.845565,Bachelor,M,88704.0,69.0,0.0,Personal Auto,California,259.714887,Two-Door Car
XB91559,5274.429281,College,M,44051.0,67.0,0.0,Personal Auto,Washington,321.6,Four-Door Car
LT80200,2693.606981,High School or Below,F,0.0,74.0,0.0,Personal Auto,Oregon,355.2,Four-Door Car
DJ71217,21561.71277,College,M,0.0,110.0,0.0,Personal Auto,Washington,792.0,SUV
PI79725,2569.692441,Bachelor,F,79297.0,64.0,0.0,Corporate Auto,Oregon,164.328953,Four-Door Car
YV23210,7422.186246,High School or Below,M,23617.0,189.0,0.0,Personal Auto,Oregon,907.2,Luxury
BP49831,2926.5223,Bachelor,F,23656.0,80.0,3.0,Corporate Auto,Washington,384.0,Four-Door Car
OF20965,7284.363465,Bachelor,F,67780.0,92.0,0.0,Personal Auto,Nevada,601.455036,Four-Door Car
RX25695,22721.24078,Bachelor,M,26900.0,97.0,1.0,Personal Auto,Arizona,465.6,Four-Door Car
IO14680,8838.085637,Bachelor,M,82664.0,114.0,3.0,Corporate Auto,Oregon,133.425609,SUV
WI52672,13576.143,High School or Below,F,94153.0,111.0,0.0,Corporate Auto,California,4.845348,SUV
YC45944,3885.456401,College,M,0.0,105.0,0.0,Personal Auto,Arizona,504.0,Four-Door Car
FV22585,6960.920371,College,M,74487.0,88.0,0.0,Personal Auto,Oregon,16.711329,Four-Door Car
HP27902,23536.74767,Bachelor,F,33747.0,199.0,0.0,Corporate Auto,Arizona,832.701335,Luxury
TP52309,13752.46705,High School or Below,M,0.0,131.0,1.0,Personal Auto,California,628.8,Luxury
KU54022,3323.856125,High School or Below,F,12762.0,86.0,0.0,Corporate Auto,Nevada,412.8,Two-Door Car
FP67637,5380.312218,Bachelor,M,93818.0,66.0,0.0,Personal Auto,Nevada,248.405684,Four-Door Car
SO43919,14228.23432,Bachelor,M,31650.0,121.0,0.0,Personal Auto,California,580.8,SUV
LH85364,26016.525,High School or Below,F,43922.0,83.0,0.0,Personal Auto,Oregon,40.740297,Four-Door Car
AP95078,7855.324623,Bachelor,M,37229.0,67.0,0.0,Personal Auto,Oregon,321.6,Four-Door Car
JC16991,7423.899674,Master,F,36639.0,62.0,0.0,Personal Auto,Arizona,297.6,Four-Door Car
GG24674,2497.543631,High School or Below,F,15520.0,66.0,0.0,Personal Auto,California,316.8,Two-Door Car
IA11038,8845.710917,College,F,77077.0,112.0,0.0,Personal Auto,Oregon,528.047506,SUV
SA88518,7737.265103,College,F,50296.0,65.0,1.0,Personal Auto,Oregon,46.804,Two-Door Car
GO80206,2433.214447,Bachelor,F,23737.0,62.0,1.0,Personal Auto,Arizona,437.934279,Four-Door Car
GB71156,9156.322563,College,M,59624.0,117.0,0.0,Corporate Auto,California,582.781896,Four-Door Car
RU39880,11747.65373,Bachelor,F,58658.0,74.0,0.0,Personal Auto,California,355.2,Two-Door Car
ND77597,11084.60844,Bachelor,M,25542.0,70.0,0.0,Personal Auto,Oregon,448.374285,Four-Door Car
RB70060,7434.247572,High School or Below,M,51408.0,62.0,0.0,Personal Auto,California,297.6,Four-Door Car
BH68769,6347.497519,Bachelor,M,42259.0,81.0,0.0,Personal Auto,Oregon,529.502964,Two-Door Car
IO64256,2736.944466,High School or Below,F,78889.0,68.0,0.0,Corporate Auto,Oregon,51.822348,Two-Door Car
XU98055,9546.81655,College,M,15406.0,124.0,0.0,Personal Auto,Arizona,892.8,SUV
HP68848,9165.721087,High School or Below,F,53792.0,115.0,1.0,Corporate Auto,Arizona,552.0,Four-Door Car
AW84946,4479.59882,Bachelor,M,36349.0,117.0,3.0,Personal Auto,Arizona,326.787526,SUV
HE29300,38545.70689,College,M,41104.0,109.0,0.0,Corporate Auto,California,440.030847,SUV
XK99408,9177.953095,High School or Below,F,29098.0,115.0,0.0,Personal Auto,California,683.554301,SUV
RA38184,3444.171166,Bachelor,F,0.0,93.0,0.0,Corporate Auto,Arizona,7.991571,Four-Door Car
TN79733,16468.22079,High School or Below,F,0.0,63.0,0.0,Personal Auto,Oregon,685.12694,Four-Door Car
RU58277,15485.80378,Master,F,72026.0,191.0,0.0,Corporate Auto,California,554.926724,Luxury
LI10567,11700.6441,High School or Below,M,0.0,169.0,0.0,Personal Auto,Oregon,1312.201307,Luxury
JB29250,7573.336505,High School or Below,F,87615.0,94.0,0.0,Personal Auto,Oregon,451.2,Four-Door Car
VN57368,7091.740512,High School or Below,M,0.0,68.0,0.0,Corporate Auto,California,489.6,Four-Door Car
VT51874,14862.76011,High School or Below,M,0.0,82.0,0.0,Personal Auto,Oregon,393.6,Four-Door Car
BC48076,7783.78421,Master,F,48689.0,191.0,0.0,Personal Auto,Washington,985.193759,Luxury
DX91931,10242.4096,College,M,0.0,150.0,0.0,Personal Auto,Washington,1080.0,SUV
BP74289,7281.247847,College,M,0.0,103.0,0.0,Personal Auto,Oregon,494.4,SUV
PS77478,6863.706694,College,M,0.0,110.0,1.0,Personal Auto,Arizona,792.0,SUV
DA10870,6289.799089,Bachelor,M,40675.0,81.0,2.0,Personal Auto,Arizona,563.727058,Four-Door Car
TE60343,4716.264294,High School or Below,M,25746.0,61.0,1.0,Corporate Auto,Oregon,292.8,Four-Door Car
XJ40322,5294.28379,High School or Below,F,61687.0,67.0,0.0,Personal Auto,California,120.128737,Two-Door Car
HJ57617,7685.402943,Bachelor,M,31686.0,101.0,2.0,Corporate Auto,Oregon,710.661746,SUV
CD95333,5638.930838,Bachelor,M,20920.0,74.0,0.0,Personal Auto,California,14.784843,Two-Door Car
CW98743,2554.033928,College,F,22538.0,64.0,0.0,Personal Auto,California,423.787608,Four-Door Car
PA80607,8096.312478,High School or Below,M,85483.0,67.0,0.0,Personal Auto,Oregon,314.143133,Two-Door Car
YC87263,21312.37811,Master,F,70734.0,175.0,0.0,Corporate Auto,Oregon,1200.292827,SUV
EB52195,7981.444703,College,F,40639.0,67.0,0.0,Personal Auto,Oregon,301.60252,Four-Door Car
VF33776,31269.27308,High School or Below,F,90289.0,99.0,3.0,Corporate Auto,Nevada,164.496171,Four-Door Car
BP23267,73225.95652,Bachelor,F,39547.0,202.0,0.0,Personal Auto,California,969.6,Luxury
OH80943,2659.70565,College,F,0.0,87.0,3.0,Special Auto,California,420.041981,Four-Door Car
OA46321,15512.24997,College,M,54833.0,198.0,3.0,Corporate Auto,Oregon,1396.702365,Luxury
CA22248,2505.42043,Master,F,60546.0,63.0,0.0,Personal Auto,Oregon,46.278027,Four-Door Car
LK40273,4898.674401,College,M,33938.0,64.0,0.0,Personal Auto,Oregon,63.709865,Four-Door Car
LI13735,3113.338974,Bachelor,F,85586.0,77.0,0.0,Personal Auto,Oregon,13.444132,Two-Door Car
LK35963,17019.0061,Bachelor,F,89601.0,70.0,0.0,Personal Auto,California,117.015463,Two-Door Car
YK36937,5791.012841,College,M,33799.0,74.0,1.0,Personal Auto,Washington,355.2,Four-Door Car
IY91183,3683.794027,Master,F,0.0,100.0,1.0,Personal Auto,Arizona,480.0,SUV
RA91280,3436.134281,Doctor,M,30817.0,88.0,0.0,Personal Auto,Arizona,91.834668,Four-Door Car
LA78882,6297.002886,Bachelor,M,0.0,189.0,1.0,Personal Auto,California,1823.730828,Luxury
RO26233,2464.707849,College,F,31056.0,63.0,0.0,Personal Auto,California,302.4,Four-Door Car
ZE79055,3075.594979,Bachelor,M,65017.0,81.0,4.0,Personal Auto,California,301.841073,Four-Door Car
OI92280,8428.471635,College,F,12180.0,113.0,0.0,Corporate Auto,Oregon,675.569113,SUV
UK62940,2354.495752,College,M,0.0,64.0,0.0,Personal Auto,Oregon,333.830572,Four-Door Car
PU41916,22103.5072,College,M,0.0,102.0,0.0,Personal Auto,Oregon,489.6,SUV
QU75179,7147.621865,Bachelor,M,87454.0,89.0,0.0,Personal Auto,California,60.921658,Four-Door Car
PB16956,7842.377593,College,F,51001.0,99.0,1.0,Personal Auto,Oregon,291.890464,Four-Door Car
JX60415,3554.845264,Master,F,58557.0,88.0,0.0,Personal Auto,Arizona,55.510526,Four-Door Car
CG39505,7251.331956,Bachelor,M,18665.0,66.0,0.0,Personal Auto,Oregon,583.278307,Four-Door Car
GD59850,5316.606293,College,F,21299.0,69.0,0.0,Corporate Auto,Oregon,331.2,Four-Door Car
ME37450,5210.348372,Bachelor,M,89781.0,66.0,0.0,Special Auto,Arizona,37.960537,Four-Door Car
EE24901,2989.912494,Bachelor,M,0.0,83.0,0.0,Personal Auto,Arizona,398.4,Two-Door Car
VY40793,4270.034394,College,M,0.0,122.0,0.0,Personal Auto,Oregon,725.870693,SUV
ZB54635,2524.646973,Bachelor,F,0.0,68.0,3.0,Personal Auto,California,386.977271,Two-Door Car
IF58637,2555.851671,High School or Below,F,22881.0,65.0,0.0,Personal Auto,California,312.0,Four-Door Car
RE95629,2320.516874,College,F,0.0,63.0,0.0,Personal Auto,California,453.6,Two-Door Car
XO67536,2563.394054,College,F,10860.0,66.0,0.0,Personal Auto,California,316.8,Four-Door Car
QY56887,14208.50598,High School or Below,F,0.0,131.0,0.0,Corporate Auto,Arizona,943.2,SUV
TB77524,8048.371634,College,F,0.0,116.0,0.0,Personal Auto,Arizona,1339.303486,SUV
WM14507,7671.847478,High School or Below,F,62582.0,95.0,0.0,Personal Auto,Nevada,456.0,Four-Door Car
XL90594,7584.361069,College,F,87473.0,95.0,0.0,Personal Auto,California,448.061777,Four-Door Car
CQ78705,7145.29959,College,F,92681.0,91.0,3.0,Personal Auto,Oregon,436.8,Four-Door Car
NY55083,14083.97061,College,F,74916.0,62.0,4.0,Personal Auto,Oregon,123.490337,Two-Door Car
NJ28041,13055.57087,High School or Below,M,58684.0,162.0,0.0,Personal Auto,Oregon,1166.4,SUV
CF62430,9129.872774,Bachelor,F,70973.0,114.0,1.0,Personal Auto,Nevada,547.2,SUV
SM54927,6739.664992,Bachelor,F,0.0,93.0,0.0,Personal Auto,Washington,13.073952,Four-Door Car
RV58659,4422.883059,College,F,21124.0,112.0,0.0,Corporate Auto,Washington,733.319294,SUV
UZ42802,4526.606038,Bachelor,M,0.0,135.0,0.0,Personal Auto,Oregon,1516.383753,Luxury
KD63933,7048.384055,College,M,24030.0,194.0,0.0,Personal Auto,California,970.688934,Luxury
EG54606,5218.97082,Bachelor,M,21371.0,66.0,0.0,Personal Auto,California,590.017366,Four-Door Car
OP73328,5399.57618,High School or Below,F,71186.0,67.0,0.0,Personal Auto,Arizona,29.984815,Two-Door Car
QG61936,4516.811394,Master,M,0.0,124.0,0.0,Corporate Auto,California,595.2,SUV
UU22643,3600.934326,High School or Below,F,25147.0,101.0,0.0,Personal Auto,Oregon,694.598288,SUV
MF65419,3979.586552,Bachelor,M,0.0,116.0,0.0,Personal Auto,Oregon,835.2,Luxury
NT97069,2533.740057,Bachelor,M,53988.0,64.0,0.0,Personal Auto,Washington,206.82346,Two-Door Car
OC50447,4966.767294,Bachelor,M,38055.0,64.0,1.0,Personal Auto,Nevada,39.069987,Two-Door Car
FA39525,4901.892602,High School or Below,M,72859.0,61.0,0.0,Personal Auto,Oregon,49.961074,Two-Door Car
XW18691,7751.927614,Doctor,M,67787.0,194.0,0.0,Personal Auto,Washington,469.257835,SUV
UN98304,6880.63389,High School or Below,M,0.0,66.0,0.0,Corporate Auto,Oregon,475.2,Four-Door Car
ZW33889,2477.708203,Bachelor,F,44280.0,62.0,0.0,Corporate Auto,California,130.298883,Two-Door Car
MQ80538,2727.735302,College,M,0.0,78.0,0.0,Personal Auto,Oregon,374.4,Four-Door Car
HZ28612,5626.572446,College,F,59782.0,70.0,0.0,Personal Auto,Washington,336.0,Four-Door Car
ZQ35017,4650.063763,College,M,28215.0,65.0,0.0,Personal Auto,California,468.0,Two-Door Car
AE30506,2396.219292,Bachelor,F,0.0,66.0,2.0,Personal Auto,California,433.160284,Four-Door Car
LA16827,5432.862643,Master,M,49919.0,134.0,0.0,Personal Auto,Arizona,643.2,SUV
TB46243,8693.649178,High School or Below,M,88294.0,108.0,0.0,Personal Auto,Arizona,367.150034,SUV
GI14815,15759.62394,College,M,55800.0,66.0,0.0,Personal Auto,Washington,473.324671,Two-Door Car
LQ28707,22658.53652,Bachelor,M,23665.0,67.0,0.0,Personal Auto,Oregon,404.817249,Four-Door Car
LC27380,5720.897922,High School or Below,F,32224.0,72.0,0.0,Personal Auto,Oregon,19.281882,Four-Door Car
TJ32609,8925.632207,High School or Below,M,23860.0,114.0,1.0,Personal Auto,California,547.2,SUV
AU71562,2936.726182,High School or Below,F,27179.0,74.0,0.0,Personal Auto,Washington,355.2,Four-Door Car
JQ66292,2592.890469,Master,F,35705.0,65.0,0.0,Personal Auto,Oregon,312.0,Two-Door Car
BD66455,4920.77107,High School or Below,M,0.0,143.0,0.0,Personal Auto,California,1029.6,SUV
HS97484,32437.0535,College,F,0.0,99.0,0.0,Personal Auto,California,475.2,Four-Door Car
AB45325,2577.319607,High School or Below,M,74215.0,64.0,0.0,Personal Auto,Arizona,345.180055,Two-Door Car
ML93514,4737.841289,Bachelor,M,63977.0,118.0,0.0,Personal Auto,California,32.83059,Four-Door Car
EO56466,24660.48825,College,M,22070.0,72.0,0.0,Special Auto,Oregon,345.6,Four-Door Car
ZK52226,2499.411829,High School or Below,F,0.0,72.0,0.0,Corporate Auto,California,345.6,Two-Door Car
EK87467,2722.210707,College,F,17576.0,71.0,0.0,Personal Auto,Arizona,398.502948,Four-Door Car
QT24496,4083.560673,College,F,13483.0,107.0,0.0,Personal Auto,California,556.054702,SUV
NM44679,9783.628981,College,M,0.0,136.0,0.0,Personal Auto,California,979.2,SUV
SK47066,10492.97256,College,M,72297.0,87.0,2.0,Personal Auto,Washington,109.543927,Four-Door Car
YB39959,3237.996209,Master,M,60244.0,83.0,3.0,Personal Auto,Oregon,326.281835,Four-Door Car
OB97365,4045.341004,High School or Below,F,77237.0,102.0,0.0,Personal Auto,California,197.040115,Four-Door Car
HX53470,4711.845199,College,F,0.0,129.0,0.0,Corporate Auto,California,1178.950186,SUV
JA17689,2416.479564,Bachelor,M,0.0,68.0,0.0,Personal Auto,Arizona,436.411688,Two-Door Car
CJ63667,31803.30779,Master,F,25663.0,114.0,0.0,Corporate Auto,Oregon,663.131089,Luxury
GI70759,4818.635094,Bachelor,M,0.0,71.0,0.0,Personal Auto,California,511.2,Four-Door Car
LT24477,8605.495006,High School or Below,M,47589.0,109.0,1.0,Personal Auto,California,110.529874,SUV
LQ45358,4035.769432,Bachelor,M,0.0,112.0,0.0,Personal Auto,Nevada,537.6,Four-Door Car
WY58284,8622.835375,Bachelor,M,97361.0,73.0,0.0,Personal Auto,California,350.4,Four-Door Car
YD53564,5553.801956,College,F,26441.0,71.0,0.0,Personal Auto,California,152.216871,Two-Door Car
NI66988,24868.24096,High School or Below,F,0.0,128.0,0.0,Personal Auto,Oregon,715.951352,SUV
LW25030,5046.892442,Bachelor,F,29957.0,65.0,0.0,Corporate Auto,Arizona,312.0,Four-Door Car
KX47545,8031.706693,High School or Below,M,40082.0,69.0,0.0,Personal Auto,Oregon,331.2,Four-Door Car
XB27698,8622.835375,Bachelor,M,97361.0,73.0,0.0,Personal Auto,Oregon,350.4,Four-Door Car
BX45636,9161.655119,High School or Below,F,91763.0,113.0,0.0,Special Auto,California,441.992043,SUV
IS85460,5956.545724,High School or Below,F,48993.0,74.0,0.0,Personal Auto,California,810.461707,Two-Door Car
EG36536,8496.063681,Bachelor,M,24031.0,109.0,0.0,Personal Auto,Arizona,523.2,Luxury
UZ95992,4376.363592,Bachelor,F,63774.0,111.0,0.0,Personal Auto,California,60.036683,Four-Door Car
QL20148,22332.43946,College,M,49078.0,97.0,0.0,Personal Auto,Oregon,484.013411,Four-Door Car
SV51174,20631.15177,Master,M,28935.0,87.0,0.0,Personal Auto,Oregon,119.630789,Two-Door Car
WP10197,3933.813993,High School or Below,M,25927.0,103.0,0.0,Personal Auto,Nevada,674.973614,SUV
VV81837,4928.648668,High School or Below,M,52507.0,123.0,0.0,Personal Auto,Oregon,590.4,SUV
GT41712,5414.320958,Bachelor,F,0.0,74.0,0.0,Personal Auto,California,78.581528,Four-Door Car
VL59942,10571.5377,Bachelor,F,94137.0,65.0,0.0,Personal Auto,Arizona,43.579327,Four-Door Car
LH53046,5439.3601,High School or Below,F,69186.0,69.0,0.0,Personal Auto,Nevada,192.591072,Four-Door Car
OG36837,7648.25947,Doctor,F,91071.0,94.0,2.0,Personal Auto,Arizona,402.74168,Four-Door Car
VO30155,5421.537952,High School or Below,M,85447.0,71.0,2.0,Corporate Auto,Nevada,509.997312,Four-Door Car
WW19050,5714.246379,High School or Below,M,0.0,79.0,0.0,Personal Auto,Oregon,50.447629,Two-Door Car
UY85263,11255.46343,Bachelor,F,88858.0,93.0,0.0,Personal Auto,Nevada,310.36774,Four-Door Car
CS30372,5420.339434,Bachelor,M,21881.0,69.0,0.0,Corporate Auto,Oregon,133.099001,Four-Door Car
TQ85537,2980.464566,College,M,72669.0,74.0,0.0,Personal Auto,Washington,332.76894,Four-Door Car
PE72696,10892.90825,College,M,68025.0,91.0,0.0,Personal Auto,California,436.8,Four-Door Car
UV89077,11638.89947,College,F,25370.0,102.0,0.0,Personal Auto,Oregon,489.6,Luxury
EI29901,7295.42703,Bachelor,M,26849.0,62.0,0.0,Personal Auto,Arizona,38.309313,Four-Door Car
FD16853,5373.724065,High School or Below,F,0.0,72.0,0.0,Personal Auto,Arizona,427.265172,Four-Door Car
FH81409,8152.244431,High School or Below,M,0.0,79.0,0.0,Personal Auto,California,568.8,Four-Door Car
ZF64287,13081.3077,High School or Below,M,89948.0,110.0,1.0,Special Auto,California,125.017501,Luxury
NT82538,4496.977642,Bachelor,F,0.0,63.0,0.0,Personal Auto,Oregon,419.610914,Two-Door Car
HA56608,13727.79972,College,M,0.0,126.0,0.0,Special Auto,California,604.8,SUV
JZ61712,3359.239423,Bachelor,M,97576.0,83.0,1.0,Personal Auto,Nevada,544.712653,Two-Door Car
SH55598,3703.437656,High School or Below,F,23120.0,93.0,0.0,Personal Auto,Arizona,446.4,Four-Door Car
TM43177,3105.35094,High School or Below,F,97234.0,78.0,0.0,Personal Auto,Oregon,317.982567,Four-Door Car
WR90490,4893.979609,High School or Below,M,25572.0,65.0,0.0,Personal Auto,Nevada,312.0,Four-Door Car
WV57524,10208.92761,College,F,35482.0,129.0,0.0,Personal Auto,Oregon,619.2,SUV
LK73001,8954.434101,College,M,34614.0,114.0,0.0,Personal Auto,California,547.2,Four-Door Car
JQ29969,4236.468669,Bachelor,F,59038.0,105.0,0.0,Personal Auto,Oregon,588.265049,Two-Door Car
GS50147,5234.780561,High School or Below,M,0.0,73.0,0.0,Personal Auto,Oregon,794.874636,Two-Door Car
NB10500,3939.00637,Bachelor,F,60021.0,99.0,0.0,Personal Auto,California,882.871945,Four-Door Car
NM77735,8396.605358,Bachelor,F,47593.0,72.0,0.0,Personal Auto,Oregon,344.137073,Four-Door Car
CG36206,2141.979314,Bachelor,M,0.0,67.0,1.0,Personal Auto,California,321.6,Four-Door Car
UZ80048,6185.9699,College,M,28001.0,83.0,0.0,Personal Auto,Oregon,438.778537,Two-Door Car
UM15297,9640.532979,Bachelor,F,30431.0,122.0,0.0,Corporate Auto,California,133.4674,SUV
DW11738,4241.636538,Master,M,19834.0,64.0,4.0,Personal Auto,California,460.8,Four-Door Car
YK92080,3436.448003,College,F,30509.0,88.0,0.0,Personal Auto,California,442.964578,Four-Door Car
TO39943,4897.979559,High School or Below,F,30503.0,63.0,3.0,Corporate Auto,Washington,257.923563,Two-Door Car
JV29414,17788.05705,Doctor,M,73339.0,89.0,0.0,Personal Auto,Oregon,17.558721,Four-Door Car
JQ22359,3268.323585,College,F,0.0,93.0,0.0,Personal Auto,Oregon,549.101027,Two-Door Car
VW84170,2819.114769,High School or Below,F,88067.0,70.0,0.0,Personal Auto,Washington,336.0,Four-Door Car
DA84476,7019.177186,College,M,26806.0,63.0,0.0,Corporate Auto,Oregon,302.4,Four-Door Car
TV34024,4108.257228,High School or Below,M,0.0,114.0,0.0,Personal Auto,Oregon,820.8,SUV
UO32521,2195.911185,High School or Below,F,0.0,63.0,0.0,Corporate Auto,California,617.201984,Two-Door Car
GR90142,3808.122147,College,F,94903.0,94.0,0.0,Personal Auto,Oregon,451.2,Two-Door Car
ZS73935,23435.72605,High School or Below,F,42862.0,65.0,0.0,Personal Auto,Washington,254.223496,Four-Door Car
XH71839,6739.316292,High School or Below,M,0.0,96.0,0.0,Personal Auto,Oregon,1012.030163,Four-Door Car
CM48429,23554.392,High School or Below,M,31157.0,100.0,0.0,Personal Auto,California,444.530425,SUV
FS56709,2874.074736,Doctor,M,44084.0,72.0,0.0,Personal Auto,California,243.598068,Four-Door Car
IJ52285,6135.083838,Master,F,43579.0,77.0,0.0,Personal Auto,Arizona,452.095421,Two-Door Car
UF36172,6900.951275,High School or Below,F,0.0,92.0,0.0,Personal Auto,Oregon,428.064465,Two-Door Car
LQ71247,4524.642758,High School or Below,F,0.0,65.0,2.0,Personal Auto,Arizona,490.113784,Four-Door Car
KB25170,2560.082499,Doctor,F,88059.0,63.0,0.0,Personal Auto,Washington,144.551024,Four-Door Car
EY19523,2333.609334,Bachelor,M,25772.0,64.0,0.0,Personal Auto,Washington,307.2,Four-Door Car
CY30418,5783.175676,College,M,72354.0,73.0,0.0,Personal Auto,Washington,13.949992,Four-Door Car
XP92021,13295.60284,High School or Below,F,68009.0,110.0,0.0,Personal Auto,Oregon,528.0,SUV
MQ64736,3700.420255,Bachelor,F,12287.0,99.0,0.0,Personal Auto,Washington,712.8,Four-Door Car
MT67399,6488.89559,Bachelor,F,95025.0,81.0,0.0,Personal Auto,Nevada,271.968707,Four-Door Car
HG81172,7693.119768,College,F,54665.0,97.0,1.0,Personal Auto,Arizona,99.810799,Four-Door Car
DB34757,2630.213326,College,M,80129.0,66.0,0.0,Personal Auto,Arizona,165.243007,Four-Door Car
AM79057,2287.91729,Bachelor,F,69024.0,61.0,5.0,Personal Auto,Oregon,238.530745,Four-Door Car
HJ21793,4648.539191,Bachelor,F,0.0,121.0,0.0,Personal Auto,Oregon,1080.559002,SUV
QH61060,9209.41167,High School or Below,F,31365.0,115.0,0.0,Special Auto,Arizona,828.0,SUV
UR40795,9269.677845,High School or Below,M,27849.0,119.0,0.0,Personal Auto,Oregon,571.2,Luxury
KR88393,15002.60308,High School or Below,F,19245.0,84.0,1.0,Personal Auto,California,604.8,Four-Door Car
YK65946,8427.172486,Bachelor,F,46503.0,215.0,1.0,Personal Auto,Oregon,1032.0,Luxury
FD21881,3011.766294,College,M,77912.0,76.0,0.0,Personal Auto,Oregon,444.027215,Two-Door Car
CG60089,12898.59142,Bachelor,M,37449.0,111.0,1.0,Personal Auto,Washington,170.559281,Four-Door Car
AS48176,12168.74492,Bachelor,M,14973.0,115.0,0.0,Personal Auto,Oregon,828.0,SUV
MY55142,5551.589436,College,M,46043.0,70.0,0.0,Personal Auto,Washington,336.0,Four-Door Car
SN94425,4541.26342,High School or Below,F,0.0,65.0,2.0,Special Auto,Oregon,312.0,Four-Door Car
DY69629,3096.511217,College,F,21604.0,79.0,0.0,Corporate Auto,Oregon,379.2,Four-Door Car
UI73553,2359.423599,Bachelor,F,19864.0,63.0,0.0,Personal Auto,Nevada,352.394515,Four-Door Car
CW63533,2468.443101,Bachelor,M,65876.0,63.0,1.0,Personal Auto,California,44.359382,Two-Door Car
EY71418,25640.24004,Bachelor,F,24695.0,168.0,0.0,Corporate Auto,Oregon,806.4,SUV
SK47162,3567.503755,Bachelor,M,0.0,102.0,0.0,Personal Auto,Oregon,660.430456,SUV
VK43303,6019.92547,Bachelor,M,68658.0,77.0,0.0,Personal Auto,Oregon,296.261405,Two-Door Car
SB60942,7258.634662,College,M,88082.0,61.0,1.0,Personal Auto,Arizona,218.779614,Two-Door Car
SX29898,9111.75642,Bachelor,F,54751.0,114.0,0.0,Personal Auto,California,721.241935,SUV
ER29107,6369.262355,High School or Below,M,34498.0,83.0,0.0,Personal Auto,Oregon,398.4,Two-Door Car
QV13947,4425.749642,College,M,63597.0,114.0,2.0,Personal Auto,Oregon,183.978738,SUV
UO54511,4950.250892,High School or Below,F,27400.0,63.0,1.0,Personal Auto,California,302.4,Four-Door Car
AD18174,4837.926404,High School or Below,F,0.0,65.0,0.0,Personal Auto,California,468.0,Four-Door Car
HB48518,3891.537785,College,M,31409.0,100.0,0.0,Corporate Auto,Nevada,116.163,SUV
LC12930,4872.01638,Master,M,0.0,64.0,0.0,Personal Auto,California,307.2,Four-Door Car
ZQ22116,5310.905647,High School or Below,F,73102.0,66.0,0.0,Corporate Auto,Arizona,117.928547,Four-Door Car
XB35510,8704.278179,Bachelor,M,38072.0,113.0,1.0,Personal Auto,California,151.055863,SUV
CV78865,2698.010741,High School or Below,M,95399.0,68.0,1.0,Personal Auto,Arizona,78.003781,Two-Door Car
WF75492,8360.14874,High School or Below,M,48521.0,105.0,0.0,Personal Auto,Oregon,263.82569,Luxury
WH41844,5316.644499,Bachelor,F,45856.0,67.0,0.0,Personal Auto,Oregon,91.735354,Two-Door Car
TU47984,3733.034622,College,F,21542.0,97.0,0.0,Personal Auto,Arizona,465.6,Four-Door Car
IO73222,5407.745153,Bachelor,F,22555.0,70.0,0.0,Personal Auto,Washington,336.0,Two-Door Car
NJ21108,5297.673655,Bachelor,F,33832.0,67.0,1.0,Corporate Auto,Oregon,321.6,Four-Door Car
OH91173,3873.647046,College,M,28142.0,105.0,0.0,Personal Auto,California,701.708239,Luxury
FT24768,6508.759916,Bachelor,M,60188.0,84.0,3.0,Personal Auto,California,333.423827,Four-Door Car
OM92482,4834.397455,Bachelor,M,11698.0,65.0,0.0,Personal Auto,Arizona,468.0,Four-Door Car
IZ47097,2927.216278,Master,F,76850.0,72.0,0.0,Personal Auto,Arizona,345.6,Four-Door Car
KQ49890,5924.667902,High School or Below,M,78387.0,74.0,0.0,Corporate Auto,Oregon,204.090644,Four-Door Car
XB15703,15262.95878,Bachelor,M,80757.0,128.0,0.0,Personal Auto,California,339.73717,SUV
GR31499,2541.627614,Master,F,23692.0,65.0,2.0,Personal Auto,Oregon,312.0,Two-Door Car
No59551,4904.894731,College,F,12902.0,139.0,0.0,Personal Auto,California,667.2,Luxury
KV17233,2434.004911,Bachelor,F,23033.0,62.0,0.0,Personal Auto,Arizona,500.908028,Two-Door Car
OD75777,5586.965345,College,F,19280.0,72.0,0.0,Personal Auto,Oregon,345.6,Four-Door Car
LD68165,26197.41498,High School or Below,F,18495.0,113.0,0.0,Corporate Auto,Arizona,542.4,SUV
YO14199,2609.877842,High School or Below,M,30825.0,68.0,0.0,Personal Auto,Oregon,326.4,Four-Door Car
RR49534,3265.156348,Bachelor,F,25820.0,82.0,0.0,Personal Auto,Oregon,393.6,Four-Door Car
WL69218,17435.68167,Bachelor,F,54105.0,73.0,2.0,Personal Auto,Oregon,350.4,Two-Door Car
JF38079,9080.604474,High School or Below,M,69853.0,114.0,2.0,Personal Auto,California,244.278662,SUV
GY64553,4637.034667,Bachelor,M,97017.0,115.0,1.0,Personal Auto,California,534.079032,Two-Door Car
CT11176,2615.304467,Bachelor,F,24914.0,66.0,0.0,Personal Auto,California,138.729702,Four-Door Car
WU95334,7019.177186,College,M,26806.0,63.0,0.0,Personal Auto,California,302.4,Four-Door Car
BK43823,12052.98409,High School or Below,F,25419.0,101.0,0.0,Personal Auto,Oregon,584.567645,Four-Door Car
LK90215,2647.519741,College,M,37876.0,69.0,0.0,Personal Auto,Oregon,300.056383,Four-Door Car
XH72888,15956.02945,High School or Below,M,36354.0,202.0,0.0,Corporate Auto,Arizona,1454.4,Luxury
MY89889,5039.389325,Bachelor,F,0.0,74.0,0.0,Personal Auto,Nevada,355.2,Four-Door Car
CY33307,5583.830065,College,F,32403.0,71.0,0.0,Corporate Auto,California,97.410282,Four-Door Car
BC51708,5074.841142,High School or Below,M,51659.0,64.0,0.0,Personal Auto,California,307.2,Four-Door Car
JX78176,12045.67286,Bachelor,F,55805.0,99.0,0.0,Personal Auto,California,425.527151,Four-Door Car
GP20237,2727.082424,Bachelor,F,29286.0,69.0,1.0,Personal Auto,Nevada,496.8,Four-Door Car
OY68395,55277.44589,High School or Below,F,40740.0,198.0,0.0,Personal Auto,Oregon,950.4,Luxury
GN18675,5080.23973,Bachelor,M,70784.0,64.0,0.0,Special Auto,California,107.928851,Four-Door Car
EQ75249,5838.133617,College,F,55419.0,72.0,0.0,Personal Auto,Arizona,171.166733,Four-Door Car
JV40853,27666.30052,High School or Below,F,61886.0,87.0,0.0,Personal Auto,California,417.6,Two-Door Car
OZ47099,2676.948677,Master,M,0.0,71.0,0.0,Corporate Auto,Arizona,340.8,Four-Door Car
RB16360,5330.593183,High School or Below,M,84240.0,132.0,0.0,Personal Auto,Oregon,633.6,SUV
JK26373,6305.925101,High School or Below,M,0.0,65.0,2.0,Personal Auto,California,468.0,Two-Door Car
GM88979,4746.759537,College,F,54050.0,119.0,0.0,Personal Auto,Oregon,571.2,Two-Door Car
XM57550,3423.973171,College,F,29958.0,90.0,0.0,Personal Auto,Washington,432.0,Four-Door Car
SD94067,6610.048274,Master,F,23616.0,83.0,0.0,Special Auto,California,229.620398,Two-Door Car
OY96856,8044.872393,Bachelor,M,71391.0,67.0,0.0,Personal Auto,Oregon,284.000172,Four-Door Car
FL76894,4314.174392,High School or Below,M,33488.0,110.0,0.0,Personal Auto,Washington,316.876671,SUV
XH72278,6715.294284,High School or Below,M,0.0,92.0,0.0,Personal Auto,Arizona,441.6,Two-Door Car
YV49293,17646.72772,College,F,36900.0,61.0,3.0,Corporate Auto,Arizona,109.291516,Two-Door Car
QV83172,41855.17315,High School or Below,M,28311.0,134.0,0.0,Personal Auto,Nevada,643.2,SUV
LU18867,6620.444259,High School or Below,M,25075.0,86.0,0.0,Personal Auto,Oregon,412.8,Four-Door Car
CZ25193,4078.290374,Bachelor,M,57031.0,104.0,1.0,Personal Auto,Arizona,13.810251,Four-Door Car
VE87035,8382.478392,Bachelor,M,25998.0,71.0,0.0,Personal Auto,Oregon,791.878042,Four-Door Car
VY27019,4807.002259,College,F,0.0,69.0,0.0,Personal Auto,Oregon,496.8,Four-Door Car
GP22382,4858.116042,College,F,21685.0,127.0,0.0,Corporate Auto,Oregon,609.6,Luxury
FG15154,7240.662339,Bachelor,M,32818.0,93.0,0.0,Personal Auto,California,446.4,Four-Door Car
NK34682,2736.53263,Bachelor,M,39492.0,68.0,0.0,Corporate Auto,Oregon,326.4,Four-Door Car
YQ98465,26197.41498,High School or Below,F,18495.0,113.0,0.0,Personal Auto,California,542.4,SUV
TY86306,2336.286633,College,F,21564.0,61.0,0.0,Corporate Auto,California,49.014822,Two-Door Car
CN19138,2254.931708,Bachelor,F,0.0,65.0,0.0,Corporate Auto,Arizona,312.0,Four-Door Car
LO14518,6376.754915,Bachelor,M,27835.0,81.0,0.0,Personal Auto,California,529.45565,Two-Door Car
No73257,2941.828805,Bachelor,F,64431.0,74.0,0.0,Personal Auto,Nevada,48.181699,Four-Door Car
RE80124,6199.962422,College,F,0.0,84.0,0.0,Personal Auto,Arizona,604.8,Two-Door Car
WU50951,6846.150323,Bachelor,F,0.0,95.0,0.0,Personal Auto,Washington,456.0,Two-Door Car
EV66951,14032.59376,Master,M,0.0,191.0,1.0,Corporate Auto,Nevada,916.8,Luxury
TO37423,17569.15979,College,M,41463.0,74.0,0.0,Special Auto,Oregon,355.2,Four-Door Car
XF92956,2448.859093,High School or Below,M,0.0,68.0,0.0,Personal Auto,Oregon,489.6,Four-Door Car
ZP64637,3857.770745,High School or Below,M,0.0,110.0,0.0,Corporate Auto,Arizona,792.0,Luxury
JG74360,4558.972934,College,M,37709.0,116.0,0.0,Corporate Auto,Arizona,556.8,SUV
NZ81536,16710.83929,Doctor,F,73049.0,139.0,0.0,Personal Auto,Washington,284.43696,SUV
KT26739,3554.845264,Master,F,58557.0,88.0,0.0,Personal Auto,Nevada,55.510526,Four-Door Car
YU15037,4671.416683,High School or Below,F,0.0,66.0,0.0,Personal Auto,Arizona,475.2,Four-Door Car
YX91403,2909.547713,High School or Below,F,88944.0,72.0,0.0,Personal Auto,Arizona,113.805875,Four-Door Car
KS46420,13411.31102,Master,F,26140.0,112.0,0.0,Personal Auto,Washington,229.70752,SUV
TW11712,4574.924641,Master,M,32906.0,115.0,0.0,Personal Auto,Arizona,552.0,SUV
XY36764,2771.045031,College,F,50071.0,71.0,0.0,Personal Auto,California,18.918935,Two-Door Car
LQ16286,8038.949652,College,M,71982.0,103.0,0.0,Corporate Auto,Oregon,494.4,Four-Door Car
XE86547,5143.647642,College,M,58443.0,65.0,0.0,Personal Auto,Oregon,312.0,Four-Door Car
QS83113,5032.386371,Bachelor,M,30735.0,63.0,0.0,Personal Auto,Oregon,307.080113,Two-Door Car
PH97342,26197.41498,High School or Below,F,18495.0,113.0,0.0,Personal Auto,Arizona,542.4,SUV
VQ47100,4894.986713,High School or Below,F,67436.0,61.0,0.0,Personal Auto,Washington,292.8,Four-Door Car
BE17305,3193.459822,Master,M,52653.0,81.0,0.0,Personal Auto,Nevada,230.300308,Two-Door Car
KZ11847,5096.673223,Master,F,22886.0,65.0,0.0,Personal Auto,California,312.0,Four-Door Car
EX73249,7706.956035,College,F,0.0,73.0,0.0,Personal Auto,Arizona,350.4,Four-Door Car
JS19054,3339.299496,Bachelor,F,38821.0,87.0,0.0,Personal Auto,Oregon,488.84232,Two-Door Car
YH94097,9575.357152,College,M,0.0,134.0,0.0,Personal Auto,Washington,643.2,SUV
UQ19505,3557.196138,College,F,39075.0,89.0,0.0,Personal Auto,Oregon,142.415244,Two-Door Car
YI95574,3587.359906,High School or Below,M,16049.0,93.0,0.0,Personal Auto,Arizona,446.4,Four-Door Car
JQ84105,2360.601748,High School or Below,F,0.0,65.0,0.0,Corporate Auto,Oregon,468.0,Four-Door Car
NU61528,3023.887488,Doctor,M,28383.0,81.0,0.0,Personal Auto,Washington,258.109435,Four-Door Car
FQ20031,10926.69497,High School or Below,M,29418.0,274.0,0.0,Personal Auto,Oregon,1972.8,Luxury
XX32359,5325.724541,High School or Below,M,0.0,73.0,0.0,Personal Auto,California,496.474767,Two-Door Car
BP69529,9915.90229,Bachelor,M,30604.0,131.0,2.0,Corporate Auto,Arizona,984.170299,SUV
LI60972,5017.610845,College,F,91804.0,62.0,0.0,Special Auto,Arizona,388.80286,Four-Door Car
HQ60388,8625.836992,High School or Below,F,50446.0,74.0,4.0,Personal Auto,Oregon,355.2,Four-Door Car
KE66309,8432.519368,College,M,87728.0,70.0,0.0,Personal Auto,California,201.589875,Four-Door Car
YT56442,2642.932059,College,M,58729.0,68.0,2.0,Corporate Auto,California,94.845076,Four-Door Car
VH51235,3097.915845,Bachelor,F,0.0,89.0,0.0,Personal Auto,Arizona,427.2,Four-Door Car
SF18484,19837.30548,Master,F,0.0,67.0,1.0,Personal Auto,Oregon,321.6,Four-Door Car
HW99293,2869.743883,Bachelor,M,21234.0,73.0,0.0,Personal Auto,Arizona,378.333708,Four-Door Car
QR57598,4927.068115,Bachelor,M,0.0,73.0,0.0,Personal Auto,Oregon,751.927019,Four-Door Car
FY27460,4285.575678,College,M,47823.0,108.0,0.0,Personal Auto,California,518.4,Luxury
YQ75801,8874.551335,High School or Below,F,84731.0,110.0,1.0,Personal Auto,Arizona,226.738219,SUV
LP48634,2578.835541,High School or Below,F,59974.0,65.0,0.0,Corporate Auto,California,127.233139,Four-Door Car
EI32190,6920.999642,Doctor,M,67534.0,87.0,2.0,Personal Auto,Arizona,104.905661,Four-Door Car
WS68402,2349.957291,Bachelor,M,0.0,70.0,0.0,Special Auto,Oregon,716.67276,Four-Door Car
ND43316,4027.703503,High School or Below,M,27782.0,103.0,0.0,Personal Auto,Oregon,517.100887,SUV
HW94513,8481.310791,High School or Below,M,67197.0,74.0,3.0,Personal Auto,Nevada,275.608537,Two-Door Car
ZS72533,5191.446028,High School or Below,M,86451.0,65.0,0.0,Personal Auto,Oregon,7.793078,Two-Door Car
RZ97154,3572.49065,Bachelor,M,56768.0,92.0,0.0,Personal Auto,Arizona,441.6,Two-Door Car
LK73198,4869.240839,High School or Below,F,55593.0,61.0,0.0,Personal Auto,Washington,9.050204,Four-Door Car
RS29507,10395.70939,Bachelor,F,0.0,95.0,0.0,Personal Auto,Arizona,337.79769,Four-Door Car
XJ39660,5297.918924,Bachelor,F,66203.0,66.0,0.0,Personal Auto,Oregon,130.697268,Four-Door Car
PK47936,8750.710415,High School or Below,F,25806.0,110.0,0.0,Personal Auto,Washington,528.0,Four-Door Car
EU95973,14941.90379,Bachelor,F,22978.0,190.0,0.0,Personal Auto,California,912.0,Luxury
OU40102,6503.397049,High School or Below,F,22081.0,84.0,0.0,Special Auto,Oregon,451.670309,Two-Door Car
RC67125,10110.96161,College,F,96506.0,124.0,0.0,Corporate Auto,Arizona,504.513989,SUV
NK53902,6459.640843,High School or Below,M,23235.0,82.0,0.0,Personal Auto,Oregon,483.482031,Four-Door Car
RH70599,2769.252177,Bachelor,M,40506.0,70.0,0.0,Personal Auto,Arizona,113.724707,Four-Door Car
RR64429,6778.84457,High School or Below,M,0.0,96.0,0.0,Personal Auto,California,460.8,Four-Door Car
IW99237,4492.518464,Bachelor,M,0.0,65.0,0.0,Personal Auto,Oregon,312.0,Two-Door Car
PZ94965,5733.213979,High School or Below,F,79955.0,71.0,0.0,Personal Auto,California,142.932303,Four-Door Car
PV77228,3230.576665,College,M,62873.0,81.0,0.0,Corporate Auto,Arizona,207.75186,Four-Door Car
EX63393,6314.492009,Master,F,66947.0,78.0,0.0,Personal Auto,California,374.4,Four-Door Car
QV26574,6013.73829,College,M,25646.0,83.0,1.0,Personal Auto,Washington,377.917394,Four-Door Car
ZL29593,2180.084066,College,F,0.0,64.0,0.0,Personal Auto,Arizona,460.8,Four-Door Car
TU67471,20096.89337,High School or Below,F,92766.0,71.0,0.0,Personal Auto,Washington,379.029102,Two-Door Car
FD45309,5568.947534,High School or Below,M,0.0,79.0,1.0,Personal Auto,Oregon,407.440238,Two-Door Car
AH58807,51426.24815,College,F,84650.0,185.0,3.0,Personal Auto,Arizona,660.474274,Luxury
CX58204,8079.833042,High School or Below,F,13050.0,102.0,0.0,Personal Auto,Nevada,734.4,SUV
TE35954,2674.730716,College,M,56342.0,69.0,0.0,Personal Auto,Arizona,331.2,Four-Door Car
XO70106,12421.86213,Bachelor,M,58781.0,106.0,0.0,Personal Auto,Oregon,502.46107,SUV
OW20992,2311.118403,High School or Below,M,0.0,68.0,0.0,Personal Auto,California,489.6,Four-Door Car
JV44724,10255.80275,Bachelor,M,0.0,102.0,0.0,Personal Auto,Arizona,734.4,Luxury
PI96349,22103.5072,College,M,0.0,102.0,0.0,Personal Auto,California,489.6,SUV
NA82031,2962.982516,College,F,71809.0,74.0,0.0,Corporate Auto,Washington,78.248458,Four-Door Car
YH86106,5764.862315,Bachelor,M,40238.0,73.0,1.0,Personal Auto,Arizona,350.4,Four-Door Car
DI82448,4700.421406,Bachelor,M,0.0,70.0,0.0,Personal Auto,California,504.0,Four-Door Car
HL97125,4669.22664,High School or Below,F,76157.0,116.0,0.0,Personal Auto,Nevada,556.8,Two-Door Car
NB18234,5384.015304,College,F,30514.0,72.0,2.0,Personal Auto,Nevada,154.049617,Four-Door Car
KH53118,7505.768149,Bachelor,F,44485.0,62.0,0.0,Special Auto,California,79.893853,Four-Door Car
UX94928,10551.1476,High School or Below,M,50941.0,69.0,0.0,Personal Auto,Arizona,331.2,Four-Door Car
HO94329,25900.19716,College,M,53105.0,110.0,0.0,Corporate Auto,Arizona,365.361427,SUV
LW64678,51016.06704,Master,F,25167.0,140.0,0.0,Personal Auto,California,422.494292,SUV
CE11308,3575.04124,College,M,30244.0,92.0,0.0,Personal Auto,Washington,383.110633,Four-Door Car
DC46685,11638.89947,College,F,25370.0,102.0,0.0,Corporate Auto,California,489.6,Luxury
LM69036,14050.17358,Master,M,0.0,73.0,1.0,Corporate Auto,Oregon,350.4,Four-Door Car
MM83308,2379.825871,High School or Below,M,69202.0,61.0,0.0,Personal Auto,Arizona,292.8,Two-Door Car
GL33494,5460.373249,Master,F,31530.0,69.0,1.0,Personal Auto,Oregon,331.2,Two-Door Car
BH61054,6269.592055,College,F,61040.0,78.0,0.0,Personal Auto,California,391.942636,Two-Door Car
OJ77448,8709.847614,Bachelor,F,85185.0,107.0,0.0,Corporate Auto,Arizona,166.502804,SUV
IN10489,5024.777578,Master,F,78772.0,62.0,0.0,Personal Auto,Nevada,86.274545,Four-Door Car
FY32647,12515.18061,College,M,0.0,63.0,0.0,Special Auto,California,577.57549,Two-Door Car
YP17198,22325.82746,Master,M,99241.0,70.0,0.0,Corporate Auto,Oregon,48.304125,Four-Door Car
RB79317,3059.056323,Bachelor,F,0.0,83.0,0.0,Personal Auto,Arizona,197.498882,Two-Door Car
IE49043,6698.974274,College,F,21114.0,180.0,0.0,Personal Auto,Nevada,864.0,Luxury
ZL82075,5479.555081,Master,M,56005.0,68.0,1.0,Corporate Auto,Nevada,326.4,Four-Door Car
DV24592,2472.469209,College,F,63860.0,62.0,0.0,Personal Auto,Oregon,208.598246,Four-Door Car
XF89906,58207.12842,High School or Below,M,29295.0,219.0,0.0,Personal Auto,Arizona,1328.839129,Luxury
AD71478,3430.316936,High School or Below,M,54339.0,86.0,0.0,Personal Auto,Arizona,10.478305,Four-Door Car
SE15781,2396.219292,Bachelor,F,0.0,66.0,2.0,Corporate Auto,California,433.160284,Four-Door Car
YG71375,5964.345179,College,F,98078.0,73.0,0.0,Personal Auto,Nevada,418.689402,Four-Door Car
KH95802,2605.599527,College,M,20592.0,71.0,1.0,Personal Auto,Arizona,195.153339,Two-Door Car
FW16824,4758.19231,High School or Below,M,72805.0,62.0,4.0,Corporate Auto,Oregon,365.466805,Four-Door Car
FK17363,5154.051492,High School or Below,F,55645.0,129.0,0.0,Personal Auto,Washington,619.2,SUV
DK66277,2805.176489,High School or Below,M,98859.0,70.0,0.0,Personal Auto,California,504.0,Four-Door Car
FX67699,4250.282624,High School or Below,F,0.0,61.0,1.0,Corporate Auto,Oregon,292.8,Four-Door Car
LC92080,7247.736708,College,M,23541.0,62.0,0.0,Personal Auto,Oregon,98.923871,Two-Door Car
CQ57225,5008.789971,Bachelor,M,0.0,73.0,0.0,Corporate Auto,California,350.4,Two-Door Car
AM53473,5821.787383,Bachelor,F,60087.0,74.0,0.0,Special Auto,Arizona,355.2,Four-Door Car
TE50227,18898.32653,College,M,0.0,132.0,0.0,Personal Auto,Arizona,1405.292809,SUV
IS45756,4756.913057,College,F,48938.0,121.0,0.0,Personal Auto,Arizona,580.8,SUV
QA71190,8083.917906,Bachelor,F,31506.0,102.0,0.0,Personal Auto,California,601.074585,Four-Door Car
LD53393,7417.406267,Bachelor,M,67454.0,185.0,0.0,Personal Auto,California,1332.0,Luxury
JO35068,2538.62632,Bachelor,M,18608.0,71.0,0.0,Personal Auto,Nevada,340.8,Four-Door Car
EC71857,2432.958093,Doctor,F,28519.0,61.0,0.0,Personal Auto,Washington,111.865326,Four-Door Car
LB19360,4170.687348,Master,F,29462.0,107.0,1.0,Personal Auto,Nevada,513.6,SUV
RM70340,2489.662064,High School or Below,M,0.0,74.0,0.0,Corporate Auto,Oregon,532.8,Four-Door Car
YL34043,3758.950734,Bachelor,F,58300.0,94.0,0.0,Personal Auto,Nevada,24.04838,Four-Door Car
BQ88033,42389.00791,College,M,82554.0,132.0,0.0,Personal Auto,Oregon,154.749492,Luxury
SG46572,29830.38714,High School or Below,F,0.0,102.0,0.0,Personal Auto,California,489.6,Luxury
LT94367,26134.90739,College,M,0.0,111.0,0.0,Personal Auto,California,673.262794,Luxury
FV83989,2453.570794,Bachelor,M,29735.0,69.0,0.0,Personal Auto,Arizona,331.2,Four-Door Car
WO80705,2855.925747,Bachelor,F,50738.0,71.0,0.0,Personal Auto,Arizona,344.470631,Four-Door Car
CT51200,5771.610372,High School or Below,F,65709.0,72.0,0.0,Corporate Auto,Oregon,12.945127,Four-Door Car
IX65163,8098.51111,College,M,0.0,123.0,0.0,Personal Auto,California,885.6,SUV
AP32891,3432.961074,High School or Below,M,0.0,95.0,0.0,Personal Auto,Arizona,456.0,Four-Door Car
AY29281,9408.343519,Bachelor,F,0.0,85.0,0.0,Corporate Auto,Arizona,408.0,Four-Door Car
UK18731,5595.971365,Bachelor,F,19651.0,72.0,0.0,Personal Auto,California,345.6,Two-Door Car
JT32550,7260.833833,High School or Below,M,0.0,72.0,0.0,Personal Auto,Washington,744.026708,Four-Door Car
MT91823,13438.04189,College,F,69693.0,112.0,1.0,Special Auto,Arizona,537.6,Luxury
FI11096,7324.285428,High School or Below,F,0.0,104.0,0.0,Special Auto,Arizona,1114.092784,SUV
QF13998,2357.801509,College,F,0.0,65.0,1.0,Personal Auto,California,294.502382,Four-Door Car
BC35753,2671.295549,College,F,45525.0,66.0,0.0,Personal Auto,Arizona,316.8,Two-Door Car
LX74249,2938.814981,Bachelor,F,96765.0,72.0,0.0,Personal Auto,Oregon,216.01091,Two-Door Car
VX43756,4911.002585,College,M,32903.0,64.0,3.0,Personal Auto,Oregon,98.33116,Four-Door Car
JZ61928,5498.940679,College,M,22520.0,73.0,0.0,Corporate Auto,California,350.4,Four-Door Car
DT59560,4757.242856,High School or Below,F,67486.0,118.0,0.0,Personal Auto,California,529.493769,Two-Door Car
CI99444,2926.886293,College,F,92381.0,72.0,0.0,Special Auto,Nevada,234.774747,Four-Door Car
JF25129,8509.850887,Master,M,26057.0,74.0,0.0,Personal Auto,California,523.888845,Four-Door Car
YB57848,9928.986032,Doctor,F,75716.0,247.0,0.0,Personal Auto,Oregon,562.088587,Luxury
DJ27518,10089.79095,High School or Below,F,63657.0,128.0,0.0,Corporate Auto,California,614.4,Luxury
DO95670,5073.282126,Doctor,M,57709.0,125.0,0.0,Personal Auto,Arizona,600.0,SUV
WV53830,16301.9676,Master,F,19614.0,85.0,0.0,Personal Auto,Oregon,574.024018,Two-Door Car
LY30169,3360.269641,High School or Below,M,75216.0,84.0,1.0,Corporate Auto,California,65.803328,Four-Door Car
AH41449,7907.133288,College,M,24666.0,101.0,0.0,Personal Auto,Nevada,151.835574,Luxury
GV21882,28328.46548,High School or Below,F,20799.0,111.0,0.0,Personal Auto,Nevada,388.995233,Luxury
FH14955,4467.705159,College,M,0.0,64.0,0.0,Corporate Auto,California,307.2,Four-Door Car
JA60749,9035.671134,High School or Below,F,34337.0,113.0,0.0,Personal Auto,Oregon,542.4,Four-Door Car
PB81005,5364.469352,Bachelor,M,53562.0,135.0,0.0,Personal Auto,Oregon,589.628918,SUV
OY88200,2706.606128,College,F,22664.0,73.0,0.0,Personal Auto,Nevada,350.4,Two-Door Car
ZT72561,6167.854162,High School or Below,M,27289.0,158.0,2.0,Personal Auto,Arizona,758.4,Luxury
ZF95586,2476.046413,Master,F,54831.0,61.0,0.0,Personal Auto,Arizona,136.2171,Four-Door Car
LV44800,3056.990764,High School or Below,F,78310.0,76.0,0.0,Personal Auto,California,364.8,Four-Door Car
FC46260,5217.513287,Bachelor,F,39854.0,66.0,0.0,Corporate Auto,California,261.930545,Two-Door Car
HY68437,6744.190752,High School or Below,M,0.0,90.0,0.0,Personal Auto,Oregon,547.912576,Four-Door Car
XL50897,15739.92367,Master,F,48096.0,131.0,0.0,Personal Auto,Arizona,450.090267,Luxury
AR83514,7153.671737,High School or Below,F,59522.0,89.0,0.0,Corporate Auto,Arizona,427.2,Four-Door Car
NA43540,8263.482214,High School or Below,M,0.0,79.0,1.0,Corporate Auto,Washington,46.464625,Two-Door Car
JP22499,3142.739611,Bachelor,M,43285.0,83.0,0.0,Corporate Auto,California,265.742679,Two-Door Car
KW84736,2691.596929,College,M,33104.0,70.0,1.0,Personal Auto,California,336.0,Two-Door Car
EU21305,2500.837384,College,M,56172.0,64.0,0.0,Personal Auto,Arizona,307.2,Four-Door Car
YT96284,3728.873486,Master,M,83632.0,94.0,4.0,Personal Auto,Oregon,216.839496,Four-Door Car
RH96816,2937.165583,Bachelor,F,0.0,81.0,0.0,Personal Auto,Arizona,388.8,Two-Door Car
JB20173,10391.78109,Bachelor,M,81439.0,90.0,1.0,Personal Auto,California,108.118855,Two-Door Car
RR73059,2994.351694,College,F,55911.0,74.0,0.0,Personal Auto,California,187.934331,Four-Door Car
CH38655,14203.6226,Bachelor,M,90456.0,71.0,0.0,Personal Auto,Oregon,165.057816,Four-Door Car
IG12691,4490.549093,Bachelor,F,0.0,64.0,0.0,Personal Auto,Arizona,254.404622,Two-Door Car
NZ60700,10963.95723,High School or Below,M,55687.0,276.0,0.0,Personal Auto,Washington,1324.8,Luxury
JL21509,3508.569533,College,M,20978.0,98.0,1.0,Personal Auto,California,1176.2788,Four-Door Car
GR76453,4942.873707,High School or Below,M,82093.0,62.0,0.0,Personal Auto,Oregon,266.932542,Four-Door Car
US63915,6218.662593,High School or Below,M,51944.0,156.0,0.0,Corporate Auto,Arizona,748.8,Luxury
VY30333,6156.363979,College,M,78824.0,77.0,0.0,Personal Auto,Nevada,267.699403,Four-Door Car
AC42963,21423.63723,Bachelor,M,0.0,65.0,0.0,Special Auto,California,312.0,Two-Door Car
AT89553,5926.729379,College,M,23091.0,96.0,5.0,Personal Auto,California,460.8,Four-Door Car
DN76322,10295.46521,College,F,24723.0,129.0,0.0,Corporate Auto,Oregon,619.2,Luxury
EZ48093,2710.811423,Bachelor,M,31998.0,69.0,0.0,Corporate Auto,Arizona,331.2,Four-Door Car
DA34555,3363.004143,College,F,80138.0,83.0,0.0,Personal Auto,California,209.427344,Four-Door Car
RK63095,3122.984111,College,M,72916.0,80.0,0.0,Personal Auto,California,384.0,Two-Door Car
OG69038,6220.765007,High School or Below,F,0.0,65.0,2.0,Corporate Auto,Washington,468.0,Four-Door Car
SO98684,3455.17183,High School or Below,F,0.0,91.0,0.0,Personal Auto,California,681.038959,Four-Door Car
BZ85306,11855.13545,Bachelor,F,0.0,170.0,0.0,Corporate Auto,California,1227.491941,SUV
EV14479,7163.796624,Bachelor,M,44527.0,94.0,2.0,Personal Auto,California,286.960016,Four-Door Car
YD71702,3157.551595,Bachelor,M,46655.0,82.0,0.0,Personal Auto,Oregon,336.892624,Four-Door Car
UC69263,8336.08382,Bachelor,M,0.0,67.0,2.0,Personal Auto,California,445.265108,Two-Door Car
DH25145,5809.261551,High School or Below,F,26975.0,73.0,0.0,Personal Auto,Arizona,548.333667,Two-Door Car
KU94282,10016.28847,Master,F,62900.0,62.0,0.0,Personal Auto,Oregon,83.897335,Two-Door Car
UT18598,4914.731004,Bachelor,F,14232.0,64.0,0.0,Personal Auto,California,307.2,Four-Door Car
DA40009,2750.540853,Bachelor,F,34200.0,70.0,0.0,Corporate Auto,Washington,167.295936,Four-Door Car
HU87011,5677.309793,Bachelor,F,0.0,77.0,0.0,Personal Auto,California,369.6,Four-Door Car
EK40672,2393.1169,College,M,22981.0,69.0,0.0,Personal Auto,California,16.80116,Four-Door Car
ZH92587,8126.766397,College,F,14616.0,107.0,0.0,Personal Auto,Oregon,513.6,SUV
EJ95100,2774.799523,Master,F,0.0,74.0,0.0,Personal Auto,California,355.2,Four-Door Car
WS56675,4300.901435,High School or Below,F,88590.0,107.0,0.0,Personal Auto,Oregon,41.721538,Two-Door Car
UF28233,5221.14469,High School or Below,F,60445.0,65.0,0.0,Personal Auto,Washington,279.450351,Four-Door Car
HQ76003,12383.5306,High School or Below,F,40602.0,105.0,0.0,Personal Auto,Nevada,459.895876,Luxury
SS90882,7680.748159,College,F,66795.0,64.0,0.0,Personal Auto,Oregon,238.032027,Four-Door Car
ZN71189,4014.453113,Doctor,F,37384.0,99.0,0.0,Personal Auto,Oregon,475.2,Four-Door Car
VX85673,4250.282624,High School or Below,F,0.0,61.0,1.0,Personal Auto,Arizona,292.8,Four-Door Car
NP19156,4624.557568,Master,F,28264.0,61.0,4.0,Corporate Auto,Arizona,167.889924,Four-Door Car
ZV43428,27789.69235,Bachelor,F,33806.0,89.0,0.0,Special Auto,Arizona,395.729716,Four-Door Car
NK53911,7345.897176,High School or Below,M,79980.0,91.0,0.0,Personal Auto,California,629.82071,Two-Door Car
BG73480,5323.866117,High School or Below,F,64706.0,135.0,0.0,Corporate Auto,Oregon,77.129691,SUV
VY58444,4426.096934,College,F,29660.0,112.0,0.0,Personal Auto,Nevada,334.133949,SUV
SJ15498,6852.36423,Bachelor,F,26313.0,87.0,0.0,Corporate Auto,Oregon,417.6,Two-Door Car
ZB71094,3534.337809,Bachelor,M,19861.0,93.0,0.0,Corporate Auto,Oregon,446.4,Four-Door Car
UI99818,4349.30875,College,F,75648.0,108.0,0.0,Personal Auto,Oregon,112.660916,SUV
WS24655,29676.81386,College,F,33992.0,194.0,1.0,Personal Auto,Oregon,931.2,SUV
LZ98947,24238.66071,Bachelor,F,0.0,109.0,2.0,Personal Auto,Nevada,784.8,SUV
IC94523,11638.89947,College,F,25370.0,102.0,0.0,Personal Auto,California,489.6,Luxury
TK59338,13559.39395,College,M,98036.0,113.0,0.0,Personal Auto,Arizona,662.444819,SUV
BV36386,4282.947971,College,F,40864.0,109.0,1.0,Personal Auto,California,166.937747,SUV
QT63794,9144.856285,Bachelor,F,21150.0,116.0,0.0,Personal Auto,California,833.417104,SUV
LF36128,7434.270631,College,F,49057.0,63.0,0.0,Personal Auto,California,29.618152,Two-Door Car
JK53304,6159.011684,High School or Below,F,97658.0,76.0,1.0,Personal Auto,California,364.8,Four-Door Car
HU76577,3883.398053,Bachelor,M,0.0,109.0,0.0,Personal Auto,California,765.906271,SUV
JG81480,10622.51656,Bachelor,F,25634.0,67.0,0.0,Personal Auto,Oregon,144.728404,Four-Door Car
CC88237,5257.241485,High School or Below,M,56154.0,67.0,0.0,Personal Auto,California,386.160674,Two-Door Car
OV64984,4881.394894,Bachelor,M,90892.0,61.0,0.0,Personal Auto,Arizona,102.322529,Two-Door Car
VG45203,13197.92893,College,F,0.0,68.0,3.0,Personal Auto,Nevada,326.4,Four-Door Car
YQ42353,5334.183231,Doctor,M,72960.0,68.0,1.0,Personal Auto,Oregon,143.535826,Four-Door Car
AP46166,4965.491316,High School or Below,F,0.0,73.0,1.0,Personal Auto,California,525.6,Two-Door Car
UI36374,5470.060561,Bachelor,F,54507.0,138.0,0.0,Corporate Auto,Oregon,702.990032,SUV
ZR76229,3713.790822,College,F,81190.0,92.0,0.0,Corporate Auto,Arizona,356.563616,Two-Door Car
ZD65365,2894.583582,College,F,28204.0,73.0,0.0,Personal Auto,Oregon,486.987555,Four-Door Car
XI84293,1940.981221,High School or Below,M,0.0,66.0,3.0,Personal Auto,Oregon,475.2,Two-Door Car
MT97446,2647.204207,Master,F,26441.0,66.0,0.0,Corporate Auto,California,210.641776,Two-Door Car
GM48223,5461.967787,Bachelor,F,42650.0,69.0,0.0,Personal Auto,Oregon,35.565605,Four-Door Car
YQ42614,2661.82351,High School or Below,M,29195.0,68.0,0.0,Personal Auto,Washington,448.181396,Two-Door Car
ZK56389,2397.036098,High School or Below,F,22283.0,65.0,0.0,Special Auto,Arizona,572.072106,Four-Door Car
MK19833,4567.874448,College,M,15383.0,61.0,0.0,Corporate Auto,Arizona,292.8,Two-Door Car
TO12347,5534.569714,Bachelor,M,16101.0,74.0,0.0,Personal Auto,California,437.608909,Four-Door Car
KE63160,6057.07208,Bachelor,M,27681.0,83.0,0.0,Personal Auto,Oregon,398.4,Two-Door Car
SR49919,10656.88195,Bachelor,F,72540.0,88.0,0.0,Personal Auto,Arizona,631.743039,Two-Door Car
CI38171,13798.47871,Bachelor,F,42780.0,181.0,2.0,Personal Auto,Washington,868.8,Luxury
VK42108,18060.47947,Bachelor,F,57882.0,115.0,0.0,Corporate Auto,Washington,552.0,SUV
NB86692,2690.477161,College,F,60060.0,67.0,0.0,Personal Auto,Nevada,320.629479,Four-Door Car
YN15967,7409.083969,College,M,61160.0,96.0,0.0,Corporate Auto,California,354.530239,Two-Door Car
KU56071,4991.535369,College,F,93416.0,62.0,0.0,Personal Auto,Oregon,246.249051,Two-Door Car
LN47910,4434.028141,College,F,83220.0,110.0,0.0,Personal Auto,Arizona,528.0,Four-Door Car
CY80935,14748.92373,High School or Below,M,31226.0,93.0,0.0,Personal Auto,Oregon,446.4,Four-Door Car
SA84892,4916.373221,High School or Below,F,66982.0,121.0,0.0,Corporate Auto,California,871.2,SUV
LY93301,12495.73971,Bachelor,M,0.0,61.0,0.0,Corporate Auto,Oregon,292.8,Two-Door Car
FG63647,12877.7765,Bachelor,M,0.0,117.0,0.0,Personal Auto,Nevada,561.6,Four-Door Car
VX79712,6775.924167,Doctor,M,27354.0,86.0,1.0,Personal Auto,Washington,412.8,Two-Door Car
UH59257,7540.911474,Doctor,M,61726.0,96.0,2.0,Personal Auto,Washington,689.507724,Two-Door Car
ME84824,5989.773931,College,M,66839.0,154.0,0.0,Personal Auto,Arizona,739.2,Luxury
ZR68364,9171.000967,College,M,60433.0,77.0,0.0,Personal Auto,California,369.6,Four-Door Car
WQ25142,21528.56723,Bachelor,M,11538.0,82.0,0.0,Corporate Auto,California,393.6,Four-Door Car
OW84481,2675.569927,High School or Below,M,67837.0,69.0,4.0,Personal Auto,Nevada,430.477436,Four-Door Car
FU77365,9246.223462,Bachelor,F,40032.0,118.0,2.0,Personal Auto,California,717.763724,SUV
MR46875,4860.580033,Master,M,41126.0,61.0,0.0,Corporate Auto,Washington,199.281404,Four-Door Car
PT46181,2471.145145,College,M,65176.0,62.0,0.0,Personal Auto,California,297.6,Four-Door Car
LT41574,2760.954751,Bachelor,F,34717.0,70.0,2.0,Special Auto,Oregon,336.0,Four-Door Car
WX16395,4270.034394,College,M,0.0,122.0,0.0,Personal Auto,California,725.870693,SUV
HD82971,3136.082008,High School or Below,F,0.0,89.0,0.0,Personal Auto,Arizona,640.8,Four-Door Car
ZC17276,7755.209719,Master,M,0.0,110.0,0.0,Personal Auto,California,528.0,Four-Door Car
OR27665,4927.707574,Bachelor,F,0.0,67.0,0.0,Personal Auto,Washington,132.443705,Two-Door Car
VO75043,6661.744145,Bachelor,M,0.0,95.0,0.0,Personal Auto,Oregon,456.0,Four-Door Car
LZ78622,6529.911496,High School or Below,M,44379.0,83.0,1.0,Special Auto,California,398.4,Four-Door Car
PK24825,3293.245706,College,F,0.0,94.0,0.0,Corporate Auto,Oregon,676.8,Four-Door Car
HG93801,5154.764074,High School or Below,M,82730.0,127.0,0.0,Corporate Auto,Arizona,442.521087,SUV
PJ36749,5597.12496,High School or Below,F,37995.0,139.0,0.0,Personal Auto,Washington,667.2,SUV
IJ33473,20766.66918,Bachelor,F,0.0,73.0,2.0,Personal Auto,California,350.4,Two-Door Car
CH96412,5423.136755,Doctor,F,85018.0,68.0,3.0,Personal Auto,Oregon,62.837764,Four-Door Car
PR74833,5553.362689,Bachelor,M,0.0,89.0,1.0,Personal Auto,Oregon,640.8,Two-Door Car
ZS36394,5504.139033,Bachelor,F,0.0,73.0,0.0,Corporate Auto,California,350.4,Four-Door Car
DP50922,12663.99057,High School or Below,M,72109.0,105.0,0.0,Personal Auto,California,504.0,Luxury
VY23882,5548.031892,Bachelor,M,67798.0,69.0,0.0,Personal Auto,Arizona,331.2,Four-Door Car
UH62357,4389.945709,High School or Below,F,0.0,118.0,1.0,Personal Auto,Washington,670.656551,SUV
BG74433,2604.84712,Bachelor,F,0.0,74.0,0.0,Corporate Auto,Oregon,532.8,Four-Door Car
TI19394,2918.576189,College,M,80714.0,72.0,0.0,Personal Auto,Oregon,345.6,Four-Door Car
AQ91207,2487.649473,High School or Below,M,38667.0,63.0,0.0,Personal Auto,California,293.070538,Four-Door Car
QL46987,9082.833891,Bachelor,F,34430.0,117.0,0.0,Personal Auto,Oregon,232.875794,Four-Door Car
BS34332,5557.934118,High School or Below,F,83576.0,69.0,0.0,Personal Auto,Oregon,331.2,Two-Door Car
IJ26642,5107.163002,Bachelor,F,35625.0,65.0,1.0,Personal Auto,Nevada,288.572108,Four-Door Car
XS36281,5570.21583,College,F,85718.0,139.0,1.0,Personal Auto,Washington,540.173933,Luxury
SR47878,5595.389905,High School or Below,F,74454.0,71.0,0.0,Personal Auto,California,340.8,Four-Door Car
HG53255,11243.90285,College,M,66146.0,96.0,0.0,Personal Auto,Nevada,250.697824,Two-Door Car
QV65644,6113.869984,High School or Below,M,0.0,88.0,0.0,Personal Auto,Oregon,1034.799615,Four-Door Car
ZW76597,5271.372558,Bachelor,F,13215.0,74.0,1.0,Corporate Auto,California,443.772927,Four-Door Car
SM80235,2746.921502,High School or Below,M,62302.0,70.0,0.0,Personal Auto,Oregon,504.0,Four-Door Car
FE24232,4729.970205,High School or Below,F,0.0,124.0,0.0,Corporate Auto,Nevada,630.85509,Luxury
BY78730,8879.790017,High School or Below,F,52583.0,113.0,0.0,Special Auto,Oregon,528.20086,SUV
CR40615,3106.48254,Bachelor,M,22076.0,85.0,0.0,Personal Auto,Arizona,422.765363,Four-Door Car
WL24392,5860.16743,Bachelor,M,94527.0,73.0,0.0,Personal Auto,Arizona,41.464402,Four-Door Car
MZ81826,9035.671134,High School or Below,F,34337.0,113.0,0.0,Personal Auto,Arizona,542.4,Four-Door Car
EO99750,7256.576235,Master,F,29053.0,181.0,0.0,Personal Auto,Nevada,404.95431,Luxury
HF82396,14428.86926,High School or Below,F,0.0,68.0,0.0,Personal Auto,Oregon,326.4,Two-Door Car
DH68319,2787.501453,College,F,62506.0,69.0,0.0,Personal Auto,Oregon,331.2,Two-Door Car
EG12987,4845.002948,Bachelor,F,0.0,65.0,0.0,Personal Auto,California,129.165554,Two-Door Car
ZU71467,5460.315095,Bachelor,M,45404.0,70.0,2.0,Corporate Auto,Arizona,266.144648,Two-Door Car
AD95939,26511.60445,Bachelor,M,28773.0,229.0,0.0,Personal Auto,California,1099.2,Luxury
TB71474,3141.333694,College,F,24019.0,79.0,0.0,Personal Auto,Nevada,47.22861,Four-Door Car
WN76039,2545.056879,Bachelor,F,0.0,71.0,0.0,Special Auto,Nevada,340.8,Four-Door Car
HI16472,8355.958185,College,F,23666.0,104.0,0.0,Personal Auto,Arizona,499.2,SUV
VG43444,3837.492458,Bachelor,M,36794.0,99.0,0.0,Personal Auto,Oregon,712.8,Four-Door Car
QI11566,2534.990075,Bachelor,F,25163.0,67.0,0.0,Corporate Auto,Oregon,321.6,Two-Door Car
JM98365,5762.472144,Doctor,M,66156.0,72.0,0.0,Personal Auto,Nevada,345.6,Four-Door Car
CP67787,15936.5764,Bachelor,F,0.0,76.0,0.0,Personal Auto,California,364.8,Four-Door Car
LM83004,12552.64705,High School or Below,M,10147.0,67.0,0.0,Personal Auto,Arizona,459.276664,Four-Door Car
JM77470,2352.3679,College,F,0.0,64.0,0.0,Corporate Auto,Arizona,381.062306,Four-Door Car
WI47826,4935.642812,College,F,95765.0,61.0,0.0,Personal Auto,Oregon,352.089317,Four-Door Car
GE39783,5356.137712,College,F,60752.0,67.0,0.0,Personal Auto,Oregon,414.106436,Four-Door Car
JN96178,3740.404374,High School or Below,M,0.0,104.0,1.0,Personal Auto,Oregon,499.2,SUV
KH41809,2489.387507,College,F,31058.0,67.0,5.0,Personal Auto,California,309.424708,Two-Door Car
KX86150,7188.292633,High School or Below,M,13542.0,94.0,0.0,Personal Auto,California,451.2,Four-Door Car
GX33877,35022.45478,Bachelor,F,25270.0,99.0,0.0,Personal Auto,Arizona,712.8,Two-Door Car
IQ15028,2661.729688,Bachelor,F,24152.0,72.0,2.0,Personal Auto,Arizona,345.6,Four-Door Car
WE11250,12200.78537,College,F,60282.0,102.0,0.0,Corporate Auto,Washington,120.083224,SUV
OX61728,29006.67071,High School or Below,F,40252.0,104.0,0.0,Personal Auto,California,499.2,Luxury
VW39046,3873.647046,College,M,28142.0,105.0,0.0,Personal Auto,Nevada,701.708239,Luxury
VE52406,2471.528431,High School or Below,M,95697.0,61.0,0.0,Corporate Auto,California,114.273025,Two-Door Car
KQ30179,2688.860687,Bachelor,M,89771.0,67.0,2.0,Personal Auto,California,104.123179,Two-Door Car
KH58171,2551.226692,Master,M,79751.0,63.0,0.0,Personal Auto,California,392.235698,Two-Door Car
CA58346,4949.525372,High School or Below,F,0.0,69.0,0.0,Corporate Auto,Oregon,331.2,Four-Door Car
ZU76536,6143.898219,High School or Below,F,45032.0,77.0,0.0,Personal Auto,California,36.818178,Four-Door Car
UN69319,8837.334639,Master,M,62277.0,113.0,0.0,Corporate Auto,Arizona,249.799752,SUV
MG66142,9517.07801,Bachelor,F,0.0,87.0,0.0,Personal Auto,Oregon,417.6,Four-Door Car
MV97958,2879.63179,Bachelor,F,40525.0,73.0,0.0,Personal Auto,Arizona,123.790553,Four-Door Car
AG58599,2805.098562,High School or Below,F,26004.0,70.0,0.0,Personal Auto,Oregon,336.0,Four-Door Car
UG35090,6045.625114,College,F,82399.0,77.0,3.0,Personal Auto,California,31.668965,Four-Door Car
IX85835,5246.278375,Bachelor,F,28909.0,66.0,0.0,Personal Auto,Nevada,456.702735,Two-Door Car
FP67680,4772.931526,High School or Below,M,15323.0,128.0,0.0,Personal Auto,California,614.4,SUV
WY21918,3867.965986,College,F,79628.0,98.0,0.0,Personal Auto,Washington,470.4,Four-Door Car
PM92089,3383.445647,High School or Below,F,0.0,97.0,0.0,Corporate Auto,Oregon,698.4,Two-Door Car
AY59197,9521.222806,College,M,27769.0,121.0,0.0,Special Auto,Nevada,123.15416,SUV
VI14418,7614.669735,Bachelor,M,16707.0,102.0,0.0,Special Auto,California,1106.913309,Four-Door Car
QI60335,11308.47178,College,F,0.0,66.0,0.0,Personal Auto,Nevada,316.8,Four-Door Car
BS87947,3350.687339,Bachelor,F,94395.0,83.0,0.0,Personal Auto,California,582.690575,Four-Door Car
DW88734,2683.492593,Bachelor,M,84895.0,67.0,0.0,Corporate Auto,California,321.6,Two-Door Car
BU72633,42561.63183,Master,M,66661.0,119.0,0.0,Personal Auto,Nevada,571.2,SUV
VK94891,2086.610957,High School or Below,M,0.0,62.0,0.0,Personal Auto,Nevada,446.4,Two-Door Car
VE75717,4868.807554,High School or Below,F,31447.0,121.0,0.0,Personal Auto,Nevada,580.8,SUV
JG16015,5021.150845,College,F,61987.0,125.0,0.0,Personal Auto,Washington,723.301363,SUV
CD68182,3671.818326,College,F,42460.0,91.0,0.0,Personal Auto,Oregon,347.47509,Two-Door Car
WM64930,5253.487908,College,M,12811.0,150.0,2.0,Corporate Auto,Oregon,720.0,SUV
BJ82316,12036.62051,Bachelor,M,44428.0,104.0,0.0,Corporate Auto,Oregon,499.2,SUV
XB61209,3508.92537,College,F,0.0,97.0,0.0,Personal Auto,Arizona,698.4,Four-Door Car
AT26484,3818.468252,College,M,25221.0,103.0,5.0,Special Auto,Nevada,616.005527,Four-Door Car
IW21434,2570.433324,Bachelor,F,44940.0,65.0,0.0,Corporate Auto,Oregon,284.492531,Four-Door Car
CP74755,2846.171869,College,F,39192.0,71.0,0.0,Corporate Auto,Oregon,352.791394,Four-Door Car
IV13886,7292.397562,High School or Below,M,0.0,68.0,0.0,Personal Auto,California,415.986454,Two-Door Car
SW42446,10581.275,College,F,42513.0,133.0,0.0,Corporate Auto,California,628.207511,Luxury
RO16377,23144.1327,High School or Below,M,59821.0,193.0,0.0,Personal Auto,Oregon,1389.6,Luxury
CE46475,4605.036646,College,F,22571.0,63.0,0.0,Corporate Auto,California,302.4,Four-Door Car
HE60335,3939.00637,Bachelor,F,60021.0,99.0,0.0,Corporate Auto,Washington,882.871945,Four-Door Car
RI69055,8104.43256,High School or Below,F,58172.0,67.0,0.0,Personal Auto,California,141.532926,Four-Door Car
VD96075,4165.252177,Bachelor,M,58299.0,105.0,1.0,Personal Auto,Oregon,504.0,Four-Door Car
VI55112,14065.30235,College,M,25275.0,61.0,0.0,Corporate Auto,Oregon,214.247114,Four-Door Car
VZ18907,21991.61598,College,F,80807.0,109.0,0.0,Personal Auto,Oregon,132.139111,SUV
BA49679,7590.913301,Bachelor,F,52348.0,65.0,1.0,Personal Auto,Arizona,312.0,Two-Door Car
LK39646,8018.503854,Bachelor,F,58843.0,68.0,0.0,Corporate Auto,Washington,200.490816,Two-Door Car
VI66860,3554.845264,Master,F,58557.0,88.0,0.0,Corporate Auto,Nevada,55.510526,Four-Door Car
RP14593,3945.588049,Bachelor,F,0.0,105.0,0.0,Personal Auto,Oregon,933.212749,SUV
FP34904,2915.614781,College,M,86599.0,73.0,0.0,Corporate Auto,Oregon,350.4,Four-Door Car
FG15434,5554.826011,Master,F,52984.0,69.0,0.0,Personal Auto,Arizona,167.667603,Two-Door Car
TP12436,5329.128301,Master,F,0.0,72.0,0.0,Personal Auto,Oregon,345.6,Four-Door Car
KD93234,5502.726803,High School or Below,F,0.0,72.0,0.0,Corporate Auto,Oregon,345.6,Four-Door Car
GE20220,7606.70898,Bachelor,F,47778.0,96.0,0.0,Personal Auto,Oregon,173.80879,Four-Door Car
RA98783,27789.69235,Bachelor,F,33806.0,89.0,0.0,Corporate Auto,Arizona,395.729716,Four-Door Car
DW71192,5971.313496,High School or Below,M,52018.0,78.0,3.0,Personal Auto,Oregon,374.4,Four-Door Car
WD84153,2248.449633,Bachelor,F,24910.0,63.0,1.0,Corporate Auto,California,347.857619,Four-Door Car
ZM75468,10745.97948,College,M,39135.0,91.0,0.0,Personal Auto,Nevada,436.8,Four-Door Car
PZ75671,7223.689647,College,F,0.0,97.0,0.0,Personal Auto,Oregon,465.6,Four-Door Car
ME80331,9384.475767,High School or Below,M,0.0,133.0,0.0,Personal Auto,California,957.6,SUV
YA78391,5709.225202,High School or Below,M,0.0,78.0,0.0,Personal Auto,Oregon,410.409376,Four-Door Car
WU76366,4983.897914,Bachelor,M,28726.0,65.0,0.0,Personal Auto,Arizona,468.0,Four-Door Car
HB35022,13561.4335,Doctor,M,0.0,122.0,0.0,Special Auto,Oregon,585.6,Luxury
AM17304,7218.375778,Master,F,45356.0,90.0,0.0,Personal Auto,Arizona,462.043003,Four-Door Car
AD56037,5160.251878,High School or Below,M,87050.0,129.0,0.0,Personal Auto,Arizona,619.2,SUV
IJ74908,13115.40751,Bachelor,M,20705.0,171.0,1.0,Personal Auto,Nevada,237.264543,SUV
DH93217,29874.74493,Master,F,52651.0,94.0,0.0,Personal Auto,California,451.2,Two-Door Car
WH48955,20237.15039,Master,F,55270.0,63.0,0.0,Personal Auto,Oregon,302.4,Two-Door Car
RU76604,2580.849899,College,M,46900.0,66.0,0.0,Personal Auto,Arizona,316.8,Four-Door Car
NE52009,39561.07502,College,M,60500.0,110.0,0.0,Personal Auto,California,770.475631,Luxury
FP66510,8186.095915,High School or Below,F,43877.0,102.0,0.0,Corporate Auto,Washington,414.713588,SUV
TW46585,4767.687852,Bachelor,M,0.0,72.0,0.0,Corporate Auto,Nevada,345.6,Four-Door Car
PE42960,8474.634723,Bachelor,M,58488.0,73.0,2.0,Personal Auto,California,350.4,Four-Door Car
LO28839,4723.449803,Bachelor,F,29193.0,61.0,3.0,Corporate Auto,California,292.8,Four-Door Car
QY41855,10484.91535,College,F,61108.0,89.0,0.0,Personal Auto,Arizona,49.451117,Four-Door Car
UA53326,3304.758268,College,F,23931.0,95.0,0.0,Personal Auto,Oregon,456.0,Four-Door Car
UK59933,5002.093264,College,M,0.0,70.0,0.0,Personal Auto,California,504.0,Four-Door Car
LM37855,7607.001877,College,M,0.0,104.0,0.0,Personal Auto,California,638.414994,SUV
UV89069,2802.621642,Bachelor,F,34628.0,71.0,0.0,Personal Auto,Nevada,132.517983,Four-Door Car
NK40551,7455.361568,High School or Below,F,74089.0,94.0,2.0,Personal Auto,California,648.690215,Four-Door Car
RR47424,21766.83059,High School or Below,F,0.0,290.0,0.0,Personal Auto,California,1550.596808,Luxury
DU68331,7316.650059,College,F,30493.0,62.0,1.0,Personal Auto,Oregon,108.09413,Two-Door Car
LI76661,7443.83286,Bachelor,M,89285.0,93.0,0.0,Corporate Auto,Oregon,243.547316,Two-Door Car
CM94209,3086.722253,High School or Below,F,92147.0,77.0,2.0,Personal Auto,Oregon,278.4815,Four-Door Car
BN38134,6727.617003,Bachelor,F,39428.0,84.0,2.0,Personal Auto,Washington,72.32926,Two-Door Car
VQ72305,20266.49877,High School or Below,M,21542.0,103.0,0.0,Special Auto,California,494.4,Luxury
YK26558,5264.642009,College,F,0.0,72.0,0.0,Special Auto,California,135.888306,Four-Door Car
XU20264,8564.772996,Bachelor,M,23506.0,113.0,0.0,Personal Auto,Arizona,813.6,Four-Door Car
LG85340,8086.011196,Bachelor,F,70811.0,100.0,0.0,Personal Auto,Oregon,141.654965,Luxury
JZ64443,4705.589393,Bachelor,F,0.0,78.0,3.0,Corporate Auto,Washington,555.457674,Four-Door Car
CY45848,4273.587765,Bachelor,F,82214.0,106.0,1.0,Personal Auto,Oregon,239.143671,Four-Door Car
AU13233,5908.7518,High School or Below,F,71401.0,73.0,0.0,Personal Auto,California,287.332253,Four-Door Car
IH35630,41787.90343,High School or Below,F,46587.0,119.0,2.0,Personal Auto,Oregon,571.2,Four-Door Car
JP55271,10633.50496,High School or Below,F,80046.0,132.0,0.0,Personal Auto,Oregon,260.627146,SUV
TT47031,5450.573438,Bachelor,F,76389.0,68.0,0.0,Personal Auto,Arizona,262.00129,Four-Door Car
JN55850,7035.763363,Doctor,M,77235.0,87.0,0.0,Personal Auto,California,310.160362,Two-Door Car
LH94176,8203.221246,High School or Below,M,38595.0,74.0,3.0,Personal Auto,Arizona,415.550209,Four-Door Car
ZB87718,8714.922135,College,F,0.0,118.0,0.0,Personal Auto,Arizona,566.4,SUV
UQ40371,3352.943699,Master,F,55359.0,83.0,0.0,Special Auto,Nevada,303.331178,Four-Door Car
XJ92660,5017.851448,Master,F,79814.0,62.0,0.0,Personal Auto,Nevada,31.553152,Four-Door Car
SG51792,2753.159194,Bachelor,F,75277.0,70.0,3.0,Corporate Auto,Arizona,459.743736,Two-Door Car
DA73502,2619.337376,Bachelor,M,78618.0,66.0,0.0,Personal Auto,Oregon,225.578841,Two-Door Car
UF81905,4867.378203,Doctor,F,20123.0,63.0,0.0,Personal Auto,California,302.4,Four-Door Car
PL44132,3061.799398,College,M,88362.0,78.0,0.0,Personal Auto,Arizona,452.599718,Two-Door Car
US29010,3545.413177,Bachelor,M,0.0,116.0,3.0,Corporate Auto,Oregon,835.2,SUV
DW72445,3259.885006,College,M,52782.0,85.0,4.0,Personal Auto,Oregon,541.093963,Four-Door Car
MU53244,5095.439821,Bachelor,F,0.0,137.0,0.0,Personal Auto,California,452.295175,SUV
EE57466,2397.036098,High School or Below,F,22283.0,65.0,0.0,Personal Auto,Arizona,572.072106,Four-Door Car
QV86635,7427.501786,Bachelor,M,28848.0,96.0,0.0,Corporate Auto,California,450.596865,Two-Door Car
RT51330,2510.633216,Doctor,F,0.0,64.0,0.0,Corporate Auto,California,437.184112,Four-Door Car
QW44380,2637.602689,High School or Below,M,54378.0,66.0,0.0,Personal Auto,Washington,316.8,Four-Door Car
IK66117,4969.35768,High School or Below,M,21827.0,67.0,0.0,Special Auto,California,321.6,Four-Door Car
TD86744,34611.37896,High School or Below,F,20090.0,109.0,0.0,Personal Auto,Arizona,523.2,Luxury
TX35222,11618.55713,College,F,27750.0,297.0,1.0,Personal Auto,Washington,1425.6,Luxury
PJ92694,4762.591249,High School or Below,M,57135.0,61.0,0.0,Corporate Auto,California,156.921247,Four-Door Car
YM88338,4879.442929,Bachelor,F,58580.0,61.0,0.0,Personal Auto,California,292.8,Four-Door Car
YN61339,4330.38602,College,M,60475.0,107.0,0.0,Personal Auto,Oregon,513.6,Four-Door Car
FP45327,9095.049868,College,M,37937.0,116.0,0.0,Personal Auto,Washington,556.8,SUV
IZ26849,5524.310373,Bachelor,F,70360.0,69.0,0.0,Personal Auto,Oregon,331.2,Two-Door Car
YY16391,11836.29699,College,M,0.0,119.0,0.0,Personal Auto,Oregon,856.8,Four-Door Car
GX44284,2588.080213,Bachelor,M,47509.0,66.0,0.0,Personal Auto,California,93.128128,Four-Door Car
LV14566,7176.591051,Master,M,27071.0,183.0,0.0,Personal Auto,Nevada,878.4,Luxury
KQ50003,27890.0576,High School or Below,F,46546.0,99.0,0.0,Special Auto,Arizona,319.105565,Four-Door Car
IW87075,7280.300642,Bachelor,M,32627.0,67.0,4.0,Personal Auto,Arizona,54.628741,Four-Door Car
QY46560,2152.081322,Bachelor,M,0.0,65.0,0.0,Personal Auto,Arizona,460.379966,Two-Door Car
PD79570,4334.210791,Bachelor,F,0.0,116.0,0.0,Personal Auto,Oregon,1065.617464,Four-Door Car
IM78342,8630.696198,College,F,0.0,122.0,2.0,Personal Auto,Oregon,585.6,SUV
NT19879,4766.940473,Bachelor,F,29177.0,64.0,2.0,Personal Auto,Arizona,307.2,Four-Door Car
SW98498,10439.49667,College,M,88233.0,88.0,0.0,Personal Auto,California,253.056709,Four-Door Car
WL42517,3747.060981,College,F,0.0,107.0,0.0,Personal Auto,Washington,549.986128,SUV
LR82946,6617.139741,Bachelor,M,0.0,195.0,0.0,Personal Auto,Oregon,1404.0,Luxury
KT61396,3821.819872,College,F,79189.0,95.0,0.0,Corporate Auto,California,50.171541,Two-Door Car
GD56260,2863.04871,Master,F,41077.0,71.0,0.0,Personal Auto,Oregon,82.415457,Two-Door Car
YD45660,9420.965855,Bachelor,F,47048.0,118.0,0.0,Personal Auto,Arizona,566.4,SUV
XN50058,8767.626534,Doctor,M,45484.0,111.0,0.0,Corporate Auto,California,532.8,Four-Door Car
QO61775,4571.610619,Master,M,79453.0,115.0,0.0,Personal Auto,California,242.099049,SUV
PZ67684,14514.00519,College,F,88753.0,181.0,0.0,Personal Auto,Arizona,868.8,Luxury
IK77998,2588.435037,High School or Below,M,0.0,74.0,0.0,Personal Auto,Washington,851.022089,Four-Door Car
FL96333,6243.089247,College,M,73945.0,78.0,0.0,Personal Auto,Nevada,330.872532,Two-Door Car
EI58541,2719.506996,College,F,14030.0,72.0,0.0,Personal Auto,Washington,345.6,Two-Door Car
WW68250,2719.260911,Bachelor,M,81799.0,68.0,0.0,Personal Auto,Oregon,326.4,Four-Door Car
XT19780,4803.777507,High School or Below,F,23634.0,62.0,0.0,Personal Auto,Oregon,440.189611,Two-Door Car
SE44262,2856.948797,Bachelor,M,0.0,78.0,0.0,Personal Auto,California,374.4,Four-Door Car
GO86980,5169.558551,Bachelor,F,56334.0,65.0,0.0,Corporate Auto,Oregon,421.563772,Two-Door Car
ZB69355,4082.704584,Bachelor,F,23206.0,107.0,0.0,Personal Auto,Oregon,513.6,Luxury
TM12486,2959.950094,High School or Below,M,28140.0,85.0,0.0,Personal Auto,Oregon,612.0,Four-Door Car
NB86870,16468.22079,High School or Below,F,0.0,63.0,0.0,Personal Auto,Arizona,685.12694,Four-Door Car
SS12362,12779.06199,High School or Below,M,0.0,88.0,0.0,Special Auto,California,633.6,Four-Door Car
VW58299,12168.74492,Bachelor,M,14973.0,115.0,0.0,Personal Auto,California,828.0,SUV
TG37039,6240.664762,Bachelor,F,0.0,87.0,0.0,Personal Auto,Oregon,712.40122,Four-Door Car
RO25639,5442.744248,Doctor,F,25884.0,69.0,3.0,Personal Auto,Nevada,292.274846,Four-Door Car
JK35644,3551.792574,Master,M,11607.0,96.0,0.0,Corporate Auto,Oregon,313.351134,Four-Door Car
DK69871,24138.05975,Master,M,53691.0,67.0,0.0,Personal Auto,Nevada,175.97506,Four-Door Car
OU43146,15415.04407,Bachelor,M,89464.0,194.0,1.0,Personal Auto,Oregon,1067.291208,Luxury
KN47424,5517.199137,High School or Below,F,60596.0,71.0,4.0,Personal Auto,Oregon,180.340069,Four-Door Car
ZX80668,13448.80973,Bachelor,M,43720.0,117.0,1.0,Personal Auto,Nevada,561.6,SUV
OI80614,6689.022728,High School or Below,M,56980.0,84.0,0.0,Personal Auto,California,599.000883,Two-Door Car
JA44693,7222.850848,College,F,0.0,68.0,0.0,Personal Auto,Oregon,350.207614,Four-Door Car
FI61059,4311.416903,College,M,0.0,67.0,1.0,Personal Auto,Oregon,482.4,Four-Door Car
ZF81243,4376.363592,Bachelor,F,63774.0,111.0,0.0,Personal Auto,Nevada,60.036683,Four-Door Car
XD19934,10506.93706,High School or Below,M,61650.0,88.0,0.0,Personal Auto,Oregon,117.470445,Four-Door Car
TA77711,8667.090494,College,M,31354.0,109.0,0.0,Personal Auto,Oregon,527.759702,SUV
PS92059,5938.511892,Doctor,F,44190.0,74.0,0.0,Corporate Auto,California,10.68564,Four-Door Car
TT19625,15277.47796,Bachelor,F,38183.0,191.0,0.0,Personal Auto,Nevada,981.010879,Luxury
EV95033,2551.226692,Master,M,79751.0,63.0,0.0,Special Auto,Oregon,392.235698,Two-Door Car
CS30775,4191.06163,High School or Below,M,0.0,64.0,1.0,Personal Auto,California,535.953661,Two-Door Car
CI51999,8161.1704,College,M,12266.0,114.0,1.0,Personal Auto,Arizona,732.050007,SUV
HK96298,2784.969185,Master,M,61807.0,70.0,0.0,Personal Auto,California,104.209216,Four-Door Car
UO59377,10083.48688,High School or Below,F,11828.0,90.0,0.0,Personal Auto,Arizona,571.479602,Four-Door Car
OU99581,19363.52743,Bachelor,M,49945.0,70.0,0.0,Personal Auto,California,50.40447,Four-Door Car
SN63066,7154.094304,Bachelor,F,28204.0,182.0,0.0,Personal Auto,Nevada,532.089467,Luxury
DK92504,8779.090552,High School or Below,M,54726.0,219.0,0.0,Corporate Auto,Arizona,1051.2,Luxury
DW72437,2731.39917,Master,F,43386.0,68.0,0.0,Personal Auto,Oregon,315.353519,Two-Door Car
GE49670,7429.079194,High School or Below,M,0.0,101.0,0.0,Personal Auto,Arizona,549.692452,Four-Door Car
TK38409,2616.613903,College,M,72302.0,66.0,0.0,Personal Auto,Nevada,316.8,Two-Door Car
OD89873,8044.872393,Bachelor,M,71391.0,67.0,0.0,Corporate Auto,Arizona,284.000172,Four-Door Car
KW41658,2534.306443,Bachelor,M,21606.0,71.0,3.0,Personal Auto,Arizona,340.8,Four-Door Car
UZ35113,10014.02955,Bachelor,F,74489.0,124.0,0.0,Special Auto,California,128.535182,SUV
HO81102,4745.181764,High School or Below,M,50549.0,61.0,0.0,Personal Auto,Washington,292.8,Four-Door Car
SM42781,14040.96476,Bachelor,F,0.0,195.0,1.0,Personal Auto,Arizona,669.037562,Luxury
TB40283,14635.45158,Bachelor,F,0.0,139.0,0.0,Corporate Auto,California,667.2,SUV
CR76145,3885.456401,College,M,0.0,105.0,0.0,Personal Auto,California,504.0,Four-Door Car
TK45392,5107.163002,Bachelor,F,35625.0,65.0,1.0,Personal Auto,California,288.572108,Four-Door Car
JN78502,9384.654502,High School or Below,F,25370.0,116.0,0.0,Special Auto,Washington,556.8,SUV
KZ60207,5007.672425,College,M,51523.0,62.0,0.0,Personal Auto,Arizona,297.6,Four-Door Car
BR50492,49423.79557,Bachelor,M,85058.0,137.0,0.0,Personal Auto,Arizona,595.369784,SUV
ES21306,8558.927723,Bachelor,M,0.0,125.0,0.0,Personal Auto,California,615.562164,SUV
AT29024,4892.628631,High School or Below,F,27005.0,61.0,0.0,Corporate Auto,California,311.84034,Four-Door Car
NP23146,5365.93282,College,F,62808.0,66.0,0.0,Special Auto,Arizona,211.515893,Two-Door Car
SY48471,5163.838813,High School or Below,F,88692.0,64.0,0.0,Personal Auto,California,253.193647,Four-Door Car
GJ47397,38055.20953,High School or Below,M,0.0,115.0,0.0,Special Auto,Oregon,552.0,SUV
CE69971,7403.447336,Master,F,19064.0,98.0,1.0,Personal Auto,Oregon,136.248799,Four-Door Car
GM54859,6051.637445,High School or Below,M,0.0,88.0,0.0,Personal Auto,Oregon,633.6,Two-Door Car
WY27579,7229.329257,Bachelor,M,60345.0,93.0,0.0,Personal Auto,Oregon,36.105928,Two-Door Car
ZT87452,3300.607083,Bachelor,F,59592.0,84.0,0.0,Personal Auto,Oregon,161.231812,Four-Door Car
JM35350,5505.167392,College,F,15648.0,73.0,1.0,Special Auto,California,413.269261,Two-Door Car
PT40521,4334.064096,Bachelor,F,23904.0,123.0,3.0,Corporate Auto,California,590.4,SUV
TN71469,4349.104278,College,F,90893.0,110.0,0.0,Personal Auto,Oregon,700.004018,SUV
GE26813,4882.073243,High School or Below,M,0.0,66.0,0.0,Personal Auto,Arizona,475.2,Four-Door Car
LU37653,10114.98621,College,F,74001.0,84.0,0.0,Corporate Auto,Oregon,224.265232,Four-Door Car
QW40254,5259.709581,College,M,28447.0,67.0,0.0,Personal Auto,Oregon,321.6,Four-Door Car
MH76107,4013.945512,College,M,56586.0,100.0,0.0,Personal Auto,California,121.928014,Luxury
ZH28728,6285.019179,Bachelor,M,0.0,172.0,0.0,Personal Auto,Oregon,825.6,SUV
SF29524,4518.782768,Doctor,M,19186.0,62.0,0.0,Personal Auto,Oregon,297.6,Four-Door Car
WT21922,17738.2012,High School or Below,F,65348.0,110.0,0.0,Corporate Auto,Arizona,134.120531,Luxury
WZ56476,6265.343299,Doctor,F,0.0,84.0,1.0,Personal Auto,California,481.025786,Four-Door Car
PP62909,12168.64405,Master,F,0.0,109.0,0.0,Special Auto,Oregon,30.989755,Luxury
XY57950,3618.432755,College,M,0.0,99.0,0.0,Special Auto,California,475.2,Four-Door Car
RA97108,6474.826466,High School or Below,F,0.0,91.0,0.0,Personal Auto,Oregon,436.8,Four-Door Car
LT57545,5575.198201,College,F,18892.0,73.0,0.0,Personal Auto,California,106.814987,Four-Door Car
MM97107,32144.64957,High School or Below,M,19066.0,103.0,0.0,Personal Auto,Oregon,494.4,Two-Door Car
PO26937,8223.164916,Bachelor,M,95102.0,101.0,0.0,Corporate Auto,Oregon,94.338814,Four-Door Car
GJ99406,7462.926263,College,F,70263.0,93.0,0.0,Corporate Auto,Arizona,7.345946,Two-Door Car
LU86185,9031.214859,Master,F,0.0,122.0,0.0,Corporate Auto,California,650.52179,Luxury
RO82935,7028.940001,High School or Below,F,18120.0,63.0,4.0,Personal Auto,Nevada,302.4,Two-Door Car
SC47383,7406.882612,Bachelor,F,38169.0,62.0,0.0,Corporate Auto,Nevada,71.678412,Four-Door Car
LV27997,7582.113842,College,M,64801.0,64.0,0.0,Personal Auto,Oregon,268.471802,Four-Door Car
RJ32720,10719.08467,College,F,86036.0,90.0,3.0,Personal Auto,Arizona,501.26513,Four-Door Car
KR90607,3721.390713,College,F,0.0,101.0,0.0,Personal Auto,Washington,862.49778,SUV
PZ95949,3528.044252,Doctor,M,31278.0,92.0,4.0,Personal Auto,Arizona,441.6,Two-Door Car
GI25850,17085.41462,High School or Below,F,20053.0,62.0,1.0,Personal Auto,Arizona,9.832575,Four-Door Car
QH60569,11955.39598,College,F,71587.0,99.0,0.0,Personal Auto,California,133.103003,Two-Door Car
II27516,6366.225775,High School or Below,M,44368.0,80.0,0.0,Personal Auto,California,384.0,Two-Door Car
QI21338,4669.22664,High School or Below,F,76157.0,116.0,0.0,Personal Auto,Oregon,556.8,Two-Door Car
HG83893,9100.731403,High School or Below,F,59183.0,113.0,0.0,Personal Auto,Nevada,542.4,SUV
RN66346,14663.19646,Master,M,91015.0,73.0,1.0,Personal Auto,California,119.062347,Two-Door Car
RS53995,7529.863445,College,M,52774.0,66.0,4.0,Corporate Auto,California,78.452298,Two-Door Car
TD90177,2647.519741,College,M,37876.0,69.0,0.0,Personal Auto,Oregon,300.056383,Four-Door Car
FP11025,8072.245595,Bachelor,F,57938.0,101.0,0.0,Special Auto,California,282.458203,SUV
SA62385,7644.684144,High School or Below,F,26526.0,99.0,0.0,Personal Auto,Oregon,523.701824,Four-Door Car
NL68893,2485.109896,Bachelor,M,76608.0,62.0,0.0,Personal Auto,California,91.229768,Four-Door Car
LA31975,13144.49101,College,M,0.0,194.0,0.0,Personal Auto,Arizona,931.2,Luxury
RM31359,3129.110699,High School or Below,F,48056.0,78.0,0.0,Corporate Auto,Oregon,374.4,Four-Door Car
WM19996,8349.523082,Bachelor,M,45428.0,109.0,1.0,Corporate Auto,California,487.273964,SUV
SU32452,3241.588659,Bachelor,F,89196.0,81.0,0.0,Personal Auto,Arizona,41.182611,Four-Door Car
MZ79386,6925.182046,Bachelor,F,88893.0,86.0,0.0,Personal Auto,California,72.86746,Four-Door Car
OY15095,5098.854489,Bachelor,M,0.0,97.0,4.0,Personal Auto,Oregon,609.046345,Two-Door Car
UV99893,2885.407442,Bachelor,F,92722.0,72.0,1.0,Corporate Auto,Arizona,28.126402,Two-Door Car
LD48189,5979.724161,High School or Below,F,57693.0,76.0,0.0,Personal Auto,Nevada,547.2,Four-Door Car
EK13316,5416.413581,Bachelor,F,53249.0,67.0,0.0,Personal Auto,Arizona,343.340361,Four-Door Car
FE82005,2345.129694,Bachelor,F,26304.0,63.0,0.0,Personal Auto,Oregon,302.4,Four-Door Car
BL44708,12556.95366,High School or Below,F,0.0,70.0,0.0,Personal Auto,California,504.0,Two-Door Car
PQ65328,2839.298304,High School or Below,M,71460.0,74.0,5.0,Personal Auto,Oregon,93.951709,Four-Door Car
AA56476,5595.389905,High School or Below,F,74454.0,71.0,0.0,Corporate Auto,Arizona,340.8,Four-Door Car
BL66157,3979.718986,Bachelor,F,96413.0,99.0,0.0,Personal Auto,California,560.045764,Four-Door Car
SN26999,10925.82157,High School or Below,F,98542.0,90.0,0.0,Personal Auto,Oregon,432.0,Two-Door Car
TS81548,5669.974517,Master,F,43416.0,70.0,0.0,Personal Auto,Oregon,336.0,Four-Door Car
DY34902,5168.152276,High School or Below,F,81182.0,64.0,0.0,Corporate Auto,Oregon,307.2,Four-Door Car
SX75100,2760.476712,Bachelor,M,79065.0,69.0,0.0,Corporate Auto,Arizona,290.886242,Four-Door Car
LZ98529,10382.50368,High School or Below,M,11721.0,102.0,2.0,Personal Auto,Arizona,560.91624,SUV
FM10372,3816.408655,College,F,82414.0,95.0,0.0,Personal Auto,California,30.423443,Four-Door Car
QX54666,11172.49931,High School or Below,M,14533.0,63.0,0.0,Personal Auto,California,302.4,Four-Door Car
FR48094,2456.816127,High School or Below,M,0.0,73.0,0.0,Personal Auto,Arizona,525.6,Four-Door Car
FH61723,7480.713618,Bachelor,F,52513.0,65.0,3.0,Personal Auto,California,91.244938,Two-Door Car
QY83498,2659.70565,College,F,0.0,87.0,3.0,Personal Auto,Oregon,420.041981,Four-Door Car
GC81619,4626.801093,Master,F,79487.0,114.0,0.0,Personal Auto,Oregon,547.2,SUV
BD84823,12157.32992,High School or Below,M,57449.0,103.0,0.0,Personal Auto,Oregon,494.4,Four-Door Car
EU78163,4792.509792,College,F,20181.0,66.0,2.0,Personal Auto,California,316.8,Four-Door Car
FD34314,2821.352024,Bachelor,M,73339.0,71.0,0.0,Corporate Auto,Arizona,244.401453,Four-Door Car
HS74723,17441.6378,College,F,80969.0,217.0,0.0,Personal Auto,Arizona,1041.6,Luxury
LX27768,4202.663699,Bachelor,F,74057.0,105.0,1.0,Personal Auto,Oregon,632.244063,SUV
YB91420,7851.349465,Bachelor,F,32225.0,66.0,0.0,Personal Auto,Oregon,316.8,Four-Door Car
QA45054,8932.317753,High School or Below,F,60909.0,112.0,0.0,Personal Auto,Arizona,412.106287,SUV
CO53758,5059.987477,High School or Below,M,70999.0,63.0,0.0,Corporate Auto,California,305.603239,Four-Door Car
CW57656,11196.01927,College,F,75457.0,93.0,0.0,Personal Auto,Oregon,151.572213,Four-Door Car
MR22119,4430.572112,High School or Below,M,24059.0,112.0,0.0,Personal Auto,Oregon,537.6,SUV
DI22093,10330.43794,College,M,56480.0,87.0,0.0,Personal Auto,California,384.695536,Four-Door Car
PQ35034,9918.69966,College,F,37586.0,63.0,0.0,Corporate Auto,Oregon,153.489143,Two-Door Car
XB30904,5876.373894,High School or Below,M,97026.0,73.0,0.0,Personal Auto,Arizona,97.417808,Two-Door Car
VF15321,2734.439188,College,M,54010.0,69.0,0.0,Personal Auto,Washington,331.2,Four-Door Car
LX71137,3694.14876,Bachelor,F,87485.0,92.0,0.0,Personal Auto,Arizona,441.6,Four-Door Car
SI35064,9521.676094,Bachelor,F,74583.0,118.0,0.0,Personal Auto,Washington,161.210468,SUV
SI26369,4377.532789,College,M,0.0,64.0,0.0,Personal Auto,Oregon,460.8,Two-Door Car
LD69905,6431.736287,High School or Below,M,21238.0,95.0,4.0,Personal Auto,Arizona,456.0,Four-Door Car
VY84895,6722.701247,High School or Below,F,0.0,93.0,0.0,Personal Auto,Nevada,669.6,Four-Door Car
UA38043,2397.036098,High School or Below,F,22283.0,65.0,0.0,Personal Auto,California,572.072106,Four-Door Car
WM46083,2393.813375,Master,M,58237.0,63.0,3.0,Personal Auto,Arizona,273.691831,Two-Door Car
GQ57207,2359.423599,Bachelor,F,19864.0,63.0,0.0,Personal Auto,California,352.394515,Four-Door Car
CQ80529,4080.81891,College,F,57283.0,106.0,1.0,Personal Auto,Oregon,337.95778,SUV
LN99954,26999.68099,Master,M,0.0,104.0,0.0,Personal Auto,Washington,622.88852,Four-Door Car
UF36353,10914.20446,College,M,71656.0,137.0,0.0,Special Auto,Oregon,61.915326,SUV
IZ24763,3445.86241,Bachelor,F,0.0,94.0,0.0,Corporate Auto,Nevada,590.626396,Four-Door Car
TU27017,6625.28717,Bachelor,M,41460.0,83.0,0.0,Personal Auto,California,398.4,Four-Door Car
WS46887,20067.40315,Bachelor,F,85165.0,101.0,0.0,Personal Auto,Washington,384.31404,Four-Door Car
GQ32356,3871.778009,High School or Below,F,0.0,111.0,0.0,Personal Auto,Nevada,799.2,Four-Door Car
PZ81131,4171.300175,Bachelor,F,36723.0,106.0,1.0,Personal Auto,California,580.091966,SUV
ZW79814,6689.022728,High School or Below,M,56980.0,84.0,0.0,Personal Auto,California,599.000883,Two-Door Car
KV79964,9009.219409,Doctor,M,32260.0,113.0,0.0,Personal Auto,Arizona,601.124657,Four-Door Car
WE38399,4974.801539,Bachelor,M,75644.0,65.0,3.0,Personal Auto,California,467.803638,Two-Door Car
MI13678,2506.197852,High School or Below,M,92056.0,62.0,0.0,Personal Auto,Oregon,89.398794,Four-Door Car
VA63861,4967.544169,College,F,28524.0,62.0,0.0,Personal Auto,California,297.6,Four-Door Car
EH70612,1918.1197,College,M,0.0,61.0,2.0,Personal Auto,California,439.2,Two-Door Car
UO40726,3146.037899,Bachelor,F,28089.0,82.0,1.0,Personal Auto,Oregon,411.856297,Two-Door Car
ZY49833,5963.174005,Bachelor,F,87020.0,74.0,0.0,Personal Auto,California,331.116399,Four-Door Car
HZ47488,2860.747385,Doctor,M,27907.0,74.0,1.0,Personal Auto,California,406.439436,Four-Door Car
LP51258,2857.11061,Bachelor,F,91811.0,70.0,0.0,Personal Auto,Oregon,333.7925,Four-Door Car
VW65573,7630.346461,High School or Below,M,0.0,111.0,0.0,Special Auto,California,799.2,SUV
LV82913,5715.787663,College,M,69451.0,72.0,0.0,Corporate Auto,Oregon,230.241775,Four-Door Car
OX53879,5113.899098,Bachelor,M,92427.0,64.0,2.0,Personal Auto,Arizona,126.049033,Four-Door Car
QV76563,5070.227097,Doctor,F,0.0,69.0,0.0,Personal Auto,Arizona,331.2,Four-Door Car
CP27565,12036.62051,Bachelor,M,44428.0,104.0,0.0,Special Auto,Oregon,499.2,SUV
LL56632,8679.79601,High School or Below,F,55842.0,109.0,0.0,Personal Auto,Oregon,703.118925,SUV
ZG88784,4911.458509,College,M,52796.0,62.0,0.0,Corporate Auto,Oregon,297.6,Four-Door Car
FO78512,17429.87777,Master,M,41775.0,109.0,0.0,Personal Auto,California,104.672657,Luxury
TX13297,2396.219292,Bachelor,F,0.0,66.0,2.0,Corporate Auto,California,433.160284,Four-Door Car
RS20615,5671.927479,High School or Below,F,34974.0,71.0,0.0,Special Auto,California,315.160937,Four-Door Car
HP77890,14413.37774,College,F,56457.0,73.0,0.0,Personal Auto,Washington,138.460771,Four-Door Car
GE45663,5217.513287,Bachelor,F,39854.0,66.0,0.0,Personal Auto,Arizona,261.930545,Two-Door Car
UW90223,2363.295991,Bachelor,F,27839.0,65.0,5.0,Personal Auto,California,312.0,Two-Door Car
LC58452,4655.605831,High School or Below,M,88240.0,117.0,0.0,Personal Auto,California,561.6,SUV
WO25669,35692.17157,High School or Below,F,0.0,102.0,0.0,Personal Auto,Oregon,1123.212014,SUV
NG59515,10248.89802,College,M,52693.0,129.0,0.0,Personal Auto,California,619.2,SUV
AQ52711,6897.505859,Bachelor,F,65337.0,173.0,1.0,Personal Auto,Oregon,830.4,SUV
AU23837,5010.37931,Bachelor,F,64014.0,63.0,0.0,Corporate Auto,Oregon,295.871784,Four-Door Car
NG62780,4250.282624,High School or Below,F,0.0,61.0,1.0,Personal Auto,Oregon,292.8,Four-Door Car
WW16329,10208.92761,College,F,35482.0,129.0,0.0,Corporate Auto,Oregon,619.2,SUV
YN46118,4961.574919,High School or Below,F,20951.0,65.0,0.0,Personal Auto,Arizona,312.0,Four-Door Car
CW77053,4476.81416,High School or Below,F,0.0,62.0,0.0,Personal Auto,Oregon,297.6,Four-Door Car
LX15904,2755.221411,High School or Below,F,39393.0,70.0,1.0,Special Auto,Washington,405.883346,Four-Door Car
IN26765,8271.906799,College,M,62912.0,69.0,0.0,Personal Auto,Oregon,168.358644,Two-Door Car
WR55560,5927.389227,High School or Below,M,33561.0,152.0,0.0,Corporate Auto,California,235.316581,Luxury
JQ70222,8548.30415,High School or Below,F,53055.0,112.0,2.0,Personal Auto,Washington,537.6,SUV
LU49168,21283.6362,High School or Below,M,0.0,63.0,0.0,Personal Auto,Arizona,302.4,Two-Door Car
EN97874,6446.706674,High School or Below,F,55037.0,80.0,1.0,Corporate Auto,Oregon,481.823284,Four-Door Car
IP76282,4484.254754,High School or Below,F,0.0,65.0,0.0,Personal Auto,Oregon,463.382118,Four-Door Car
NM18924,30286.68586,High School or Below,F,27587.0,103.0,1.0,Corporate Auto,Oregon,241.141192,Luxury
NZ98813,13840.16012,High School or Below,F,29658.0,119.0,0.0,Personal Auto,California,571.2,SUV
XJ65608,5391.775844,College,F,63633.0,68.0,1.0,Corporate Auto,California,374.024077,Two-Door Car
HI71466,3847.352801,College,M,23459.0,96.0,0.0,Personal Auto,California,185.070399,Four-Door Car
RO70057,6369.262355,High School or Below,M,34498.0,83.0,0.0,Personal Auto,Nevada,398.4,Two-Door Car
LT77960,5316.7566,College,F,28559.0,66.0,0.0,Corporate Auto,Arizona,427.242973,Four-Door Car
FO13691,5124.218174,Doctor,M,73740.0,64.0,0.0,Personal Auto,Oregon,229.272206,Two-Door Car
IP87756,4151.551337,High School or Below,M,0.0,125.0,0.0,Personal Auto,Washington,900.0,SUV
YG37894,2594.905944,College,F,25925.0,72.0,3.0,Corporate Auto,California,660.587577,Two-Door Car
SR24177,5763.265424,Bachelor,M,31725.0,76.0,0.0,Personal Auto,Nevada,177.234,Two-Door Car
BS91742,18370.57004,College,M,49659.0,234.0,0.0,Personal Auto,Washington,1684.8,Luxury
UJ38473,21923.12272,Bachelor,M,81197.0,109.0,0.0,Personal Auto,California,94.731199,Luxury
BP54465,10546.65545,Master,F,43922.0,88.0,0.0,Personal Auto,Arizona,108.701381,Four-Door Car
YY12812,8388.717011,Bachelor,F,87123.0,69.0,0.0,Corporate Auto,Nevada,118.468275,Four-Door Car
HW61722,7188.607263,Bachelor,F,0.0,66.0,0.0,Personal Auto,Oregon,278.574142,Four-Door Car
CE17855,3238.929524,Master,F,68745.0,80.0,0.0,Personal Auto,Oregon,473.613006,Four-Door Car
ZX50209,10960.93667,College,F,29815.0,95.0,0.0,Personal Auto,California,76.175672,Four-Door Car
CZ84042,2660.931663,High School or Below,F,53333.0,66.0,0.0,Personal Auto,Oregon,22.945038,Two-Door Car
SQ54906,2004.350666,College,F,0.0,66.0,4.0,Personal Auto,Oregon,316.8,Four-Door Car
QE21030,15483.52986,High School or Below,M,24661.0,196.0,0.0,Personal Auto,Washington,1961.162049,Luxury
WP60679,8940.579278,Bachelor,M,95351.0,111.0,0.0,Personal Auto,Oregon,406.48025,Luxury
BZ47770,5083.789524,Bachelor,F,62088.0,64.0,2.0,Corporate Auto,Washington,73.258034,Two-Door Car
TS76653,9031.214859,Master,F,0.0,122.0,0.0,Personal Auto,Nevada,650.52179,Luxury
IJ28717,32098.32209,College,M,31503.0,105.0,3.0,Personal Auto,Oregon,504.0,SUV
XL78013,22332.43946,College,M,49078.0,97.0,0.0,Corporate Auto,Oregon,484.013411,Four-Door Car
KN90631,8560.162384,High School or Below,F,28120.0,112.0,0.0,Personal Auto,Nevada,537.6,SUV
KU59569,7714.623619,College,F,0.0,106.0,0.0,Personal Auto,California,763.2,Luxury
IE71278,2936.993695,Bachelor,M,44369.0,77.0,3.0,Personal Auto,California,362.276183,Four-Door Car
VY76337,5112.104787,High School or Below,M,15131.0,67.0,0.0,Personal Auto,Washington,321.6,Four-Door Car
YC77374,5119.901412,Bachelor,F,26890.0,65.0,0.0,Personal Auto,California,312.0,Two-Door Car
FX78218,2494.869528,Doctor,M,45855.0,62.0,1.0,Personal Auto,California,0.887629,Four-Door Car
ZK11389,23594.6802,Bachelor,M,76358.0,66.0,0.0,Corporate Auto,Oregon,86.461582,Four-Door Car
MO82744,5656.203464,Bachelor,F,45586.0,72.0,0.0,Personal Auto,California,203.42306,Four-Door Car
GG20671,15673.13621,College,M,43267.0,78.0,0.0,Special Auto,Nevada,453.073096,Four-Door Car
YC53575,8509.453945,High School or Below,M,0.0,82.0,0.0,Personal Auto,Oregon,590.4,Four-Door Car
ES82658,6418.24871,Master,M,46648.0,81.0,0.0,Personal Auto,Oregon,123.576765,Four-Door Car
SU44811,3055.70113,High School or Below,F,42406.0,77.0,0.0,Corporate Auto,Oregon,108.871857,Four-Door Car
AZ43057,5746.05593,Master,M,50798.0,72.0,0.0,Personal Auto,California,64.977867,Four-Door Car
XU56756,23594.6802,Bachelor,M,76358.0,66.0,0.0,Personal Auto,Oregon,86.461582,Four-Door Car
TM24806,6005.847375,College,M,13528.0,86.0,0.0,Personal Auto,Oregon,412.8,Four-Door Car
ZH18791,5028.839465,Bachelor,M,0.0,67.0,0.0,Personal Auto,Oregon,80.753763,Four-Door Car
CE10235,3409.677392,Bachelor,F,85023.0,85.0,0.0,Personal Auto,California,408.0,Four-Door Car
IQ96928,4348.139173,High School or Below,F,0.0,62.0,0.0,Corporate Auto,Oregon,675.661163,Four-Door Car
BM55732,8337.194193,High School or Below,F,74460.0,69.0,0.0,Corporate Auto,Nevada,331.2,Two-Door Car
PC76141,2346.675378,Bachelor,M,22932.0,62.0,0.0,Personal Auto,Nevada,297.6,Four-Door Car
RV98208,4991.035369,College,F,54189.0,62.0,0.0,Personal Auto,Arizona,29.035528,Two-Door Car
LJ21457,2879.505701,College,M,42247.0,74.0,0.0,Personal Auto,California,355.2,Two-Door Car
MV86976,3482.038245,High School or Below,M,0.0,96.0,0.0,Personal Auto,California,726.132858,Four-Door Car
HS13676,8216.391903,High School or Below,M,0.0,117.0,0.0,Personal Auto,California,983.127481,Four-Door Car
OX35378,3155.45562,Bachelor,M,36706.0,80.0,0.0,Personal Auto,Oregon,488.296267,Four-Door Car
VL95438,5292.202092,College,M,67899.0,66.0,1.0,Corporate Auto,Arizona,316.8,Four-Door Car
YU32377,6553.943457,College,F,0.0,61.0,0.0,Corporate Auto,Oregon,365.820487,Two-Door Car
QW88350,7618.442045,College,F,41900.0,63.0,0.0,Corporate Auto,Washington,170.496071,Four-Door Car
TM61357,24610.78085,Bachelor,M,72786.0,76.0,0.0,Personal Auto,Nevada,363.845631,Four-Door Car
CP99334,3142.81161,College,F,60108.0,78.0,0.0,Personal Auto,Oregon,507.060901,Four-Door Car
AO20938,32021.40422,High School or Below,F,31433.0,100.0,0.0,Personal Auto,Arizona,635.020091,SUV
OY32548,5096.700181,College,F,27940.0,65.0,1.0,Personal Auto,Washington,27.66775,Two-Door Car
XE36531,4889.609695,High School or Below,F,51246.0,122.0,0.0,Personal Auto,California,817.692013,SUV
SZ86381,5112.570311,Bachelor,M,56587.0,65.0,1.0,Personal Auto,Oregon,312.0,Four-Door Car
YY29772,2725.322949,High School or Below,F,45025.0,69.0,1.0,Personal Auto,Arizona,452.271771,Four-Door Car
FG69718,9780.852337,High School or Below,F,0.0,132.0,0.0,Corporate Auto,California,950.4,SUV
MI81870,15042.57658,Bachelor,F,22799.0,190.0,0.0,Corporate Auto,Arizona,912.0,SUV
QH27767,5308.291752,Doctor,M,82601.0,66.0,0.0,Personal Auto,Oregon,186.387874,Four-Door Car
IV54766,19160.98994,Master,F,22705.0,239.0,0.0,Personal Auto,Oregon,1294.700423,Luxury
AD33653,3324.551776,High School or Below,M,0.0,92.0,0.0,Personal Auto,Oregon,441.6,Two-Door Car
HU54636,3791.549972,College,F,41212.0,95.0,0.0,Personal Auto,California,405.443681,Four-Door Car
CD45044,7600.034998,High School or Below,F,0.0,70.0,0.0,Personal Auto,Arizona,504.0,Four-Door Car
CB61335,6950.100195,High School or Below,F,21687.0,88.0,0.0,Personal Auto,California,603.100479,Four-Door Car
DL53457,4605.036646,College,F,22571.0,63.0,0.0,Personal Auto,California,302.4,Four-Door Car
YG68142,5864.381825,High School or Below,F,72032.0,72.0,0.0,Personal Auto,Oregon,438.149129,Four-Door Car
UI24036,15374.18296,Bachelor,F,42570.0,128.0,0.0,Personal Auto,Washington,587.409205,SUV
LD63324,3230.576665,College,M,62873.0,81.0,0.0,Corporate Auto,Arizona,207.75186,Four-Door Car
LB29621,9294.54951,Bachelor,F,21370.0,77.0,0.0,Corporate Auto,Oregon,105.181202,Four-Door Car
XB43625,2504.871709,Bachelor,F,66081.0,64.0,1.0,Personal Auto,Arizona,42.029731,Four-Door Car
FI65786,7081.690974,Master,F,93854.0,87.0,0.0,Corporate Auto,Oregon,417.6,Two-Door Car
ZC61874,9560.049227,Doctor,F,19429.0,122.0,0.0,Special Auto,Arizona,683.45551,SUV
QA66968,6756.062791,Bachelor,F,46879.0,86.0,2.0,Personal Auto,California,324.944098,Four-Door Car
YQ98322,5290.666331,Bachelor,M,36791.0,68.0,0.0,Personal Auto,Oregon,326.4,Four-Door Car
EN27946,8391.133455,High School or Below,M,40211.0,106.0,2.0,Personal Auto,California,710.740743,Two-Door Car
GT18396,21151.2328,College,M,48642.0,77.0,0.0,Personal Auto,Arizona,92.307736,Four-Door Car
KL43280,9264.32766,College,M,69063.0,115.0,0.0,Personal Auto,California,552.0,Two-Door Car
DB93245,2853.600347,Doctor,F,87455.0,71.0,0.0,Corporate Auto,Arizona,329.238904,Four-Door Car
SN53710,6245.443568,High School or Below,M,80101.0,79.0,0.0,Personal Auto,Washington,442.9167,Four-Door Car
IB82793,2129.063055,High School or Below,M,0.0,61.0,1.0,Corporate Auto,California,292.8,Four-Door Car
CT74097,14789.61805,College,M,51817.0,129.0,4.0,Personal Auto,Nevada,712.833284,SUV
HE20556,5324.38786,Bachelor,F,31561.0,68.0,0.0,Personal Auto,Arizona,326.4,Four-Door Car
RQ41621,2862.729074,Doctor,F,64640.0,73.0,2.0,Personal Auto,Arizona,327.912134,Four-Door Car
TB88830,8614.686004,Master,F,64220.0,107.0,0.0,Personal Auto,California,48.782626,SUV
LV94312,4931.503095,College,M,33580.0,62.0,0.0,Corporate Auto,Oregon,315.326222,Four-Door Car
PT45842,4642.020128,College,M,0.0,64.0,0.0,Personal Auto,Arizona,770.254285,Two-Door Car
CV49750,21423.63723,Bachelor,M,0.0,65.0,0.0,Personal Auto,Arizona,312.0,Two-Door Car
RB63074,4858.067125,High School or Below,M,0.0,67.0,0.0,Personal Auto,Oregon,482.4,Four-Door Car
XX73066,5261.101863,Master,M,43318.0,66.0,0.0,Personal Auto,Arizona,48.936563,Four-Door Car
VN22337,3274.037562,College,F,83869.0,81.0,0.0,Personal Auto,California,348.186032,Four-Door Car
BA19651,6134.38779,High School or Below,M,43875.0,78.0,0.0,Corporate Auto,California,289.468771,Four-Door Car
UX18122,3690.698916,Bachelor,F,59016.0,92.0,0.0,Corporate Auto,Washington,441.6,Four-Door Car
HY46017,2776.772734,College,F,70793.0,69.0,0.0,Personal Auto,California,62.625841,Four-Door Car
ZI95657,10972.06778,Doctor,M,24164.0,137.0,0.0,Personal Auto,California,657.6,Luxury
MK93363,4177.666255,Master,F,29133.0,104.0,0.0,Personal Auto,Washington,499.2,Luxury
UM26324,5838.89915,High School or Below,M,81082.0,73.0,0.0,Corporate Auto,Washington,281.295903,Four-Door Car
ZN18884,6462.22199,Bachelor,M,0.0,65.0,0.0,Corporate Auto,California,312.0,Four-Door Car
PN18863,5109.50079,College,M,21277.0,66.0,0.0,Corporate Auto,California,316.8,Four-Door Car
BK76340,8278.716567,High School or Below,M,16924.0,226.0,0.0,Personal Auto,California,1084.8,Luxury
QZ83992,8682.234653,College,M,10540.0,115.0,0.0,Corporate Auto,California,552.0,SUV
WE23159,9415.901707,High School or Below,M,0.0,133.0,0.0,Special Auto,Oregon,1361.993232,Luxury
GA86186,3230.576665,College,M,62873.0,81.0,0.0,Special Auto,Oregon,207.75186,Four-Door Car
ZM24497,17019.1929,High School or Below,M,98623.0,211.0,0.0,Personal Auto,California,1012.8,Luxury
EY97047,2647.519741,College,M,37876.0,69.0,0.0,Corporate Auto,Oregon,300.056383,Four-Door Car
NW14895,12883.11573,Bachelor,M,77469.0,109.0,1.0,Personal Auto,Arizona,757.170246,SUV
KS42294,20930.05217,College,F,30535.0,66.0,0.0,Personal Auto,California,94.142294,Four-Door Car
DQ50258,4814.350556,College,M,0.0,67.0,0.0,Personal Auto,California,482.4,Four-Door Car
XK10881,4836.892172,Bachelor,M,39310.0,61.0,0.0,Personal Auto,Oregon,93.181865,Four-Door Car
LC20778,18745.39592,Master,F,27229.0,99.0,0.0,Personal Auto,Nevada,475.2,Four-Door Car
LH87004,17367.52612,College,M,41418.0,112.0,0.0,Personal Auto,Washington,537.6,SUV
SZ17657,9012.922138,College,F,67840.0,112.0,0.0,Personal Auto,Oregon,83.240006,SUV
RI44399,5871.607022,Bachelor,F,0.0,80.0,0.0,Corporate Auto,California,871.055266,Four-Door Car
RF73080,5926.729379,College,M,23091.0,96.0,5.0,Personal Auto,Oregon,460.8,Four-Door Car
QA69109,5453.709172,Master,F,69468.0,67.0,0.0,Personal Auto,Arizona,302.733593,Four-Door Car
FK85203,9106.867749,High School or Below,M,74143.0,114.0,0.0,Personal Auto,California,547.2,SUV
ET44462,5013.136429,High School or Below,M,65165.0,126.0,1.0,Personal Auto,Arizona,604.8,SUV
SK27185,6672.05628,College,F,50537.0,165.0,0.0,Personal Auto,California,60.005031,SUV
JW87443,6521.368813,College,F,72608.0,82.0,3.0,Personal Auto,Oregon,393.6,Four-Door Car
OM37610,13024.22378,High School or Below,F,26312.0,110.0,1.0,Personal Auto,Nevada,565.837664,Four-Door Car
TJ58873,2748.800067,High School or Below,M,56900.0,68.0,0.0,Personal Auto,Oregon,304.115627,Four-Door Car
WE97690,2803.59608,Bachelor,F,60707.0,70.0,0.0,Corporate Auto,Oregon,327.061103,Four-Door Car
HH99354,7231.000788,Bachelor,M,67276.0,61.0,0.0,Personal Auto,Oregon,181.804443,Two-Door Car
UN90060,8329.286254,High School or Below,F,30865.0,104.0,0.0,Personal Auto,Oregon,21.261834,SUV
BR76202,4626.801093,Master,F,79487.0,114.0,0.0,Personal Auto,California,547.2,SUV
MO48960,6265.343299,Doctor,F,0.0,84.0,1.0,Personal Auto,California,481.025786,Four-Door Car
QG50480,4504.16329,College,M,0.0,62.0,0.0,Personal Auto,Oregon,135.851316,Two-Door Car
RE73564,11533.47722,Bachelor,F,41098.0,96.0,0.0,Personal Auto,Oregon,250.058657,Two-Door Car
EN32990,5349.996572,College,F,89158.0,67.0,0.0,Personal Auto,Arizona,272.195232,Four-Door Car
OO97388,2855.687705,Master,F,99612.0,70.0,0.0,Personal Auto,Oregon,336.0,Two-Door Car
JN66901,6601.611299,High School or Below,M,0.0,194.0,0.0,Corporate Auto,Nevada,2306.508397,Luxury
UI64573,3470.177816,High School or Below,F,94885.0,86.0,3.0,Personal Auto,Oregon,170.532133,Four-Door Car
HJ64867,5895.106386,College,F,78352.0,74.0,0.0,Personal Auto,Arizona,152.365482,Two-Door Car
MT35297,5065.935608,High School or Below,F,43460.0,63.0,0.0,Personal Auto,Oregon,302.4,Four-Door Car
VB69838,41787.90343,High School or Below,F,46587.0,119.0,2.0,Personal Auto,Oregon,571.2,Four-Door Car
JR34589,4882.286714,High School or Below,F,21236.0,123.0,0.0,Personal Auto,Nevada,131.262395,SUV
EI85578,3837.615029,Bachelor,F,0.0,106.0,0.0,Personal Auto,California,117.229971,SUV
DH85144,2154.073997,College,M,0.0,65.0,0.0,Personal Auto,Oregon,312.0,Four-Door Car
HC31007,5049.118385,High School or Below,M,0.0,68.0,0.0,Personal Auto,California,457.169818,Four-Door Car
MT58123,13869.92705,College,M,28432.0,118.0,0.0,Corporate Auto,California,612.300581,SUV
GQ78238,5213.3743,High School or Below,M,65167.0,131.0,0.0,Personal Auto,Oregon,628.8,SUV
UO44449,4911.115538,College,F,33700.0,62.0,0.0,Corporate Auto,Washington,274.114843,Four-Door Car
VK98618,7751.855026,College,F,0.0,105.0,0.0,Personal Auto,Arizona,756.0,SUV
BG30513,25464.82059,College,F,13663.0,97.0,0.0,Personal Auto,California,465.6,Four-Door Car
KD20203,9472.956706,College,M,0.0,131.0,0.0,Corporate Auto,Oregon,628.8,SUV
HR26088,5926.957452,College,F,0.0,84.0,2.0,Personal Auto,Arizona,403.2,Four-Door Car
XD72019,8470.043225,Bachelor,F,0.0,82.0,0.0,Personal Auto,Oregon,479.312226,Four-Door Car
XD82117,8675.993821,College,F,65933.0,108.0,0.0,Personal Auto,Arizona,379.951464,SUV
CT47738,18205.67367,College,F,0.0,128.0,0.0,Corporate Auto,Oregon,614.4,Luxury
NY30370,2618.326183,High School or Below,M,28663.0,66.0,0.0,Corporate Auto,Washington,430.604489,Two-Door Car
EH69733,3349.639274,Bachelor,M,78092.0,84.0,0.0,Corporate Auto,Arizona,344.015386,Four-Door Car
QV89210,5979.724161,High School or Below,F,57693.0,76.0,0.0,Corporate Auto,Nevada,547.2,Four-Door Car
QK90365,16301.9676,Master,F,19614.0,85.0,0.0,Personal Auto,Oregon,574.024018,Two-Door Car
UR67446,7882.987485,High School or Below,F,23235.0,99.0,0.0,Personal Auto,California,587.656629,Four-Door Car
FJ76376,7748.811,Bachelor,M,79528.0,64.0,0.0,Personal Auto,California,175.429028,Two-Door Car
ZI85739,15860.03591,Master,F,0.0,136.0,0.0,Personal Auto,California,46.098963,SUV
AM72411,2279.696801,High School or Below,M,23253.0,61.0,0.0,Personal Auto,Oregon,292.8,Two-Door Car
IC77855,15272.79977,College,M,40571.0,100.0,2.0,Personal Auto,California,361.788917,SUV
ZM70632,5498.753121,Bachelor,F,60668.0,138.0,0.0,Personal Auto,California,553.699596,SUV
JM59803,5743.403321,Doctor,M,61776.0,73.0,3.0,Personal Auto,California,343.278996,Two-Door Car
KG84303,3942.917284,Master,M,38820.0,99.0,0.0,Personal Auto,California,547.619785,Four-Door Car
OJ37666,2503.603127,Bachelor,F,47285.0,63.0,0.0,Personal Auto,California,302.4,Four-Door Car
VV49688,4558.592305,High School or Below,M,0.0,62.0,0.0,Corporate Auto,Oregon,446.4,Four-Door Car
KH55886,67907.2705,Bachelor,M,78310.0,192.0,1.0,Personal Auto,Oregon,151.711475,Luxury
QZ70160,2396.672304,College,F,26222.0,62.0,0.0,Personal Auto,Nevada,297.6,Four-Door Car
FU51754,5568.947534,High School or Below,M,0.0,79.0,1.0,Personal Auto,Arizona,407.440238,Two-Door Car
KY48450,7334.517166,College,F,83926.0,181.0,0.0,Personal Auto,Oregon,124.447153,Luxury
ZG18090,7150.111338,Master,M,24124.0,91.0,0.0,Corporate Auto,California,436.8,Four-Door Car
UI99151,12023.75062,High School or Below,M,28879.0,106.0,0.0,Personal Auto,Nevada,763.2,Luxury
VB59276,4018.88493,Bachelor,M,0.0,112.0,0.0,Corporate Auto,Oregon,544.250322,SUV
CJ64468,4770.550911,College,F,12964.0,65.0,0.0,Personal Auto,Oregon,362.774545,Two-Door Car
GM61951,29297.33082,High School or Below,F,0.0,115.0,0.0,Personal Auto,Nevada,1251.042795,SUV
BO15959,27929.96441,College,F,88105.0,86.0,0.0,Personal Auto,Washington,412.8,Four-Door Car
ZK50586,2899.922473,College,F,66524.0,74.0,4.0,Personal Auto,Oregon,238.517525,Two-Door Car
DM22923,2331.325089,Bachelor,M,27398.0,68.0,1.0,Personal Auto,Oregon,326.4,Four-Door Car
DQ58142,8561.561976,High School or Below,M,37759.0,108.0,0.0,Corporate Auto,Arizona,518.4,SUV
YW47108,11280.72641,College,M,45743.0,96.0,0.0,Personal Auto,California,673.780804,Four-Door Car
DS62172,2764.024716,Bachelor,F,54183.0,70.0,0.0,Personal Auto,Oregon,336.0,Four-Door Car
VL58402,2580.849899,College,M,46900.0,66.0,0.0,Personal Auto,Washington,316.8,Four-Door Car
YV82597,10856.01489,Doctor,F,59803.0,90.0,0.0,Corporate Auto,Nevada,22.75546,Two-Door Car
FN33339,4150.836913,High School or Below,F,53787.0,104.0,0.0,Corporate Auto,Oregon,666.092015,Four-Door Car
UZ97486,16979.79757,Bachelor,M,35095.0,73.0,0.0,Corporate Auto,California,525.6,Two-Door Car
LL92275,5028.739297,College,F,0.0,67.0,0.0,Personal Auto,California,216.196521,Four-Door Car
FB95288,64618.75715,High School or Below,M,0.0,217.0,1.0,Personal Auto,California,1562.4,Luxury
NB30472,41103.24183,College,F,30845.0,116.0,1.0,Personal Auto,Arizona,556.8,Four-Door Car
RX66745,22658.53652,Bachelor,M,23665.0,67.0,0.0,Corporate Auto,Washington,404.817249,Four-Door Car
II97469,7013.436657,High School or Below,M,92107.0,88.0,0.0,Personal Auto,California,16.37296,Four-Door Car
VF17463,8658.863813,College,M,62464.0,109.0,0.0,Personal Auto,Oregon,400.181882,Luxury
GW77328,5214.342348,Doctor,M,69991.0,65.0,0.0,Personal Auto,Oregon,4.619402,Four-Door Car
CF44171,4334.064096,Bachelor,F,23904.0,123.0,3.0,Personal Auto,California,590.4,SUV
ZN65873,3731.504584,High School or Below,F,0.0,96.0,0.0,Corporate Auto,California,460.8,Four-Door Car
EO75698,22242.51659,Bachelor,F,83894.0,110.0,0.0,Personal Auto,Oregon,82.019005,Four-Door Car
GB94407,12280.76661,College,M,88340.0,102.0,0.0,Corporate Auto,California,489.6,Two-Door Car
KM63956,13024.13012,Master,M,0.0,125.0,0.0,Corporate Auto,California,900.0,SUV
LM79795,7488.785177,High School or Below,M,39602.0,64.0,0.0,Personal Auto,Oregon,307.2,Two-Door Car
XT35473,2300.691547,Bachelor,M,25905.0,63.0,0.0,Personal Auto,Arizona,302.4,Four-Door Car
LO90163,30081.36783,Bachelor,F,24626.0,108.0,0.0,Personal Auto,Nevada,225.971279,SUV
LU65596,3745.374656,College,F,59732.0,94.0,0.0,Corporate Auto,California,135.626867,Four-Door Car
SV94314,13246.56841,Bachelor,M,36898.0,169.0,1.0,Personal Auto,Arizona,811.2,SUV
RW86245,5008.275979,High School or Below,M,92864.0,123.0,0.0,Personal Auto,Arizona,96.338144,SUV
JG41490,2396.219292,Bachelor,F,0.0,66.0,2.0,Corporate Auto,Arizona,433.160284,Four-Door Car
FO63400,5146.898635,College,F,93752.0,64.0,0.0,Corporate Auto,California,154.713524,Four-Door Car
FE84109,6540.204626,Bachelor,M,21156.0,89.0,0.0,Personal Auto,Washington,111.836561,Two-Door Car
KG21285,7159.806745,College,M,67206.0,90.0,0.0,Personal Auto,Arizona,76.289123,Four-Door Car
TQ33359,6087.302608,High School or Below,M,85654.0,76.0,0.0,Personal Auto,California,46.20341,Four-Door Car
ZG59671,9772.736775,College,M,59325.0,83.0,0.0,Personal Auto,Oregon,81.599332,Four-Door Car
AY19539,6005.847375,College,M,13528.0,86.0,0.0,Personal Auto,California,412.8,Four-Door Car
KU23440,6811.576281,Master,F,0.0,63.0,1.0,Personal Auto,Oregon,302.4,Four-Door Car
IJ83011,16350.13061,College,M,0.0,165.0,1.0,Corporate Auto,California,1452.213743,SUV
KE35335,3580.261881,College,F,75333.0,90.0,1.0,Personal Auto,Washington,289.236063,Four-Door Car
FE90301,5821.128509,Bachelor,F,61108.0,72.0,0.0,Personal Auto,Nevada,23.773332,Four-Door Car
CK35310,2839.56968,High School or Below,F,27083.0,73.0,1.0,Personal Auto,Nevada,525.6,Four-Door Car
XU97999,10097.19837,High School or Below,M,68997.0,63.0,0.0,Personal Auto,California,206.926432,Four-Door Car
RF73329,2674.227315,High School or Below,F,33451.0,67.0,0.0,Personal Auto,California,337.219884,Four-Door Car
WO12850,4515.445404,Bachelor,F,21500.0,115.0,0.0,Corporate Auto,Nevada,39.292196,Four-Door Car
AB26022,7998.347343,High School or Below,M,26487.0,112.0,0.0,Corporate Auto,Oregon,602.431489,SUV
HL91178,2809.766683,High School or Below,M,74713.0,70.0,0.0,Personal Auto,California,336.0,Four-Door Car
HS77089,4748.794301,Bachelor,M,0.0,70.0,0.0,Personal Auto,Washington,504.0,Four-Door Car
WK18603,5272.518472,Doctor,M,85607.0,66.0,0.0,Personal Auto,California,67.647131,Four-Door Car
XS44101,6712.294021,Bachelor,F,44891.0,83.0,0.0,Personal Auto,California,74.803791,Four-Door Car
RE93978,8188.976576,College,M,89061.0,103.0,0.0,Personal Auto,Washington,565.267705,SUV
WX19595,14429.89284,High School or Below,M,0.0,198.0,0.0,Personal Auto,Arizona,962.159318,Luxury
EA55071,4376.363592,Bachelor,F,63774.0,111.0,0.0,Personal Auto,Arizona,60.036683,Four-Door Car
HH45183,3713.803592,High School or Below,M,93308.0,92.0,0.0,Personal Auto,Oregon,441.6,Four-Door Car
NL75739,7590.050089,High School or Below,M,10375.0,66.0,0.0,Personal Auto,Arizona,316.8,Two-Door Car
XE96798,2795.735679,Master,M,85950.0,69.0,0.0,Personal Auto,Oregon,47.70723,Four-Door Car
UU12600,8640.753192,Bachelor,F,33402.0,109.0,0.0,Personal Auto,Nevada,71.053011,SUV
NL39999,2624.896858,High School or Below,M,18129.0,71.0,0.0,Personal Auto,Washington,340.8,Two-Door Car
ZN45349,4815.020779,College,M,0.0,66.0,0.0,Personal Auto,Oregon,711.8026,Two-Door Car
EV34073,4460.418492,College,F,0.0,65.0,1.0,Corporate Auto,California,312.0,Four-Door Car
HM94328,6047.02516,College,M,20396.0,76.0,1.0,Corporate Auto,Arizona,364.8,Four-Door Car
QX64770,8221.870429,Master,F,13376.0,108.0,0.0,Personal Auto,Oregon,774.714929,Four-Door Car
IN95983,6798.272436,College,F,32517.0,94.0,3.0,Special Auto,California,451.2,Four-Door Car
AD89594,12817.41348,College,M,28651.0,67.0,0.0,Personal Auto,California,302.272725,Four-Door Car
SQ37580,5219.886414,Bachelor,F,64964.0,66.0,0.0,Personal Auto,Arizona,286.967405,Four-Door Car
IN64985,6140.242989,College,F,34112.0,77.0,0.0,Personal Auto,Nevada,369.6,Four-Door Car
UL96474,3756.63877,College,F,0.0,108.0,3.0,Personal Auto,Arizona,718.383,SUV
IG89777,7356.559341,High School or Below,M,81145.0,92.0,0.0,Corporate Auto,California,321.060571,Two-Door Car
YJ14330,32725.2974,Master,F,39894.0,134.0,0.0,Corporate Auto,California,411.077415,SUV
NK20941,7057.463184,High School or Below,M,52447.0,90.0,0.0,Personal Auto,California,61.585668,Four-Door Car
XQ28930,11005.02349,College,M,0.0,69.0,2.0,Personal Auto,California,496.8,Four-Door Car
LY73893,5563.771927,College,M,35398.0,71.0,0.0,Personal Auto,California,340.8,Four-Door Car
II20035,7451.479991,High School or Below,F,26239.0,65.0,0.0,Personal Auto,Oregon,312.0,Four-Door Car
OH69760,5181.054467,College,F,0.0,70.0,0.0,Personal Auto,Arizona,336.0,Four-Door Car
WN45973,12584.00638,Master,M,83013.0,103.0,0.0,Corporate Auto,Washington,155.125923,SUV
UT21323,13057.01188,College,M,0.0,190.0,0.0,Personal Auto,California,1833.182529,Luxury
GM46746,17776.82267,High School or Below,F,86205.0,223.0,0.0,Personal Auto,Arizona,1070.4,Luxury
GZ64473,2757.383982,College,M,50414.0,69.0,0.0,Personal Auto,Nevada,331.2,Four-Door Car
FE93959,7535.42519,Doctor,M,37496.0,65.0,0.0,Corporate Auto,California,312.0,Two-Door Car
YC33550,2826.804029,High School or Below,F,24224.0,71.0,0.0,Corporate Auto,Oregon,511.2,Two-Door Car
MT91532,7326.544855,Bachelor,M,62338.0,92.0,0.0,Corporate Auto,California,4.216231,Four-Door Car
XE65072,6633.137616,College,M,63483.0,83.0,0.0,Personal Auto,Oregon,85.073541,Four-Door Car
AT72574,2485.886754,High School or Below,M,0.0,70.0,0.0,Personal Auto,Arizona,504.0,Two-Door Car
FP10040,8598.185237,High School or Below,M,38113.0,73.0,0.0,Personal Auto,Oregon,203.640251,Four-Door Car
AQ51159,8586.801328,High School or Below,F,38676.0,72.0,0.0,Personal Auto,Arizona,146.124719,Four-Door Car
HB21182,2417.777032,Master,F,20200.0,65.0,3.0,Personal Auto,Arizona,312.0,Two-Door Car
SM17747,2693.663643,College,M,29038.0,69.0,0.0,Personal Auto,Arizona,56.351667,Four-Door Car
YA87855,7179.22522,Master,M,23179.0,91.0,0.0,Corporate Auto,Arizona,436.8,Two-Door Car
MR52230,10629.33736,Doctor,M,56598.0,88.0,0.0,Personal Auto,Oregon,92.966783,Four-Door Car
FR54989,2710.918992,College,M,0.0,76.0,0.0,Corporate Auto,Arizona,547.2,Two-Door Car
RW82766,7724.052993,Bachelor,F,46988.0,195.0,0.0,Corporate Auto,Oregon,294.762659,Luxury
IX60941,3508.569533,College,M,20978.0,98.0,1.0,Personal Auto,Oregon,1176.2788,Four-Door Car
GQ26671,2241.108638,High School or Below,F,0.0,63.0,0.0,Personal Auto,California,453.6,Two-Door Car
UH89141,33279.77231,High School or Below,F,59130.0,117.0,0.0,Corporate Auto,Oregon,436.533172,Luxury
WO30947,5348.30258,Bachelor,M,31572.0,70.0,3.0,Personal Auto,Washington,292.434826,Four-Door Car
ZN86559,5251.152281,Bachelor,F,0.0,72.0,0.0,Personal Auto,California,345.6,Four-Door Car
NZ73268,4686.807406,Bachelor,M,32646.0,119.0,0.0,Corporate Auto,California,464.99983,Four-Door Car
YD80815,7148.331333,Bachelor,F,51791.0,181.0,1.0,Personal Auto,Arizona,422.960234,Luxury
BE54454,5028.575209,High School or Below,M,70828.0,62.0,0.0,Personal Auto,Washington,297.6,Four-Door Car
JB76199,2415.415525,College,F,40903.0,61.0,0.0,Corporate Auto,Oregon,409.88696,Four-Door Car
PN68458,7545.548643,High School or Below,F,0.0,106.0,1.0,Corporate Auto,California,631.108223,SUV
IM55696,5264.425866,High School or Below,F,24031.0,66.0,0.0,Personal Auto,California,316.8,Four-Door Car
UD99395,4474.48438,High School or Below,M,84927.0,112.0,0.0,Personal Auto,Oregon,537.6,SUV
PA90653,21578.86035,Bachelor,F,0.0,72.0,0.0,Corporate Auto,Oregon,510.976913,Two-Door Car
WE64939,2902.622439,College,F,23893.0,73.0,0.0,Personal Auto,California,186.292275,Four-Door Car
KC67652,10876.4794,Doctor,M,71255.0,138.0,0.0,Personal Auto,Arizona,138.633681,Luxury
FQ33633,4413.285858,College,F,37697.0,112.0,0.0,Personal Auto,Nevada,38.403843,SUV
QS23134,12504.49422,College,M,33746.0,106.0,0.0,Personal Auto,Arizona,508.8,Two-Door Car
EZ70589,7462.926263,College,F,70263.0,93.0,0.0,Personal Auto,Washington,7.345946,Two-Door Car
KT91115,4690.793868,Bachelor,M,43367.0,118.0,0.0,Personal Auto,Oregon,1026.741926,Four-Door Car
RS66246,2943.045259,High School or Below,F,0.0,81.0,0.0,Personal Auto,California,388.8,Two-Door Car
YX72707,5003.336664,Doctor,F,0.0,66.0,1.0,Personal Auto,Oregon,445.19869,Four-Door Car
LJ79533,13466.92071,High School or Below,F,11432.0,119.0,0.0,Special Auto,Nevada,571.2,SUV
JQ95021,3386.186515,College,M,67249.0,86.0,0.0,Special Auto,California,33.894695,Four-Door Car
ET88948,5503.440723,Bachelor,F,76839.0,68.0,0.0,Personal Auto,California,326.4,Four-Door Car
GW43195,25807.063,College,F,71210.0,214.0,1.0,Personal Auto,Oregon,1027.2,Luxury
MQ54182,4739.34663,Bachelor,F,49447.0,119.0,2.0,Personal Auto,California,762.007253,Four-Door Car
WM39308,15777.88702,High School or Below,F,98713.0,65.0,0.0,Personal Auto,Nevada,289.894293,Two-Door Car
DK20428,2619.865336,Bachelor,M,26094.0,67.0,0.0,Personal Auto,Oregon,2.028223,Two-Door Car
IZ67803,15445.66166,Master,M,26990.0,65.0,1.0,Personal Auto,California,297.864823,Four-Door Car
VW65351,3355.528168,College,F,46644.0,84.0,0.0,Personal Auto,Washington,150.688024,Four-Door Car
SY36127,2874.08847,Master,F,33462.0,72.0,0.0,Personal Auto,California,112.425578,Four-Door Car
LA20890,2846.645431,Bachelor,F,66880.0,71.0,0.0,Personal Auto,Oregon,340.8,Four-Door Car
EP48362,23813.52051,Bachelor,M,88680.0,66.0,0.0,Personal Auto,Arizona,201.762191,Four-Door Car
BI46495,5313.467001,High School or Below,M,0.0,79.0,0.0,Corporate Auto,Oregon,568.8,Two-Door Car
ON91363,3730.144916,College,M,75132.0,93.0,2.0,Personal Auto,Washington,446.4,Four-Door Car
TG95261,9031.214859,Master,F,0.0,122.0,0.0,Personal Auto,California,650.52179,Luxury
EE59791,5931.28489,High School or Below,F,56617.0,74.0,0.0,Personal Auto,California,355.2,Four-Door Car
IV84135,9429.080755,College,F,75638.0,83.0,4.0,Personal Auto,California,108.69654,Four-Door Car
TE11374,7613.049819,Bachelor,F,24982.0,109.0,4.0,Personal Auto,California,523.2,SUV
GH12466,3313.014405,High School or Below,F,40348.0,83.0,0.0,Personal Auto,Washington,26.314753,Four-Door Car
PC43437,7317.014254,College,F,24083.0,63.0,1.0,Personal Auto,Arizona,340.453606,Four-Door Car
PW98890,2665.737082,Bachelor,F,81538.0,66.0,0.0,Personal Auto,Oregon,272.844816,Four-Door Car
BQ94892,3230.576665,College,M,62873.0,81.0,0.0,Personal Auto,Oregon,207.75186,Four-Door Car
LA33814,17367.27409,High School or Below,M,66245.0,145.0,0.0,Personal Auto,Oregon,181.501424,SUV
WM87004,10595.81033,Bachelor,M,0.0,102.0,0.0,Personal Auto,Oregon,734.4,SUV
OL28902,5999.380228,College,M,26303.0,165.0,0.0,Personal Auto,California,956.589903,SUV
VW88885,17006.00256,Bachelor,F,58620.0,71.0,0.0,Corporate Auto,California,340.8,Four-Door Car
OQ51004,3954.344534,Bachelor,M,18375.0,103.0,0.0,Personal Auto,California,535.080276,Luxury
GJ88864,3589.372361,College,F,30944.0,92.0,0.0,Personal Auto,Nevada,348.216284,Four-Door Car
AF69537,7329.777554,College,M,59630.0,185.0,0.0,Personal Auto,Arizona,888.0,SUV
TX11163,7380.570445,Bachelor,F,53957.0,184.0,0.0,Corporate Auto,Nevada,61.554272,Luxury
FG43850,7472.672033,High School or Below,M,44385.0,97.0,0.0,Corporate Auto,Oregon,465.6,Four-Door Car
WY37677,8500.12195,High School or Below,M,0.0,119.0,0.0,Personal Auto,Oregon,856.8,Luxury
WY80801,19357.79964,High School or Below,F,25561.0,163.0,0.0,Corporate Auto,California,983.374985,SUV
GZ90429,5846.114411,High School or Below,M,85956.0,145.0,0.0,Corporate Auto,California,510.381882,SUV
SX89429,2231.786517,High School or Below,F,0.0,61.0,1.0,Personal Auto,Arizona,311.404068,Four-Door Car
FW35631,4864.527356,Bachelor,M,37406.0,122.0,1.0,Corporate Auto,Oregon,1134.960471,SUV
HM20848,4594.292826,High School or Below,F,39053.0,114.0,0.0,Personal Auto,California,547.2,Luxury
FO49408,3044.003202,High School or Below,M,24475.0,84.0,3.0,Personal Auto,Oregon,604.8,Four-Door Car
LL95376,2759.978287,Bachelor,M,92296.0,69.0,0.0,Personal Auto,Washington,331.2,Two-Door Car
UK49045,11064.29047,High School or Below,M,29484.0,93.0,0.0,Personal Auto,Oregon,446.4,Two-Door Car
JA24437,7555.828789,College,M,0.0,114.0,0.0,Personal Auto,California,820.8,Four-Door Car
TU77462,7469.557777,College,M,48088.0,94.0,0.0,Personal Auto,Oregon,134.828318,Two-Door Car
DA26490,4920.492369,Bachelor,M,21366.0,63.0,0.0,Personal Auto,California,302.4,Two-Door Car
JC37131,12298.6863,High School or Below,M,17101.0,113.0,0.0,Special Auto,Arizona,542.4,SUV
YZ77792,4630.363287,High School or Below,F,0.0,64.0,0.0,Personal Auto,Washington,460.8,Four-Door Car
AH53588,4636.54647,College,M,26802.0,66.0,1.0,Personal Auto,California,316.8,Two-Door Car
QV89018,20467.71796,High School or Below,M,89025.0,64.0,0.0,Personal Auto,Arizona,179.251604,Four-Door Car
SY95534,3792.829528,Bachelor,M,0.0,104.0,0.0,Personal Auto,California,748.8,SUV
YT37186,17526.17908,Bachelor,F,52228.0,220.0,1.0,Personal Auto,California,1056.0,Luxury
DY81347,4715.469193,High School or Below,F,0.0,126.0,0.0,Personal Auto,California,694.357961,SUV
VH45074,2288.763508,College,M,0.0,63.0,0.0,Personal Auto,California,344.288189,Four-Door Car
BF45697,5670.132321,College,M,83086.0,71.0,3.0,Personal Auto,California,320.486645,Four-Door Car
RY27018,7228.993348,High School or Below,M,53214.0,91.0,0.0,Personal Auto,Washington,436.8,Four-Door Car
YJ16163,11009.13049,Bachelor,F,51643.0,283.0,0.0,Special Auto,Oregon,1358.4,Luxury
QM61543,5639.941974,High School or Below,M,73168.0,70.0,0.0,Corporate Auto,Arizona,425.800112,Four-Door Car
IU83998,11196.46002,Bachelor,F,0.0,298.0,0.0,Personal Auto,Washington,2145.6,Luxury
NE29938,12840.43291,College,F,0.0,90.0,0.0,Personal Auto,California,648.0,Two-Door Car
VQ57815,8828.380695,Doctor,M,61246.0,110.0,0.0,Personal Auto,Oregon,159.239518,Luxury
FF93355,13268.79263,High School or Below,M,32762.0,112.0,0.0,Corporate Auto,Washington,326.926833,Four-Door Car
MG12206,3728.874098,College,M,0.0,69.0,5.0,Personal Auto,California,496.8,Two-Door Car
NE55975,4983.114656,High School or Below,F,0.0,133.0,0.0,Personal Auto,Nevada,957.6,Luxury
BX70848,13727.79972,College,M,0.0,126.0,0.0,Personal Auto,Washington,604.8,SUV
NJ88229,8343.751519,College,F,64127.0,71.0,0.0,Personal Auto,California,72.862304,Four-Door Car
QW31435,7191.831645,High School or Below,M,0.0,67.0,0.0,Personal Auto,Oregon,308.54976,Two-Door Car
DJ22229,13759.14695,Bachelor,F,16794.0,96.0,0.0,Personal Auto,Washington,460.8,Four-Door Car
MB12747,9788.713108,Bachelor,M,31930.0,83.0,0.0,Personal Auto,Nevada,37.699658,Four-Door Car
XQ50187,3360.44356,Master,M,74918.0,85.0,0.0,Special Auto,Oregon,314.246507,Two-Door Car
WU62992,4887.794108,Bachelor,M,70742.0,124.0,1.0,Personal Auto,Oregon,211.68058,SUV
CE11667,7582.113842,College,M,64801.0,64.0,0.0,Corporate Auto,Oregon,268.471802,Four-Door Car
BP53979,2516.213745,Bachelor,F,48829.0,64.0,1.0,Personal Auto,California,300.312635,Four-Door Car
DM59806,3571.34607,Doctor,F,73853.0,89.0,0.0,Personal Auto,California,427.2,Four-Door Car
LJ88616,9868.595441,High School or Below,M,0.0,99.0,0.0,Personal Auto,Arizona,712.8,Four-Door Car
TC82133,5375.821564,Bachelor,M,66844.0,70.0,4.0,Personal Auto,Oregon,104.977375,Four-Door Car
NW65065,4254.620669,High School or Below,F,11904.0,61.0,2.0,Corporate Auto,California,292.8,Two-Door Car
LS17120,3061.052283,Bachelor,M,56869.0,83.0,3.0,Personal Auto,California,269.406119,Four-Door Car
ZN96843,2414.770722,Bachelor,M,0.0,67.0,0.0,Personal Auto,Arizona,482.4,Two-Door Car
HZ98935,4526.52638,Bachelor,F,0.0,68.0,1.0,Personal Auto,Washington,326.4,Four-Door Car
WG51330,5635.294733,College,M,59325.0,71.0,0.0,Corporate Auto,Arizona,229.686659,Four-Door Car
DS58268,8254.698836,High School or Below,F,0.0,115.0,0.0,Corporate Auto,Arizona,552.0,Luxury
SN27401,7320.070571,High School or Below,M,0.0,112.0,1.0,Personal Auto,Washington,806.4,Two-Door Car
AI74959,3933.813993,High School or Below,M,25927.0,103.0,0.0,Personal Auto,California,674.973614,SUV
RC16862,2433.089468,College,M,0.0,71.0,0.0,Corporate Auto,Arizona,493.055291,Four-Door Car
YP19985,5706.955563,Bachelor,M,83073.0,71.0,0.0,Corporate Auto,California,10.42277,Two-Door Car
SY29553,2585.444463,High School or Below,F,0.0,73.0,2.0,Personal Auto,Oregon,350.4,Four-Door Car
EM78211,2659.70565,College,F,0.0,87.0,3.0,Special Auto,Oregon,420.041981,Four-Door Car
JL70559,5310.861767,College,F,0.0,72.0,1.0,Personal Auto,Arizona,345.6,Four-Door Car
IS95117,5874.820212,College,F,35301.0,74.0,0.0,Personal Auto,Arizona,128.643975,Four-Door Car
YU66872,8579.889155,College,F,21829.0,111.0,0.0,Personal Auto,California,532.8,Luxury
WK62379,8903.966435,Bachelor,F,15142.0,116.0,0.0,Personal Auto,Washington,792.609747,Two-Door Car
WR85740,8149.769437,Doctor,F,0.0,71.0,0.0,Corporate Auto,Arizona,340.8,Two-Door Car
YY58769,2570.162134,Bachelor,M,58498.0,67.0,3.0,Personal Auto,Arizona,321.6,Four-Door Car
YK83904,2585.56013,High School or Below,F,64592.0,64.0,0.0,Personal Auto,Nevada,307.2,Four-Door Car
IE36279,2844.849804,Bachelor,M,80306.0,71.0,0.0,Corporate Auto,California,340.8,Two-Door Car
FT61724,4633.550875,Bachelor,F,29105.0,117.0,0.0,Personal Auto,California,272.612048,Luxury
YV63603,6678.899026,Bachelor,F,47137.0,84.0,0.0,Personal Auto,Arizona,161.640052,Four-Door Car
PT52001,2222.865016,College,F,0.0,62.0,0.0,Corporate Auto,Nevada,446.4,Two-Door Car
FM83188,8522.759016,Doctor,F,0.0,109.0,0.0,Corporate Auto,Washington,723.786607,SUV
RN96985,25082.1789,High School or Below,F,0.0,100.0,0.0,Personal Auto,Oregon,1000.850446,SUV
OA59724,3479.260311,College,F,66711.0,86.0,0.0,Corporate Auto,Washington,366.381387,Two-Door Car
LY83340,7851.582939,High School or Below,F,48943.0,65.0,0.0,Corporate Auto,Oregon,105.068788,Two-Door Car
AX99820,2509.508795,Bachelor,F,0.0,71.0,0.0,Personal Auto,Arizona,511.2,Four-Door Car
MH13358,2854.26694,High School or Below,F,34807.0,73.0,0.0,Personal Auto,Oregon,472.043042,Two-Door Car
UQ51981,8879.790017,High School or Below,F,52583.0,113.0,0.0,Personal Auto,Oregon,528.20086,SUV
JQ60102,8392.618913,Master,M,0.0,111.0,0.0,Corporate Auto,California,617.396701,Luxury
CB52667,5279.478432,High School or Below,F,92589.0,65.0,0.0,Personal Auto,Washington,312.0,Four-Door Car
YP29527,8272.330818,College,M,96689.0,103.0,0.0,Personal Auto,Oregon,37.802583,Luxury
GW89349,7662.429999,High School or Below,M,0.0,73.0,0.0,Corporate Auto,Nevada,525.6,Four-Door Car
ZD72991,4899.977003,Doctor,M,76594.0,122.0,1.0,Personal Auto,California,832.453791,SUV
CS51928,4508.862933,Bachelor,M,83777.0,112.0,0.0,Personal Auto,Arizona,377.354191,Luxury
IJ18945,3094.320237,College,F,20954.0,78.0,0.0,Special Auto,Washington,534.501024,Four-Door Car
EF21564,4383.150505,Master,M,84491.0,110.0,0.0,Personal Auto,Nevada,156.282093,SUV
AY35539,2530.705137,Bachelor,F,89451.0,63.0,0.0,Personal Auto,Oregon,61.769564,Four-Door Car
XJ96507,8291.659086,High School or Below,F,85132.0,106.0,5.0,Personal Auto,Arizona,501.134524,SUV
ZG95780,8164.31273,College,M,11193.0,114.0,0.0,Personal Auto,Arizona,820.8,SUV
GI55977,2337.35182,High School or Below,F,28806.0,61.0,0.0,Personal Auto,Oregon,292.8,Four-Door Car
BV63942,9002.409572,High School or Below,M,76184.0,111.0,0.0,Corporate Auto,Washington,532.8,Two-Door Car
PF81183,5389.499465,College,M,66429.0,136.0,0.0,Corporate Auto,California,57.712985,Luxury
HV16877,2721.585434,High School or Below,F,43278.0,68.0,0.0,Personal Auto,California,326.4,Four-Door Car
XO92596,6005.847375,College,M,13528.0,86.0,0.0,Personal Auto,California,412.8,Four-Door Car
IQ73438,5555.830205,Bachelor,M,74015.0,72.0,0.0,Personal Auto,California,471.443077,Four-Door Car
FY74419,5470.060561,Bachelor,F,54507.0,138.0,0.0,Personal Auto,Nevada,702.990032,SUV
JQ30166,15610.90065,Master,F,0.0,119.0,5.0,Personal Auto,Oregon,439.352186,Four-Door Car
WC22220,2616.613903,College,M,72302.0,66.0,0.0,Corporate Auto,Arizona,316.8,Two-Door Car
OT66924,4681.52815,Bachelor,F,14606.0,72.0,5.0,Personal Auto,Oregon,439.772868,Four-Door Car
UC21019,4890.1093,Master,M,0.0,68.0,0.0,Personal Auto,Arizona,689.282166,Four-Door Car
YW88487,7457.344801,College,F,43406.0,187.0,0.0,Personal Auto,Arizona,897.6,Luxury
CA45756,22185.88045,Master,F,60426.0,62.0,0.0,Corporate Auto,Arizona,133.284622,Two-Door Car
JY42899,5305.087084,Bachelor,M,26334.0,71.0,0.0,Personal Auto,California,340.8,Two-Door Car
KM72781,9470.624437,College,F,22514.0,80.0,0.0,Personal Auto,Washington,203.469143,Four-Door Car
DV62119,3548.148767,Doctor,F,76114.0,88.0,0.0,Personal Auto,Arizona,422.4,Four-Door Car
DO12179,2451.535793,Bachelor,M,48791.0,62.0,3.0,Personal Auto,Oregon,69.794432,Two-Door Car
ER20865,8652.652451,Bachelor,M,65605.0,111.0,2.0,Corporate Auto,California,377.781658,Two-Door Car
YQ95507,2535.223185,High School or Below,F,69259.0,63.0,0.0,Personal Auto,Oregon,362.51794,Four-Door Car
VW65691,4314.065657,High School or Below,F,0.0,64.0,1.0,Personal Auto,Oregon,460.8,Four-Door Car
LL55780,6731.050335,High School or Below,F,0.0,62.0,0.0,Corporate Auto,Oregon,446.4,Four-Door Car
WK29536,7779.588181,Bachelor,F,90969.0,65.0,0.0,Personal Auto,Oregon,190.751345,Four-Door Car
UX87980,2805.286098,College,M,50180.0,77.0,3.0,Personal Auto,Nevada,360.499075,Four-Door Car
TJ68521,5251.968272,Master,M,41991.0,67.0,0.0,Personal Auto,Washington,88.382536,Four-Door Car
RJ57593,8044.872393,Bachelor,M,71391.0,67.0,0.0,Personal Auto,Arizona,284.000172,Four-Door Car
YI83073,4250.282624,High School or Below,F,0.0,61.0,1.0,Personal Auto,California,292.8,Four-Door Car
QQ18636,13891.67638,College,F,70725.0,70.0,0.0,Corporate Auto,Arizona,336.0,Four-Door Car
JV23769,2725.356404,Master,F,36650.0,69.0,1.0,Personal Auto,Oregon,56.60333,Four-Door Car
PA19547,4779.893422,High School or Below,M,54194.0,119.0,1.0,Personal Auto,Washington,112.268583,SUV
IH91478,4808.957973,Bachelor,F,23554.0,61.0,0.0,Personal Auto,Oregon,142.459804,Two-Door Car
OR78439,8658.863813,College,M,62464.0,109.0,0.0,Corporate Auto,Arizona,400.181882,Luxury
CW15758,9215.541928,College,F,71888.0,115.0,0.0,Personal Auto,Oregon,552.0,SUV
RY26286,5068.426258,College,M,80846.0,65.0,0.0,Corporate Auto,California,227.183015,Four-Door Car
YP71513,4879.713235,College,M,0.0,67.0,0.0,Personal Auto,Oregon,321.6,Four-Door Car
CJ51511,13466.92071,High School or Below,F,11432.0,119.0,0.0,Corporate Auto,Arizona,571.2,SUV
GQ11852,13306.18451,College,F,39017.0,170.0,2.0,Personal Auto,Oregon,592.85751,SUV
TC29250,7350.182328,Bachelor,M,0.0,108.0,0.0,Personal Auto,California,777.6,Luxury
HX63408,4822.436037,Bachelor,M,73769.0,61.0,0.0,Corporate Auto,Arizona,121.654567,Four-Door Car
LJ15849,3554.845264,Master,F,58557.0,88.0,0.0,Personal Auto,Arizona,55.510526,Four-Door Car
NC40609,3135.579831,College,M,0.0,91.0,0.0,Corporate Auto,Nevada,707.264022,Four-Door Car
JZ23377,57520.50151,College,F,48367.0,161.0,0.0,Personal Auto,Oregon,772.8,SUV
TB17648,2515.411468,College,M,39718.0,65.0,2.0,Personal Auto,Arizona,366.531664,Four-Door Car
OP68330,7247.495684,College,F,0.0,96.0,1.0,Personal Auto,Oregon,460.8,Four-Door Car
GO53814,4878.950256,High School or Below,F,43358.0,61.0,0.0,Corporate Auto,Oregon,400.294938,Two-Door Car
VW11431,2971.919417,Bachelor,F,83873.0,76.0,1.0,Personal Auto,California,218.374041,Two-Door Car
FG96614,11302.60169,Doctor,F,22361.0,95.0,0.0,Personal Auto,California,530.667993,Four-Door Car
KQ98040,7996.597066,Bachelor,F,70061.0,99.0,0.0,Corporate Auto,California,699.517349,Four-Door Car
DP23630,7411.813055,High School or Below,M,0.0,73.0,0.0,Personal Auto,California,525.6,Four-Door Car
No31089,3179.474225,Bachelor,F,65742.0,79.0,0.0,Personal Auto,Arizona,277.360797,Four-Door Car
TU15769,22658.53652,Bachelor,M,23665.0,67.0,0.0,Personal Auto,Washington,404.817249,Four-Door Car
DA20791,3774.861293,College,M,66457.0,95.0,0.0,Personal Auto,California,456.0,Four-Door Car
AE89300,8224.770259,Bachelor,F,82634.0,104.0,0.0,Personal Auto,Arizona,324.097433,SUV
UE13511,2563.582441,High School or Below,F,0.0,69.0,0.0,Corporate Auto,Oregon,331.2,Four-Door Car
MS46793,2393.915369,College,M,0.0,70.0,0.0,Personal Auto,Oregon,425.266308,Four-Door Car
ME22430,2453.570794,Bachelor,M,29735.0,69.0,0.0,Personal Auto,Nevada,331.2,Four-Door Car
JZ28710,5143.878519,College,M,61417.0,65.0,0.0,Personal Auto,California,206.01822,Two-Door Car
HP80279,7378.510732,High School or Below,F,0.0,105.0,0.0,Personal Auto,Oregon,756.0,SUV
EH22538,2574.198807,High School or Below,M,43846.0,65.0,1.0,Personal Auto,California,125.52458,Four-Door Car
JP87331,22315.05787,High School or Below,M,0.0,67.0,0.0,Personal Auto,Arizona,482.4,Four-Door Car
VA89684,2430.484375,College,F,33775.0,61.0,0.0,Personal Auto,Nevada,292.8,Two-Door Car
XS68865,6160.999344,College,M,96988.0,77.0,0.0,Personal Auto,Oregon,369.6,Two-Door Car
IZ13533,7912.132168,Bachelor,M,0.0,114.0,0.0,Personal Auto,Arizona,820.8,Two-Door Car
JB47784,5534.821886,Doctor,F,81945.0,68.0,0.0,Personal Auto,Oregon,47.451832,Four-Door Car
LT79371,2382.672856,Bachelor,F,0.0,65.0,0.0,Personal Auto,Arizona,27.031485,Four-Door Car
DE78840,6991.248087,Bachelor,F,19019.0,186.0,0.0,Personal Auto,Nevada,1003.050834,Luxury
PU25554,2885.328202,Bachelor,F,62579.0,72.0,0.0,Personal Auto,Oregon,326.242099,Four-Door Car
ZI47098,41787.90343,High School or Below,F,46587.0,119.0,2.0,Personal Auto,California,571.2,Four-Door Car
CN53343,2848.564466,Bachelor,F,0.0,81.0,0.0,Personal Auto,Arizona,583.2,Four-Door Car
IN18876,8123.023295,Bachelor,F,0.0,78.0,0.0,Special Auto,Arizona,561.6,Four-Door Car
FV38119,9661.103686,High School or Below,M,0.0,135.0,0.0,Corporate Auto,Washington,648.0,SUV
YD89516,4488.134688,High School or Below,M,0.0,66.0,0.0,Corporate Auto,California,758.460636,Four-Door Car
BN89470,4561.27302,College,M,29327.0,118.0,0.0,Special Auto,California,627.898468,Four-Door Car
VZ64716,11546.17372,Master,M,81081.0,96.0,1.0,Corporate Auto,Oregon,206.211089,Four-Door Car
FU17577,3788.814643,High School or Below,F,0.0,106.0,0.0,Personal Auto,Oregon,763.2,SUV
QY37300,13502.63148,Master,M,57222.0,112.0,1.0,Personal Auto,Nevada,297.187468,Luxury
UI84849,8563.968057,College,M,91147.0,107.0,0.0,Personal Auto,Arizona,50.473675,Luxury
MN81810,2913.475108,High School or Below,F,76638.0,73.0,1.0,Personal Auto,California,435.189747,Four-Door Car
XN42396,7540.584824,Bachelor,M,29697.0,64.0,0.0,Personal Auto,California,147.128736,Four-Door Car
VZ13840,6950.532764,High School or Below,M,0.0,61.0,0.0,Corporate Auto,Arizona,301.402778,Four-Door Car
NI27358,7255.137772,College,F,67352.0,181.0,1.0,Personal Auto,Arizona,560.947563,Luxury
LO39834,4334.064096,Bachelor,F,23904.0,123.0,3.0,Personal Auto,Oregon,590.4,SUV
WX18073,6307.497245,Bachelor,M,0.0,88.0,2.0,Personal Auto,Arizona,422.4,Four-Door Car
PG27422,5904.847853,Bachelor,F,89953.0,74.0,0.0,Corporate Auto,California,274.165887,Four-Door Car
AX56708,4794.481412,High School or Below,M,20862.0,68.0,0.0,Personal Auto,California,326.4,Four-Door Car
JI80257,9180.154161,College,F,47663.0,114.0,0.0,Personal Auto,Nevada,103.702555,Luxury
EK95340,8355.512557,Master,M,49564.0,105.0,0.0,Corporate Auto,Washington,661.608936,Four-Door Car
FS67856,13869.92705,College,M,28432.0,118.0,0.0,Personal Auto,California,612.300581,SUV
JX27737,13452.1928,College,M,32356.0,117.0,2.0,Personal Auto,California,428.490681,Two-Door Car
SY81273,16798.85832,High School or Below,M,55269.0,71.0,0.0,Personal Auto,Oregon,340.8,Two-Door Car
FZ16327,8273.111579,College,F,0.0,116.0,0.0,Personal Auto,California,509.513764,Four-Door Car
XC26395,7408.836056,High School or Below,M,76771.0,95.0,1.0,Personal Auto,Oregon,91.674854,Two-Door Car
HA72996,4349.30875,College,F,75648.0,108.0,0.0,Corporate Auto,Nevada,112.660916,SUV
WP51328,4744.967459,Doctor,M,20698.0,68.0,5.0,Personal Auto,Oregon,248.422693,Two-Door Car
CP47989,17208.05642,High School or Below,F,29734.0,63.0,0.0,Corporate Auto,Oregon,649.83837,Two-Door Car
JO75190,8673.587,Bachelor,M,43963.0,110.0,0.0,Corporate Auto,Nevada,528.0,SUV
AP47670,2497.910013,High School or Below,M,29465.0,63.0,0.0,Personal Auto,California,302.4,Four-Door Car
BT61680,32069.87526,High School or Below,F,24851.0,103.0,0.0,Personal Auto,Arizona,604.289428,SUV
KX23022,3312.253233,Bachelor,M,0.0,107.0,2.0,Corporate Auto,Arizona,770.4,SUV
KB20508,10828.37347,College,M,11033.0,97.0,0.0,Special Auto,California,511.120131,Two-Door Car
HU89665,12128.36511,College,F,20495.0,61.0,0.0,Personal Auto,Oregon,292.8,Four-Door Car
HD12841,5505.687336,Master,F,95766.0,68.0,0.0,Personal Auto,California,162.557048,Four-Door Car
AR63478,6715.342541,College,M,0.0,65.0,0.0,Corporate Auto,California,655.073317,Four-Door Car
UP90711,2836.677371,Bachelor,F,61029.0,72.0,0.0,Personal Auto,Oregon,114.429816,Two-Door Car
EK58626,3561.595726,Bachelor,M,0.0,105.0,0.0,Personal Auto,Oregon,504.0,SUV
CA14631,6552.399896,High School or Below,M,56188.0,86.0,3.0,Special Auto,California,175.972039,Four-Door Car
AU98438,2833.980142,Bachelor,F,94812.0,70.0,0.0,Personal Auto,Arizona,121.025058,Four-Door Car
RD96782,5099.513147,Bachelor,F,0.0,70.0,1.0,Personal Auto,California,336.0,Two-Door Car
SY66568,9415.527031,College,F,55338.0,116.0,0.0,Corporate Auto,Oregon,556.8,Two-Door Car
WE52979,3644.833554,High School or Below,F,82477.0,90.0,0.0,Personal Auto,California,432.0,Two-Door Car
PL56477,2927.516316,College,F,20852.0,73.0,0.0,Personal Auto,Oregon,383.789732,Two-Door Car
XK20264,9227.945752,High School or Below,F,0.0,82.0,0.0,Personal Auto,Washington,296.637382,Two-Door Car
DV57698,3148.42409,Doctor,F,0.0,83.0,0.0,Personal Auto,Oregon,544.217453,Two-Door Car
RD53171,3063.114594,College,F,0.0,95.0,2.0,Personal Auto,Arizona,456.0,Two-Door Car
PK23339,3417.953745,High School or Below,F,72460.0,85.0,0.0,Personal Auto,Arizona,370.018108,Four-Door Car
GA74551,23594.6802,Bachelor,M,76358.0,66.0,0.0,Personal Auto,Oregon,86.461582,Four-Door Car
BS26376,7519.133631,High School or Below,M,96306.0,95.0,1.0,Corporate Auto,California,185.355353,Four-Door Car
WW74234,3969.433177,College,F,49544.0,101.0,0.0,Personal Auto,Arizona,0.769185,SUV
UA26783,4874.0748,High School or Below,M,0.0,68.0,0.0,Personal Auto,Oregon,609.323227,Two-Door Car
DV38369,7261.615478,Bachelor,M,0.0,101.0,0.0,Corporate Auto,California,727.2,SUV
ZM42260,8005.964669,College,M,63357.0,101.0,0.0,Personal Auto,Arizona,565.508572,SUV
EB34435,2996.139865,High School or Below,M,0.0,82.0,0.0,Corporate Auto,Arizona,590.4,Four-Door Car
QY41527,4175.945269,Bachelor,M,23060.0,109.0,3.0,Corporate Auto,Arizona,731.350857,SUV
WG61503,8491.858636,Master,M,27781.0,71.0,0.0,Corporate Auto,Arizona,340.8,Four-Door Car
TY59969,2402.172069,College,M,43246.0,62.0,0.0,Personal Auto,Arizona,52.435202,Four-Door Car
DO20853,4775.475851,High School or Below,F,14254.0,124.0,0.0,Corporate Auto,Oregon,595.2,SUV
CD14267,4235.183999,College,M,60334.0,106.0,0.0,Corporate Auto,Nevada,111.164747,Four-Door Car
WL40338,5107.163002,Bachelor,F,35625.0,65.0,1.0,Personal Auto,California,288.572108,Four-Door Car
GV75215,13167.60512,Bachelor,F,54684.0,111.0,3.0,Corporate Auto,Oregon,302.137164,Luxury
CN91738,2520.301352,Bachelor,M,56228.0,65.0,0.0,Personal Auto,Oregon,276.877348,Two-Door Car
UR36951,5189.289582,Bachelor,M,82166.0,134.0,3.0,Personal Auto,Oregon,643.2,SUV
JU87932,2893.313855,Bachelor,F,30406.0,73.0,0.0,Personal Auto,Oregon,350.4,Four-Door Car
IR50609,3985.547406,Bachelor,M,75007.0,101.0,0.0,Personal Auto,Arizona,668.773522,Four-Door Car
VI18029,2414.638309,Bachelor,M,79271.0,62.0,4.0,Personal Auto,Washington,232.753598,Four-Door Car
CC46747,18688.30707,High School or Below,F,0.0,76.0,0.0,Personal Auto,Arizona,364.8,Four-Door Car
ZK58906,16589.71237,Bachelor,M,59414.0,140.0,0.0,Personal Auto,California,65.022258,SUV
SQ70457,23331.829,Bachelor,M,44719.0,66.0,0.0,Personal Auto,Oregon,316.8,Four-Door Car
ZA37110,4699.034135,Bachelor,F,0.0,129.0,2.0,Personal Auto,Nevada,291.744204,SUV
HH23204,2395.57,Doctor,F,21986.0,63.0,0.0,Personal Auto,California,333.696228,Two-Door Car
IE29890,8861.482361,High School or Below,F,58480.0,113.0,1.0,Personal Auto,Oregon,542.4,SUV
VO25412,8936.823519,Master,F,37520.0,74.0,0.0,Special Auto,Washington,163.576763,Two-Door Car
ME37051,7340.496505,Bachelor,M,50165.0,62.0,0.0,Personal Auto,California,129.999138,Two-Door Car
DL17162,26453.93512,College,M,42961.0,83.0,0.0,Personal Auto,Arizona,398.4,Four-Door Car
DD27563,6342.473656,High School or Below,M,86687.0,80.0,0.0,Personal Auto,Oregon,274.159702,Four-Door Car
IA27050,6560.815344,High School or Below,F,0.0,93.0,0.0,Personal Auto,Oregon,41.617367,Four-Door Car
UQ63751,6687.593818,Bachelor,F,23772.0,83.0,0.0,Personal Auto,Arizona,100.652984,Four-Door Car
MV26494,3681.253483,College,M,0.0,98.0,0.0,Personal Auto,California,354.939043,Four-Door Car
EN89709,2555.535685,Doctor,F,18241.0,65.0,0.0,Personal Auto,Arizona,151.991098,Two-Door Car
QN68814,2373.795076,Bachelor,M,0.0,65.0,0.0,Corporate Auto,Oregon,312.0,Two-Door Car
NE70831,2732.652352,High School or Below,F,86650.0,69.0,2.0,Personal Auto,California,323.865715,Two-Door Car
FV72595,4703.71858,Bachelor,M,0.0,137.0,0.0,Personal Auto,Arizona,1554.089517,SUV
VZ81004,19259.84494,Master,F,35973.0,159.0,0.0,Personal Auto,Oregon,763.2,Luxury
VM89271,3844.569357,High School or Below,M,26262.0,97.0,0.0,Personal Auto,Arizona,465.6,Four-Door Car
CL97519,4683.443348,College,M,25187.0,121.0,0.0,Personal Auto,California,580.8,SUV
RN71166,5174.081063,High School or Below,F,88081.0,64.0,0.0,Personal Auto,Oregon,82.483947,Four-Door Car
PJ86059,2655.864573,High School or Below,F,83460.0,66.0,0.0,Corporate Auto,Oregon,443.44552,Four-Door Car
BP34620,5615.073509,Bachelor,F,19949.0,74.0,1.0,Corporate Auto,California,355.2,Four-Door Car
HI58196,3161.171297,College,M,0.0,92.0,0.0,Personal Auto,Oregon,897.379535,Two-Door Car
OZ58610,7575.647415,High School or Below,M,0.0,109.0,0.0,Personal Auto,Arizona,784.8,SUV
WC34456,3985.398895,Bachelor,F,77739.0,98.0,0.0,Personal Auto,California,428.563553,Four-Door Car
FC15606,9706.375239,College,F,23649.0,122.0,0.0,Personal Auto,Oregon,535.606632,SUV
UM99946,7736.654606,College,M,68980.0,98.0,0.0,Personal Auto,Arizona,464.038577,Four-Door Car
JG94795,4179.488639,Master,F,60010.0,103.0,0.0,Special Auto,Oregon,494.4,Four-Door Car
GD93408,5759.011129,Bachelor,F,30968.0,74.0,1.0,Corporate Auto,California,45.425684,Two-Door Car
QO12561,4165.396419,High School or Below,M,0.0,116.0,0.0,Personal Auto,California,556.8,Four-Door Car
VI12822,2632.552578,High School or Below,F,99841.0,65.0,0.0,Personal Auto,Washington,312.0,Four-Door Car
CT84535,3885.456401,College,M,0.0,105.0,0.0,Personal Auto,California,504.0,Four-Door Car
NT36519,8161.944953,College,M,32967.0,105.0,1.0,Personal Auto,California,504.0,SUV
WT86597,13024.13012,Master,M,0.0,125.0,0.0,Personal Auto,Oregon,900.0,SUV
ZJ27465,14137.23043,College,F,31794.0,119.0,0.0,Personal Auto,California,571.2,SUV
QF75939,3700.678124,High School or Below,F,36710.0,94.0,0.0,Personal Auto,Washington,676.8,Four-Door Car
MC73302,5511.033294,Bachelor,F,36267.0,69.0,0.0,Personal Auto,Oregon,263.454037,Four-Door Car
WE21182,5169.49937,High School or Below,M,12430.0,73.0,0.0,Personal Auto,Oregon,350.4,Four-Door Car
TD90906,6044.020038,High School or Below,F,93715.0,74.0,0.0,Personal Auto,Oregon,532.8,Four-Door Car
WB66665,4349.30875,College,F,75648.0,108.0,0.0,Corporate Auto,Nevada,112.660916,SUV
ZP26168,9688.129179,College,F,24584.0,66.0,0.0,Corporate Auto,Washington,279.706613,Four-Door Car
ZG56744,5528.212807,Bachelor,M,36088.0,72.0,0.0,Personal Auto,California,345.6,Four-Door Car
BO81145,7894.5005,Bachelor,M,21723.0,104.0,0.0,Personal Auto,Arizona,748.8,SUV
BQ28323,5935.815989,High School or Below,F,63833.0,73.0,0.0,Personal Auto,Oregon,199.460544,Four-Door Car
WD38315,4520.339327,College,M,0.0,61.0,0.0,Personal Auto,California,304.156333,Four-Door Car
IS73434,3219.146148,Bachelor,F,45892.0,81.0,0.0,Corporate Auto,Arizona,388.8,Four-Door Car
VO94890,5935.572179,College,M,90263.0,74.0,0.0,Personal Auto,Oregon,355.2,Two-Door Car
ZH43085,2322.572562,High School or Below,M,0.0,63.0,0.0,Corporate Auto,Washington,453.6,Four-Door Car
HQ10502,11692.00974,Bachelor,M,40548.0,98.0,0.0,Personal Auto,Oregon,470.4,Four-Door Car
SP46702,10175.2441,College,M,0.0,99.0,0.0,Corporate Auto,Oregon,831.340966,Two-Door Car
JB60515,2513.971107,High School or Below,M,50450.0,63.0,0.0,Personal Auto,Washington,302.4,Four-Door Car
TK49887,2897.779107,College,F,0.0,85.0,0.0,Personal Auto,California,612.0,Two-Door Car
EG16813,5515.246935,College,F,75963.0,69.0,0.0,Corporate Auto,Arizona,102.147789,Two-Door Car
SI13406,3469.836978,High School or Below,F,32714.0,87.0,0.0,Personal Auto,Arizona,513.041633,Four-Door Car
WC11272,6907.554242,Bachelor,F,42790.0,87.0,0.0,Personal Auto,Oregon,290.057111,Two-Door Car
TU27563,3647.24611,Bachelor,F,20694.0,94.0,1.0,Personal Auto,Oregon,451.2,Two-Door Car
IL72707,3265.156348,Bachelor,F,25820.0,82.0,0.0,Personal Auto,California,393.6,Four-Door Car
DZ62350,2514.282096,High School or Below,M,24744.0,65.0,0.0,Personal Auto,California,312.0,Four-Door Car
VV82891,4462.997006,Bachelor,F,0.0,73.0,3.0,Personal Auto,Washington,350.4,Two-Door Car
UQ41461,4570.673702,Bachelor,F,27538.0,63.0,4.0,Personal Auto,Washington,285.843893,Four-Door Car
NI58226,2752.65503,High School or Below,F,81280.0,68.0,0.0,Personal Auto,Oregon,308.349562,Four-Door Car
VA78645,2188.655055,College,M,0.0,67.0,1.0,Personal Auto,California,321.6,Four-Door Car
UY61301,2710.149379,Bachelor,M,0.0,73.0,0.0,Personal Auto,Nevada,350.4,Four-Door Car
XC25965,14754.35923,Bachelor,F,26486.0,128.0,1.0,Personal Auto,Washington,614.4,SUV
EB93628,10759.40004,High School or Below,F,0.0,97.0,0.0,Personal Auto,Oregon,465.6,Two-Door Car
PK35830,12357.11512,Bachelor,M,0.0,182.0,0.0,Personal Auto,Oregon,1953.87972,Luxury
KY98596,5033.390798,Bachelor,M,68331.0,63.0,0.0,Personal Auto,Arizona,302.4,Four-Door Car
CI19819,2370.618948,High School or Below,M,0.0,71.0,1.0,Personal Auto,Arizona,511.2,Two-Door Car
TN82637,11236.31135,College,M,21636.0,64.0,5.0,Personal Auto,Nevada,213.587367,Two-Door Car
FA90739,12476.64759,High School or Below,M,0.0,121.0,0.0,Corporate Auto,Oregon,871.2,SUV
FD62224,14641.51818,College,F,0.0,133.0,0.0,Personal Auto,Oregon,1386.870718,SUV
KE45653,4731.844073,Bachelor,F,0.0,64.0,0.0,Personal Auto,California,307.2,Four-Door Car
FC10193,10620.49148,College,F,35601.0,69.0,0.0,Personal Auto,Washington,249.803437,Four-Door Car
DO48835,13478.8,High School or Below,M,0.0,198.0,1.0,Corporate Auto,Oregon,1425.6,Luxury
VK44934,8873.201307,College,M,28558.0,119.0,4.0,Personal Auto,California,797.558033,SUV
XB89264,5260.921627,High School or Below,F,60101.0,66.0,0.0,Corporate Auto,Nevada,1.332349,Two-Door Car
XL49151,2792.009458,College,M,22426.0,76.0,1.0,Corporate Auto,Arizona,528.391284,Four-Door Car
FG42635,10018.66117,College,M,30720.0,139.0,4.0,Personal Auto,Oregon,778.463303,SUV
FE12805,7180.270931,Bachelor,F,34161.0,186.0,3.0,Personal Auto,Oregon,892.8,SUV
GT17701,3012.039703,Bachelor,F,42987.0,77.0,0.0,Personal Auto,Oregon,128.490137,Four-Door Car
CH76379,4236.814353,Bachelor,M,0.0,61.0,0.0,Personal Auto,Oregon,292.8,Four-Door Car
QT77453,5283.362834,High School or Below,F,80928.0,132.0,0.0,Corporate Auto,Arizona,538.545218,SUV
BS90503,5395.091602,Bachelor,F,86640.0,67.0,0.0,Personal Auto,Washington,65.457366,Four-Door Car
MX93376,6913.566525,College,F,26714.0,64.0,1.0,Personal Auto,California,307.2,Two-Door Car
KT54608,2619.337376,Bachelor,M,78618.0,66.0,0.0,Corporate Auto,Arizona,225.578841,Two-Door Car
CY18875,8390.122077,High School or Below,F,0.0,78.0,0.0,Personal Auto,Oregon,732.340362,Four-Door Car
YT74573,13727.79972,College,M,0.0,126.0,0.0,Personal Auto,California,604.8,SUV
WL46640,4482.015107,College,M,62977.0,115.0,0.0,Corporate Auto,Nevada,552.0,SUV
CY49953,2827.55957,College,F,0.0,79.0,0.0,Special Auto,Oregon,568.8,Four-Door Car
FD72269,5584.961718,High School or Below,F,19724.0,72.0,0.0,Personal Auto,California,345.6,Four-Door Car
RE29039,7568.85152,High School or Below,F,27558.0,65.0,0.0,Personal Auto,California,312.0,Four-Door Car
TA35356,9664.330983,College,F,86054.0,239.0,0.0,Personal Auto,California,115.166422,Luxury
HS88081,6480.681366,High School or Below,F,42846.0,81.0,0.0,Corporate Auto,California,286.142521,Four-Door Car
SM52948,8707.619537,Bachelor,F,57107.0,110.0,3.0,Personal Auto,Nevada,528.0,SUV
ZL30083,9048.983447,High School or Below,M,0.0,119.0,0.0,Personal Auto,Oregon,571.2,Luxury
MP22051,2615.852084,College,M,54314.0,66.0,0.0,Personal Auto,Washington,282.770894,Four-Door Car
OF38237,4878.829713,Doctor,F,29950.0,61.0,0.0,Personal Auto,California,292.8,Two-Door Car
KL27677,10793.75704,College,F,24195.0,90.0,0.0,Personal Auto,Nevada,360.269404,Two-Door Car
NX58648,5528.080912,High School or Below,F,0.0,73.0,0.0,Personal Auto,Oregon,388.819919,Four-Door Car
WP19664,4605.87485,College,M,47481.0,116.0,0.0,Personal Auto,Arizona,556.8,SUV
LB83807,8343.412804,Bachelor,M,63354.0,106.0,0.0,Personal Auto,Oregon,508.8,Two-Door Car
EL44544,13009.24125,High School or Below,F,57591.0,66.0,0.0,Corporate Auto,Oregon,316.8,Four-Door Car
ST99840,7486.019078,Bachelor,F,0.0,71.0,0.0,Corporate Auto,Nevada,340.8,Four-Door Car
ZS15062,9547.71004,Master,M,34919.0,82.0,1.0,Personal Auto,Oregon,277.871312,Four-Door Car
RJ68578,8110.704417,High School or Below,M,76879.0,101.0,0.0,Corporate Auto,Oregon,487.102627,Luxury
AE74442,7379.456823,Bachelor,F,61584.0,61.0,0.0,Corporate Auto,California,205.294927,Four-Door Car
TF80571,6612.617859,High School or Below,M,28792.0,185.0,3.0,Corporate Auto,California,1166.603776,Luxury
YH31618,7452.233634,Bachelor,F,0.0,105.0,0.0,Corporate Auto,Oregon,504.0,Two-Door Car
HZ39407,2686.535218,Master,M,26713.0,71.0,0.0,Personal Auto,Washington,142.695319,Four-Door Car
GX38439,4470.181084,College,F,0.0,129.0,0.0,Personal Auto,California,928.8,SUV
FF65294,10348.01348,High School or Below,M,34244.0,87.0,2.0,Personal Auto,Oregon,417.6,Four-Door Car
GC40999,11790.49617,College,M,25251.0,66.0,0.0,Personal Auto,Oregon,316.8,Four-Door Car
BA87048,4566.123651,Bachelor,M,0.0,68.0,0.0,Personal Auto,Washington,326.4,Four-Door Car
DE23903,5905.971667,Bachelor,F,59848.0,73.0,1.0,Personal Auto,Oregon,131.614733,Two-Door Car
UP30859,7492.055949,College,F,39815.0,64.0,0.0,Special Auto,Nevada,91.391245,Four-Door Car
PY17715,3427.154407,Master,F,58840.0,86.0,0.0,Corporate Auto,California,73.27252,Two-Door Car
NU22358,5181.620895,Master,F,97131.0,64.0,0.0,Special Auto,Washington,307.2,Four-Door Car
BR77413,4686.469674,College,M,58089.0,118.0,0.0,Personal Auto,Arizona,566.4,SUV
FI17798,2710.12066,Doctor,M,0.0,71.0,0.0,Personal Auto,California,340.8,Four-Door Car
KN32615,4313.34397,College,F,0.0,126.0,2.0,Personal Auto,Arizona,656.57161,SUV
EB86696,4755.36505,Bachelor,M,21808.0,119.0,0.0,Special Auto,California,571.2,SUV
YB14965,36516.0456,College,M,89771.0,114.0,0.0,Personal Auto,Arizona,432.409662,SUV
ZD42550,7792.067056,Master,F,36776.0,65.0,0.0,Corporate Auto,Nevada,240.186527,Four-Door Car
FI61655,2549.998419,Bachelor,M,31213.0,65.0,0.0,Corporate Auto,Arizona,312.0,Four-Door Car
PC30692,7521.282545,Bachelor,M,0.0,115.0,0.0,Personal Auto,Oregon,987.293841,SUV
EK71077,11510.36033,Bachelor,F,0.0,61.0,0.0,Corporate Auto,California,439.2,Four-Door Car
ED91989,7999.251628,College,M,0.0,107.0,0.0,Personal Auto,Arizona,513.6,SUV
JH58573,7927.182997,College,M,32555.0,68.0,0.0,Personal Auto,California,86.912677,Two-Door Car
YP75411,21123.1166,College,M,0.0,69.0,0.0,Personal Auto,Arizona,496.8,Two-Door Car
FV33188,2453.570794,Bachelor,M,29735.0,69.0,0.0,Personal Auto,Washington,331.2,Four-Door Car
ZQ94561,2981.549197,College,M,80590.0,74.0,0.0,Corporate Auto,Washington,97.928632,Four-Door Car
JZ16164,5110.755667,Bachelor,F,22565.0,132.0,0.0,Personal Auto,Oregon,633.6,SUV
MU63232,5351.853544,Master,M,54817.0,137.0,0.0,Personal Auto,Arizona,209.504391,SUV
CG13512,9015.819465,College,M,0.0,62.0,0.0,Personal Auto,Oregon,42.642554,Two-Door Car
ZR86524,5903.612641,College,F,55393.0,74.0,1.0,Corporate Auto,Oregon,2.173552,Four-Door Car
UG38549,8852.734284,High School or Below,F,0.0,83.0,0.0,Personal Auto,California,597.6,Four-Door Car
HJ37943,13333.38849,Bachelor,F,75634.0,110.0,0.0,Personal Auto,California,432.805382,Two-Door Car
QA72881,8658.863813,College,M,62464.0,109.0,0.0,Personal Auto,Oregon,400.181882,Luxury
BL54814,4871.15057,College,M,72648.0,61.0,0.0,Personal Auto,Arizona,120.850664,Four-Door Car
MG72449,5279.198664,Bachelor,F,77167.0,66.0,0.0,Personal Auto,Nevada,137.086695,Four-Door Car
VR66049,6689.022728,High School or Below,M,56980.0,84.0,0.0,Corporate Auto,Washington,599.000883,Two-Door Car
KC17606,5244.550942,College,F,27444.0,66.0,0.0,Personal Auto,California,313.931213,Four-Door Car
LB12820,6688.857444,High School or Below,M,57289.0,86.0,0.0,Corporate Auto,Oregon,562.224942,Two-Door Car
ZH30674,8408.308374,Bachelor,M,84091.0,105.0,0.0,Personal Auto,Oregon,380.560266,Four-Door Car
HX96638,2052.948967,College,M,0.0,67.0,2.0,Personal Auto,Arizona,806.180375,Four-Door Car
TT20057,10592.58753,College,M,59590.0,136.0,0.0,Personal Auto,Oregon,460.266881,SUV
AM26598,2913.493264,College,F,89672.0,72.0,0.0,Personal Auto,Arizona,309.568636,Four-Door Car
AY73718,5243.446345,Bachelor,F,96535.0,66.0,0.0,Personal Auto,California,271.074379,Four-Door Car
EL11108,14191.59699,Doctor,F,25575.0,117.0,0.0,Personal Auto,Oregon,561.6,SUV
FA15811,9426.384787,College,F,38910.0,78.0,0.0,Personal Auto,Nevada,20.209679,Two-Door Car
BA51898,4521.190551,Bachelor,M,39426.0,114.0,0.0,Special Auto,Arizona,412.884282,SUV
PP30874,3579.023825,High School or Below,F,28304.0,91.0,2.0,Personal Auto,California,655.2,Four-Door Car
MN74944,6285.15476,College,M,52210.0,80.0,0.0,Personal Auto,Arizona,384.0,Four-Door Car
FK94501,7844.252972,Bachelor,F,0.0,102.0,0.0,Personal Auto,Nevada,273.945412,SUV
HZ84382,8283.843281,Master,M,94851.0,104.0,0.0,Personal Auto,Oregon,190.998822,Four-Door Car
FA89548,2436.397813,Bachelor,M,0.0,67.0,0.0,Personal Auto,Arizona,399.0564,Four-Door Car
GD29440,2538.62632,Bachelor,M,18608.0,71.0,0.0,Personal Auto,Washington,340.8,Four-Door Car
DE21910,7304.395148,College,F,41025.0,92.0,0.0,Personal Auto,Oregon,20.374393,Four-Door Car
CH50584,32474.76977,High School or Below,M,71449.0,102.0,0.0,Personal Auto,Oregon,734.4,SUV
JV97593,6674.455913,Bachelor,F,92653.0,83.0,1.0,Personal Auto,California,456.519419,Four-Door Car
ND68993,33473.34946,Bachelor,F,33190.0,106.0,0.0,Personal Auto,Nevada,508.8,SUV
YT46746,6459.640942,College,F,24290.0,82.0,0.0,Personal Auto,Oregon,393.6,Four-Door Car
RF94484,4605.036646,College,F,22571.0,63.0,0.0,Corporate Auto,Oregon,302.4,Four-Door Car
No19664,5686.743252,High School or Below,F,26409.0,71.0,0.0,Personal Auto,California,475.166267,Four-Door Car
BA97018,6608.165971,High School or Below,M,21616.0,93.0,0.0,Personal Auto,Arizona,944.854655,Two-Door Car
HY16703,7158.530736,College,M,36463.0,92.0,0.0,Personal Auto,Oregon,441.6,Four-Door Car
MA15172,10179.71704,Bachelor,F,14290.0,271.0,0.0,Personal Auto,California,1300.8,Luxury
WO81184,5052.381573,Bachelor,M,34645.0,69.0,3.0,Special Auto,California,220.446667,Two-Door Car
FX39582,5201.357604,Bachelor,M,67001.0,131.0,0.0,Personal Auto,Washington,463.425687,SUV
ZG23976,8632.783576,Bachelor,F,96200.0,107.0,0.0,Personal Auto,California,513.6,Two-Door Car
WE25756,7350.930502,High School or Below,M,69241.0,93.0,0.0,Personal Auto,Arizona,111.250449,Four-Door Car
AP59947,7690.159642,Bachelor,F,55843.0,64.0,0.0,Corporate Auto,California,307.2,Two-Door Car
JG31799,8259.1108,Bachelor,F,20305.0,76.0,1.0,Personal Auto,California,496.477418,Two-Door Car
XY28151,2317.282049,Bachelor,F,0.0,68.0,0.0,Corporate Auto,Oregon,489.6,Two-Door Car
ZB72138,8929.611119,Bachelor,M,44329.0,112.0,0.0,Personal Auto,Oregon,537.6,SUV
OP52966,4854.362069,High School or Below,M,44279.0,61.0,0.0,Personal Auto,Arizona,292.8,Two-Door Car
TG67664,2659.70565,College,F,0.0,87.0,3.0,Personal Auto,California,420.041981,Four-Door Car
DH14632,8750.222052,College,F,34695.0,113.0,0.0,Personal Auto,Oregon,100.323765,SUV
QN26812,5054.780543,High School or Below,M,79297.0,64.0,0.0,Personal Auto,Arizona,72.760316,Four-Door Car
PD97837,2199.516645,Bachelor,M,0.0,62.0,0.0,Corporate Auto,Arizona,297.6,Four-Door Car
LX67597,5715.312991,Bachelor,M,84183.0,72.0,0.0,Personal Auto,Nevada,255.565349,Four-Door Car
VH35998,9566.839884,Doctor,M,53375.0,79.0,0.0,Personal Auto,California,127.322656,Four-Door Car
UE54045,10094.13003,High School or Below,F,32046.0,127.0,0.0,Corporate Auto,California,475.599472,SUV
XA50997,5444.793941,High School or Below,M,91393.0,67.0,0.0,Personal Auto,Nevada,460.551521,Two-Door Car
GM37281,2582.408525,Bachelor,F,76731.0,64.0,0.0,Personal Auto,California,201.455005,Four-Door Car
QT84069,50568.25912,Master,M,82081.0,249.0,0.0,Personal Auto,Oregon,753.760098,Luxury
MG74662,3484.247842,High School or Below,F,51337.0,88.0,0.0,Corporate Auto,Oregon,72.543171,Four-Door Car
EP46328,5555.830205,Bachelor,M,74015.0,72.0,0.0,Personal Auto,California,471.443077,Four-Door Car
UL87052,4173.140695,Bachelor,F,0.0,117.0,0.0,Personal Auto,Arizona,842.4,SUV
GA93544,2897.494724,High School or Below,F,0.0,77.0,0.0,Personal Auto,Oregon,554.4,Four-Door Car
EW73206,8044.511759,Bachelor,F,68849.0,67.0,0.0,Corporate Auto,California,252.699037,Two-Door Car
MV19629,7716.997859,College,F,37376.0,99.0,0.0,Personal Auto,Oregon,65.548725,Four-Door Car
TK67721,2274.669484,High School or Below,F,0.0,64.0,0.0,Corporate Auto,Oregon,621.968062,Four-Door Car
AD38685,8658.863813,College,M,62464.0,109.0,0.0,Personal Auto,California,400.181882,Luxury
LX72964,11260.90364,High School or Below,F,88304.0,95.0,0.0,Personal Auto,Arizona,276.467811,Four-Door Car
MR37609,16414.04415,College,M,0.0,112.0,0.0,Special Auto,Oregon,682.422936,SUV
OG30514,20018.20459,Bachelor,F,65900.0,62.0,0.0,Personal Auto,Nevada,297.6,Four-Door Car
GJ44951,4698.759935,Bachelor,F,0.0,67.0,0.0,Personal Auto,Washington,321.6,Two-Door Car
YB19340,9002.117386,High School or Below,M,61374.0,113.0,0.0,Corporate Auto,Oregon,210.100003,Two-Door Car
BD42101,25030.89457,Bachelor,M,0.0,110.0,1.0,Corporate Auto,California,528.0,SUV
RZ89024,3102.998522,Doctor,M,31841.0,78.0,0.0,Personal Auto,Oregon,126.857228,Four-Door Car
ZO20633,2587.107864,High School or Below,F,27861.0,65.0,0.0,Corporate Auto,Oregon,312.0,Four-Door Car
KL39500,4983.61893,College,M,0.0,83.0,3.0,Personal Auto,Arizona,736.00483,Four-Door Car
QK24293,6265.343299,Doctor,F,0.0,84.0,1.0,Corporate Auto,Oregon,481.025786,Four-Door Car
RW71963,7233.540011,High School or Below,F,94550.0,90.0,0.0,Personal Auto,Nevada,432.0,Four-Door Car
HR71115,5357.260833,College,M,39604.0,68.0,0.0,Personal Auto,Nevada,63.127223,Four-Door Car
UL55837,11130.11974,Bachelor,F,42928.0,93.0,0.0,Personal Auto,Nevada,651.623195,Four-Door Car
IW77519,2610.369217,Bachelor,F,54737.0,66.0,0.0,Personal Auto,Washington,391.970334,Four-Door Car
CR88883,7452.543017,College,M,0.0,68.0,0.0,Corporate Auto,Arizona,489.6,Two-Door Car
YD58301,6352.961129,High School or Below,F,80587.0,78.0,0.0,Personal Auto,California,276.191729,Four-Door Car
RT60959,14585.37736,High School or Below,F,0.0,194.0,0.0,Corporate Auto,Oregon,931.2,Luxury
KC67832,17292.93538,College,M,80028.0,86.0,0.0,Corporate Auto,California,114.02307,Four-Door Car
DK92014,4254.620669,High School or Below,F,11904.0,61.0,2.0,Personal Auto,Arizona,292.8,Two-Door Car
ZA44520,9621.72619,High School or Below,F,54872.0,121.0,0.0,Personal Auto,Arizona,580.8,SUV
AJ69060,14260.91441,College,M,0.0,99.0,0.0,Personal Auto,California,204.121476,Two-Door Car
ME35315,7756.307652,College,M,0.0,74.0,0.0,Corporate Auto,Washington,532.8,Two-Door Car
BU61331,5875.212734,College,M,46417.0,74.0,0.0,Corporate Auto,Arizona,164.746184,Four-Door Car
XI68015,4946.960039,College,F,46239.0,67.0,3.0,Personal Auto,Washington,6.395416,Four-Door Car
HG51739,2660.009874,College,F,0.0,73.0,0.0,Personal Auto,Oregon,350.4,Four-Door Car
FI22970,2372.289378,High School or Below,F,25550.0,61.0,0.0,Personal Auto,Oregon,439.2,Four-Door Car
OF93412,15613.95173,Bachelor,F,27514.0,197.0,0.0,Personal Auto,Nevada,1367.199081,SUV
AH97088,7803.503824,High School or Below,M,84417.0,98.0,0.0,Personal Auto,Nevada,139.714897,Two-Door Car
BI81476,10346.11154,High School or Below,F,55906.0,86.0,0.0,Personal Auto,Oregon,58.469264,Four-Door Car
IA18854,4960.548942,High School or Below,M,21638.0,65.0,0.0,Personal Auto,California,468.0,Four-Door Car
OO62338,7099.574987,Bachelor,M,16121.0,65.0,2.0,Corporate Auto,Oregon,312.0,Four-Door Car
JH35547,24442.29656,College,M,36261.0,68.0,0.0,Personal Auto,Oregon,16.800832,Four-Door Car
DY34638,13466.92071,High School or Below,F,11432.0,119.0,0.0,Personal Auto,Oregon,571.2,SUV
MT16688,2598.061204,Bachelor,F,62566.0,65.0,1.0,Corporate Auto,Arizona,48.344273,Four-Door Car
NN51066,2886.451602,High School or Below,F,10312.0,78.0,0.0,Personal Auto,Oregon,486.278557,Four-Door Car
YF73402,2566.398498,High School or Below,M,67778.0,64.0,1.0,Personal Auto,Oregon,171.287759,Four-Door Car
ZR56751,6252.3631,Master,F,92895.0,77.0,0.0,Personal Auto,Washington,43.14147,Two-Door Car
GR32910,5174.689686,College,F,55290.0,65.0,0.0,Personal Auto,California,13.874775,Four-Door Car
MZ89625,9263.179837,Bachelor,F,23377.0,116.0,0.0,Personal Auto,California,556.8,Four-Door Car
IK51081,4834.710493,College,F,38713.0,66.0,4.0,Personal Auto,California,316.8,Four-Door Car
VI34110,2361.742243,Bachelor,F,0.0,66.0,1.0,Personal Auto,Arizona,145.896438,Four-Door Car
VH62312,2674.730716,College,M,56342.0,69.0,0.0,Corporate Auto,Nevada,331.2,Four-Door Car
YU39743,16159.54237,College,M,29593.0,137.0,0.0,Personal Auto,Oregon,657.6,Luxury
RO57944,26197.41498,High School or Below,F,18495.0,113.0,0.0,Personal Auto,Nevada,542.4,SUV
VL32622,2664.242814,High School or Below,F,82887.0,66.0,1.0,Corporate Auto,California,420.374805,Four-Door Car
NV35796,15162.06565,Master,F,71366.0,94.0,0.0,Personal Auto,Oregon,265.216633,Four-Door Car
UU32345,22332.43946,College,M,49078.0,97.0,0.0,Corporate Auto,California,484.013411,Four-Door Car
YM94448,4995.1712,College,F,10787.0,71.0,0.0,Personal Auto,Arizona,697.798804,Two-Door Car
WX46704,16109.75353,High School or Below,F,0.0,73.0,0.0,Personal Auto,California,350.4,Four-Door Car
HY35960,4957.404306,High School or Below,M,10194.0,65.0,0.0,Personal Auto,Arizona,312.0,Two-Door Car
PB41497,2866.779811,High School or Below,M,81763.0,72.0,1.0,Personal Auto,Oregon,518.4,Two-Door Car
GP37412,8719.896238,College,F,59763.0,73.0,0.0,Personal Auto,Arizona,350.4,Two-Door Car
KU62853,22448.68617,College,F,0.0,78.0,0.0,Special Auto,California,561.6,Four-Door Car
EA87824,6864.647514,College,F,96832.0,85.0,0.0,Personal Auto,Arizona,408.0,Two-Door Car
DM42912,4980.18765,College,F,21135.0,130.0,0.0,Personal Auto,California,678.946216,SUV
HK50871,2312.328541,High School or Below,M,16143.0,62.0,1.0,Personal Auto,California,32.114117,Four-Door Car
ZX73673,5555.830205,Bachelor,M,74015.0,72.0,0.0,Personal Auto,Arizona,471.443077,Four-Door Car
EO95783,26763.82631,High School or Below,M,84178.0,74.0,0.0,Personal Auto,Arizona,12.588784,Two-Door Car
TR18791,2471.441785,Bachelor,M,0.0,70.0,0.0,Personal Auto,Arizona,504.0,Two-Door Car
DC83427,17759.38575,High School or Below,F,0.0,63.0,0.0,Personal Auto,Oregon,661.7151,Four-Door Car
OG31942,14628.49627,College,M,63936.0,189.0,0.0,Personal Auto,California,765.012123,Luxury
AK17025,5801.828142,Bachelor,M,0.0,83.0,0.0,Personal Auto,Washington,597.6,Four-Door Car
RT17851,5209.945549,High School or Below,F,37940.0,129.0,0.0,Special Auto,Oregon,512.542299,SUV
UF56271,2814.438036,High School or Below,F,30703.0,70.0,0.0,Personal Auto,Washington,336.0,Four-Door Car
BP25150,5417.744055,College,F,54898.0,69.0,0.0,Corporate Auto,Arizona,176.242159,Two-Door Car
XT34986,16775.80883,Bachelor,M,89030.0,139.0,0.0,Personal Auto,Oregon,49.566591,SUV
OI74902,7980.304624,College,F,15630.0,115.0,1.0,Personal Auto,California,656.775467,SUV
GV33313,5107.163002,Bachelor,F,35625.0,65.0,1.0,Personal Auto,Arizona,288.572108,Four-Door Car
WA54110,2690.781969,High School or Below,M,48329.0,67.0,0.0,Corporate Auto,Nevada,470.386291,Four-Door Car
IS94199,4254.620669,High School or Below,F,11904.0,61.0,2.0,Personal Auto,California,292.8,Two-Door Car
XE22944,4643.413135,Bachelor,F,12261.0,125.0,0.0,Personal Auto,Arizona,600.0,SUV
CK24264,6217.258012,High School or Below,M,0.0,86.0,0.0,Personal Auto,Arizona,39.730199,Four-Door Car
BF54215,11373.98852,Master,F,87810.0,94.0,3.0,Personal Auto,California,225.641724,Four-Door Car
HW85007,10861.71019,Bachelor,M,64744.0,139.0,0.0,Personal Auto,Oregon,41.308429,SUV
PA56702,8569.36439,Doctor,M,0.0,117.0,0.0,Personal Auto,Arizona,957.134978,SUV
VD87432,16069.95283,Bachelor,M,60735.0,135.0,0.0,Personal Auto,Washington,571.695889,SUV
GG57214,2410.355726,Bachelor,F,0.0,67.0,0.0,Personal Auto,Washington,482.4,Two-Door Car
EK10022,14057.42125,Bachelor,M,36261.0,118.0,0.0,Corporate Auto,California,1197.713861,SUV
IV97881,4872.577302,High School or Below,M,0.0,135.0,0.0,Personal Auto,Nevada,648.0,Luxury
GS85403,9031.214859,Master,F,0.0,122.0,0.0,Corporate Auto,Washington,650.52179,Luxury
UO48558,2993.117683,High School or Below,M,23277.0,77.0,2.0,Corporate Auto,California,369.6,Four-Door Car
SX18141,5846.520588,High School or Below,F,50320.0,73.0,0.0,Personal Auto,Arizona,297.738909,Four-Door Car
KK26955,2589.43003,High School or Below,F,49675.0,65.0,0.0,Personal Auto,Washington,312.0,Two-Door Car
PV12088,6558.880167,High School or Below,M,19508.0,61.0,0.0,Personal Auto,Arizona,292.8,Two-Door Car
TV97612,8105.996039,Bachelor,M,20815.0,110.0,0.0,Personal Auto,Oregon,528.0,SUV
VA95387,7232.609391,High School or Below,M,46621.0,61.0,0.0,Corporate Auto,Nevada,30.448249,Four-Door Car
XF93358,13599.92487,High School or Below,F,22775.0,184.0,0.0,Personal Auto,Arizona,883.2,Luxury
WP64059,5093.379714,Bachelor,F,91814.0,63.0,0.0,Personal Auto,California,167.037619,Two-Door Car
YY63521,6047.02516,College,M,20396.0,76.0,1.0,Personal Auto,Arizona,364.8,Four-Door Car
FH69597,7172.070153,High School or Below,F,73836.0,182.0,3.0,Personal Auto,California,553.385695,Luxury
UT76436,3438.949322,Bachelor,F,55910.0,86.0,0.0,Personal Auto,Nevada,324.348688,Four-Door Car
VA94160,5418.463878,High School or Below,F,43054.0,68.0,0.0,Personal Auto,California,326.4,Four-Door Car
NJ55678,7824.492263,Bachelor,F,64543.0,65.0,0.0,Personal Auto,Arizona,200.177163,Four-Door Car
OJ60800,7930.602564,Bachelor,M,75988.0,67.0,0.0,Personal Auto,Oregon,200.54531,Four-Door Car
PG20605,9321.284825,College,M,0.0,64.0,0.0,Personal Auto,Arizona,572.522796,Four-Door Car
UT88283,2775.080095,College,F,29051.0,73.0,0.0,Personal Auto,Arizona,153.200014,Two-Door Car
AF48816,5792.666316,Bachelor,F,87382.0,72.0,0.0,Personal Auto,Arizona,345.6,Four-Door Car
SY93381,3596.83011,College,F,30694.0,91.0,1.0,Personal Auto,California,436.8,Four-Door Car
ZI63885,14713.52329,High School or Below,M,0.0,85.0,0.0,Personal Auto,Washington,877.034575,Four-Door Car
SD41771,44520.13577,High School or Below,M,49259.0,144.0,0.0,Personal Auto,California,820.431905,Luxury
IG80910,3071.784639,High School or Below,F,47528.0,77.0,1.0,Personal Auto,Oregon,277.582137,Four-Door Car
RA62452,8471.292552,Bachelor,M,70624.0,106.0,0.0,Corporate Auto,Nevada,49.234943,SUV
NI88122,7205.019561,College,F,0.0,64.0,0.0,Corporate Auto,California,505.975326,Four-Door Car
LG90006,11154.67599,Doctor,F,31409.0,93.0,0.0,Personal Auto,Oregon,381.960657,Four-Door Car
XZ83249,10168.27175,High School or Below,F,35504.0,128.0,0.0,Personal Auto,Nevada,404.303518,SUV
EP26605,5688.20499,Bachelor,F,44833.0,72.0,0.0,Personal Auto,Washington,345.6,Two-Door Car
LW29130,5272.932008,High School or Below,F,24423.0,67.0,0.0,Corporate Auto,Washington,321.6,Two-Door Car
UD61088,13799.05459,Bachelor,M,0.0,127.0,0.0,Personal Auto,California,609.6,SUV
UY81122,4167.994667,College,F,0.0,69.0,3.0,Personal Auto,Oregon,433.959806,Four-Door Car
ED87136,4242.69282,High School or Below,M,0.0,61.0,0.0,Personal Auto,Arizona,439.2,Four-Door Car
PK58026,5736.45893,Bachelor,F,96917.0,71.0,0.0,Personal Auto,Nevada,373.047039,Two-Door Car
OD79784,2679.686625,Bachelor,M,84450.0,68.0,0.0,Corporate Auto,Arizona,291.257059,Four-Door Car
OO79691,11828.61437,College,F,0.0,111.0,0.0,Personal Auto,Arizona,1018.808223,SUV
PE72393,11905.06754,High School or Below,F,0.0,115.0,0.0,Corporate Auto,Arizona,840.179082,Four-Door Car
QG39997,4212.8026,College,F,10097.0,110.0,0.0,Personal Auto,Arizona,218.635593,Four-Door Car
ET45138,5553.18672,College,F,33255.0,138.0,0.0,Personal Auto,California,662.4,Luxury
WP46383,26538.57925,Bachelor,F,94132.0,73.0,0.0,Personal Auto,Oregon,350.4,Four-Door Car
FJ12205,6511.467626,Master,M,42602.0,85.0,3.0,Personal Auto,Oregon,63.161647,Two-Door Car
KE42114,4730.355248,Doctor,M,17250.0,62.0,0.0,Personal Auto,Nevada,175.528642,Four-Door Car
CO15448,2908.020838,College,M,74212.0,73.0,0.0,Personal Auto,California,188.878749,Four-Door Car
SU31072,4821.156466,Bachelor,M,85756.0,61.0,0.0,Personal Auto,Washington,117.036869,Four-Door Car
LC87490,2248.449633,Bachelor,F,24910.0,63.0,1.0,Personal Auto,Arizona,347.857619,Four-Door Car
OT36536,5232.454958,Bachelor,M,41596.0,66.0,0.0,Personal Auto,Oregon,316.8,Four-Door Car
DE59454,2557.585549,Bachelor,M,72202.0,63.0,0.0,Corporate Auto,Nevada,453.6,Two-Door Car
VS63956,5871.175279,Bachelor,M,33967.0,76.0,0.0,Personal Auto,California,364.8,Four-Door Car
TR39403,3681.978995,Master,F,77951.0,93.0,3.0,Corporate Auto,California,19.668633,Two-Door Car
AB62982,5918.066128,Doctor,F,77521.0,73.0,0.0,Personal Auto,Oregon,350.4,Two-Door Car
QP76867,16152.90489,College,M,0.0,109.0,0.0,Personal Auto,Oregon,852.460341,Luxury
MO41014,4984.618655,Bachelor,M,86305.0,62.0,0.0,Corporate Auto,Arizona,80.73124,Four-Door Car
EK56325,6637.228238,High School or Below,M,0.0,92.0,2.0,Personal Auto,Arizona,662.4,Four-Door Car
LB59405,5979.724161,High School or Below,F,57693.0,76.0,0.0,Personal Auto,California,547.2,Four-Door Car
JI37927,7736.457821,College,F,0.0,112.0,3.0,Corporate Auto,Oregon,78.975117,SUV
OJ43280,5644.474853,Bachelor,M,33137.0,74.0,0.0,Personal Auto,California,472.500375,Two-Door Car
YW43854,6944.739992,High School or Below,M,0.0,68.0,0.0,Personal Auto,Washington,489.6,Four-Door Car
AL43475,7373.225991,College,F,44938.0,183.0,0.0,Personal Auto,California,2069.309854,Luxury
XY80192,13979.09014,High School or Below,M,33617.0,117.0,0.0,Personal Auto,Oregon,761.722334,Four-Door Car
PI71828,2395.968567,College,M,38460.0,61.0,0.0,Personal Auto,Arizona,191.365686,Four-Door Car
RQ94849,2387.858281,College,M,0.0,67.0,0.0,Personal Auto,California,482.4,Four-Door Car
JX93039,4883.335068,College,F,40171.0,123.0,0.0,Personal Auto,Washington,576.880144,SUV
KF44948,20496.69426,High School or Below,F,0.0,64.0,0.0,Personal Auto,Washington,307.2,Four-Door Car
OK14812,2491.317024,Doctor,M,36631.0,62.0,0.0,Personal Auto,Nevada,67.530904,Four-Door Car
UV49359,7372.230729,Bachelor,F,74335.0,187.0,0.0,Corporate Auto,Nevada,896.436023,Luxury
IZ88103,12625.27947,Bachelor,F,79421.0,104.0,0.0,Personal Auto,California,115.126739,Four-Door Car
QC27179,5261.419836,Bachelor,M,38466.0,68.0,0.0,Personal Auto,Oregon,204.685796,Two-Door Car
VC47959,4895.811925,College,F,54495.0,61.0,0.0,Personal Auto,Arizona,182.350945,Four-Door Car
BN45584,4034.926461,College,F,0.0,112.0,0.0,Special Auto,Oregon,806.4,Luxury
YP53257,10179.71704,Bachelor,F,14290.0,271.0,0.0,Personal Auto,Oregon,1300.8,Luxury
VP84987,17497.52201,College,M,0.0,73.0,0.0,Personal Auto,California,350.4,Two-Door Car
LK57934,10569.62547,Bachelor,M,45776.0,89.0,0.0,Personal Auto,Nevada,95.95081,Four-Door Car
AV49798,7842.865664,College,M,94263.0,98.0,0.0,Personal Auto,Arizona,112.420211,Four-Door Car
RD73104,7942.448548,High School or Below,F,12181.0,108.0,0.0,Personal Auto,Washington,591.511506,Four-Door Car
IZ17303,17002.02246,Bachelor,M,97268.0,85.0,0.0,Personal Auto,California,35.278648,Four-Door Car
PK79296,2602.212965,College,F,28995.0,67.0,0.0,Personal Auto,California,321.6,Four-Door Car
VA82895,4112.841668,High School or Below,F,25030.0,113.0,4.0,Personal Auto,Oregon,542.4,Luxury
WC66749,5213.068893,College,F,12613.0,70.0,0.0,Personal Auto,Oregon,336.0,Four-Door Car
JO68735,2292.791874,Bachelor,F,0.0,64.0,0.0,Personal Auto,California,460.8,Two-Door Car
JA55700,3933.813993,High School or Below,M,25927.0,103.0,0.0,Personal Auto,California,674.973614,SUV
IX97339,9234.277026,College,F,0.0,134.0,0.0,Corporate Auto,Arizona,643.2,SUV
DH93540,4650.063763,College,M,28215.0,65.0,0.0,Personal Auto,Oregon,468.0,Two-Door Car
KV56995,3954.344534,Bachelor,M,18375.0,103.0,0.0,Personal Auto,Nevada,535.080276,Luxury
PA15141,6953.952351,High School or Below,F,43221.0,87.0,0.0,Special Auto,California,398.735257,Four-Door Car
FC48492,2876.775085,Bachelor,M,0.0,84.0,0.0,Personal Auto,California,849.011958,Four-Door Car
ZJ29643,6265.343299,Doctor,F,0.0,84.0,1.0,Personal Auto,Washington,481.025786,Four-Door Car
EC22495,3145.456489,High School or Below,M,52082.0,79.0,0.0,Personal Auto,Oregon,379.2,Four-Door Car
RO87000,2688.878609,High School or Below,M,50719.0,68.0,0.0,Personal Auto,California,394.248334,Four-Door Car
YU35148,4749.127521,Bachelor,F,0.0,123.0,0.0,Personal Auto,Washington,590.4,SUV
BW51534,8364.502793,High School or Below,F,0.0,110.0,0.0,Corporate Auto,California,528.0,SUV
ER50891,3450.328786,High School or Below,M,39248.0,87.0,0.0,Personal Auto,California,386.765125,Four-Door Car
LM63497,2935.838245,College,F,0.0,82.0,0.0,Personal Auto,Oregon,590.4,Four-Door Car
DE71115,2772.502139,High School or Below,M,68463.0,70.0,1.0,Personal Auto,Washington,336.0,Four-Door Car
AX71238,3963.40327,High School or Below,M,38096.0,99.0,0.0,Personal Auto,California,475.2,Two-Door Car
IZ50034,8062.546117,College,M,42124.0,101.0,0.0,Personal Auto,Washington,484.8,SUV
AR75105,7805.31287,College,F,21073.0,106.0,1.0,Personal Auto,California,508.8,SUV
LX77880,4855.773614,Bachelor,F,24149.0,61.0,0.0,Personal Auto,Oregon,292.8,Four-Door Car
PQ72803,2886.451602,High School or Below,F,10312.0,78.0,0.0,Personal Auto,Washington,486.278557,Four-Door Car
PV99529,2724.430809,Bachelor,M,0.0,77.0,0.0,Personal Auto,Arizona,404.82483,Two-Door Car
UW10841,9976.24549,Bachelor,M,74115.0,63.0,0.0,Personal Auto,California,275.349481,Four-Door Car
UO93347,3755.260251,High School or Below,M,34624.0,95.0,0.0,Personal Auto,California,270.370335,Four-Door Car
WK46492,9642.214529,Bachelor,F,36108.0,128.0,2.0,Personal Auto,Arizona,614.4,SUV
DO70918,4573.998134,High School or Below,F,0.0,127.0,0.0,Special Auto,Nevada,914.4,Luxury
KG71396,4017.055485,High School or Below,M,0.0,118.0,0.0,Corporate Auto,Nevada,959.849922,Two-Door Car
MI16758,12052.88693,High School or Below,F,43184.0,102.0,0.0,Personal Auto,Nevada,376.836888,SUV
AT98182,2525.419695,Doctor,F,0.0,67.0,0.0,Corporate Auto,California,146.301396,Four-Door Car
GP67583,8207.777598,College,M,35349.0,102.0,0.0,Personal Auto,Arizona,489.6,Four-Door Car
DY73849,4569.8758,Bachelor,F,0.0,124.0,0.0,Personal Auto,California,250.723005,SUV
UR42360,16979.79757,Bachelor,M,35095.0,73.0,0.0,Personal Auto,California,525.6,Two-Door Car
IK74329,18061.91837,High School or Below,F,13164.0,70.0,0.0,Personal Auto,Arizona,75.393383,Two-Door Car
WJ20394,5191.047011,High School or Below,M,0.0,141.0,0.0,Corporate Auto,Nevada,676.8,SUV
PF26758,6271.315156,College,F,94880.0,79.0,3.0,Special Auto,Oregon,347.595108,Four-Door Car
DK81475,4619.449922,College,M,95301.0,114.0,0.0,Personal Auto,Nevada,547.2,SUV
DK93464,8571.480718,Bachelor,F,56202.0,107.0,0.0,Personal Auto,Nevada,513.511091,Two-Door Car
XS76166,3245.479985,College,F,35592.0,82.0,0.0,Personal Auto,Oregon,496.805418,Two-Door Car
TZ76531,12489.21197,High School or Below,M,0.0,113.0,0.0,Personal Auto,California,542.4,Four-Door Car
RC22595,3799.746262,College,F,0.0,102.0,0.0,Personal Auto,Arizona,489.6,Four-Door Car
IA90990,10004.74874,High School or Below,F,0.0,89.0,0.0,Corporate Auto,California,640.8,Two-Door Car
QQ69088,5577.669457,Doctor,M,11097.0,73.0,0.0,Corporate Auto,Washington,350.4,Two-Door Car
ED59130,16705.10312,Bachelor,M,74900.0,208.0,0.0,Personal Auto,Arizona,998.4,Luxury
SC90717,31864.8589,Doctor,M,23576.0,89.0,0.0,Personal Auto,California,383.508096,Four-Door Car
PP36346,3708.811428,High School or Below,F,23393.0,95.0,0.0,Corporate Auto,Nevada,456.0,Four-Door Car
JU75786,7203.133626,Master,F,0.0,95.0,0.0,Personal Auto,Oregon,149.843223,Two-Door Car
TU68427,2649.658715,High School or Below,F,0.0,73.0,0.0,Personal Auto,Arizona,350.4,Two-Door Car
YD28431,6991.614179,Master,F,66346.0,87.0,1.0,Personal Auto,California,78.179743,Four-Door Car
MY56715,3380.712383,Bachelor,M,58109.0,86.0,0.0,Corporate Auto,Oregon,412.8,Two-Door Car
NF60680,20096.89337,High School or Below,F,92766.0,71.0,0.0,Personal Auto,Arizona,379.029102,Two-Door Car
BD70337,24706.92011,High School or Below,M,26307.0,73.0,0.0,Personal Auto,California,313.192439,Four-Door Car
DM77491,7416.466665,Bachelor,M,0.0,69.0,0.0,Personal Auto,Oregon,238.057939,Four-Door Car
EV57176,5605.380417,High School or Below,F,21171.0,72.0,0.0,Corporate Auto,California,345.6,Four-Door Car
CQ76876,13749.37083,College,F,82753.0,114.0,0.0,Personal Auto,California,264.666921,Four-Door Car
QI89498,2203.588481,College,F,0.0,64.0,0.0,Personal Auto,Oregon,757.206098,Four-Door Car
BH43020,3369.71211,Bachelor,M,39754.0,85.0,0.0,Personal Auto,California,62.282034,Four-Door Car
EC66666,7296.493236,College,F,0.0,67.0,0.0,Personal Auto,Arizona,321.6,Two-Door Car
EO74797,7840.646748,Bachelor,F,0.0,76.0,1.0,Personal Auto,Arizona,364.8,Four-Door Car
IA30254,14837.50253,High School or Below,M,0.0,70.0,0.0,Corporate Auto,Nevada,712.619939,Four-Door Car
KC79907,7441.004843,College,F,91915.0,186.0,0.0,Personal Auto,Arizona,93.56694,Luxury
XW34862,11981.98481,Master,F,21514.0,62.0,0.0,Special Auto,Nevada,257.248789,Two-Door Car
RI76930,4163.04081,College,F,43276.0,104.0,0.0,Personal Auto,California,499.2,SUV
XZ40716,8054.982035,High School or Below,F,75531.0,102.0,0.0,Personal Auto,California,489.6,Four-Door Car
ZC75052,22658.53652,Bachelor,M,23665.0,67.0,0.0,Personal Auto,California,404.817249,Four-Door Car
DH51686,4048.722426,Bachelor,F,0.0,118.0,0.0,Personal Auto,Arizona,566.4,Four-Door Car
HJ89045,10288.92495,Bachelor,F,96337.0,127.0,0.0,Personal Auto,California,609.6,SUV
DJ34695,21920.81339,High School or Below,M,60180.0,183.0,0.0,Corporate Auto,California,988.533256,Luxury
KR89806,16468.22079,High School or Below,F,0.0,63.0,0.0,Personal Auto,Oregon,685.12694,Four-Door Car
OX62816,5167.357134,Master,M,30376.0,66.0,0.0,Personal Auto,Washington,316.8,Four-Door Car
WM36886,5757.442258,Master,M,88997.0,72.0,0.0,Corporate Auto,California,174.041566,Four-Door Car
BE92692,2487.777024,Bachelor,M,69236.0,63.0,1.0,Personal Auto,Oregon,110.868874,Four-Door Car
JV79596,14594.45235,Bachelor,F,27627.0,63.0,0.0,Special Auto,Oregon,453.6,Two-Door Car
KA49711,5320.343098,Bachelor,M,77524.0,68.0,3.0,Corporate Auto,Nevada,64.799325,Four-Door Car
YI68606,2442.200921,High School or Below,F,75449.0,61.0,0.0,Corporate Auto,Oregon,130.775164,Two-Door Car
AU11344,5142.389806,Bachelor,F,35666.0,131.0,0.0,Personal Auto,Oregon,312.110029,SUV
BG42047,2511.944048,College,M,17658.0,65.0,0.0,Personal Auto,Nevada,312.0,Four-Door Car
CF73234,2629.315549,High School or Below,M,0.0,71.0,0.0,Corporate Auto,Oregon,340.8,Four-Door Car
VE85103,2449.128459,College,M,20567.0,72.0,4.0,Personal Auto,Nevada,345.6,Four-Door Car
LN99977,4061.997378,College,F,30061.0,104.0,0.0,Special Auto,California,499.2,Luxury
CR56473,5252.511788,High School or Below,M,0.0,74.0,0.0,Corporate Auto,Nevada,532.8,Four-Door Car
YP32443,4372.194536,Bachelor,M,20354.0,116.0,0.0,Personal Auto,Oregon,556.8,SUV
MQ46375,15320.21872,Bachelor,M,36637.0,192.0,0.0,Corporate Auto,Oregon,921.6,Luxury
VU30980,9657.579498,High School or Below,M,0.0,131.0,0.0,Personal Auto,California,628.8,SUV
JX50349,2472.469209,College,F,63860.0,62.0,0.0,Personal Auto,Oregon,208.598246,Four-Door Car
DH34004,6191.402312,College,M,0.0,199.0,3.0,Personal Auto,California,955.2,Luxury
DU66880,13583.6249,High School or Below,M,58544.0,114.0,0.0,Personal Auto,Arizona,769.788818,Four-Door Car
QH87479,27528.31132,High School or Below,F,54586.0,76.0,0.0,Personal Auto,Oregon,122.590766,Two-Door Car
MF87270,2952.581331,High School or Below,F,57248.0,74.0,0.0,Personal Auto,California,355.2,Four-Door Car
PX99904,4949.389491,Bachelor,F,0.0,134.0,0.0,Corporate Auto,California,964.8,Luxury
TD43065,8209.924674,Bachelor,M,66037.0,69.0,0.0,Personal Auto,California,69.004181,Four-Door Car
DU39756,4170.687348,Master,F,29462.0,107.0,1.0,Corporate Auto,Nevada,513.6,SUV
GY65868,20600.23958,Bachelor,M,64541.0,86.0,0.0,Personal Auto,California,256.279637,Four-Door Car
NG15645,2858.087414,Master,F,27382.0,71.0,0.0,Personal Auto,California,134.104322,Four-Door Car
HH69970,6282.082435,Bachelor,F,32311.0,79.0,0.0,Corporate Auto,California,207.289724,Four-Door Car
YJ57293,2776.842204,College,M,23830.0,76.0,1.0,Corporate Auto,California,364.8,Two-Door Car
BV22194,14194.15441,High School or Below,F,88178.0,70.0,0.0,Personal Auto,Arizona,336.0,Two-Door Car
UH22701,9726.551005,Master,F,72236.0,80.0,0.0,Personal Auto,Oregon,518.064733,Four-Door Car
IA85970,8099.466122,Bachelor,F,0.0,112.0,0.0,Personal Auto,California,438.812143,SUV
TC18240,5020.473987,College,M,67890.0,63.0,0.0,Personal Auto,Oregon,174.08854,Four-Door Car
GE58317,4834.710493,College,F,38713.0,66.0,4.0,Personal Auto,Arizona,316.8,Four-Door Car
GW42895,17625.53763,Bachelor,F,77803.0,63.0,0.0,Personal Auto,Oregon,217.554695,Four-Door Car
FH77504,11009.13049,Bachelor,F,51643.0,283.0,0.0,Personal Auto,California,1358.4,Luxury
XK87182,4502.207001,College,F,46402.0,113.0,0.0,Personal Auto,Oregon,476.385575,Four-Door Car
HB17438,10570.7888,Bachelor,M,92044.0,132.0,0.0,Personal Auto,Washington,617.288574,SUV
DH18269,10614.64457,College,M,16040.0,96.0,0.0,Personal Auto,Arizona,611.476898,Two-Door Car
DP19820,11436.42994,College,M,0.0,135.0,4.0,Personal Auto,Oregon,980.52817,SUV
IK64989,4458.113369,Bachelor,M,17622.0,65.0,1.0,Personal Auto,Washington,312.0,Four-Door Car
MP85571,5558.31428,Bachelor,F,0.0,188.0,4.0,Personal Auto,Arizona,2156.011022,SUV
VO29645,5169.49937,High School or Below,M,12430.0,73.0,0.0,Personal Auto,Oregon,350.4,Four-Door Car
GP83239,7840.165778,College,M,58414.0,210.0,2.0,Personal Auto,California,1008.0,Luxury
GQ21970,24108.30057,Bachelor,F,17257.0,70.0,0.0,Personal Auto,Nevada,551.132139,Four-Door Car
HP40365,5638.046345,College,F,70492.0,70.0,0.0,Personal Auto,Oregon,328.362698,Two-Door Car
UX87150,7680.147853,College,M,68229.0,96.0,0.0,Corporate Auto,California,460.8,Four-Door Car
OZ30867,8409.067687,High School or Below,F,33397.0,106.0,0.0,Personal Auto,Oregon,508.8,SUV
LC60153,12341.83389,Bachelor,M,72503.0,106.0,0.0,Personal Auto,California,295.821353,SUV
OX87524,2611.128028,Master,F,90349.0,64.0,0.0,Personal Auto,California,435.7186,Four-Door Car
ZY78741,6081.481291,High School or Below,M,0.0,87.0,0.0,Corporate Auto,California,626.4,Four-Door Car
DB79306,4416.345862,College,M,25480.0,117.0,3.0,Personal Auto,California,486.545439,SUV
EM77767,10932.21496,College,F,72462.0,68.0,0.0,Personal Auto,Oregon,272.737308,Two-Door Car
PH78214,5427.174517,College,F,27677.0,72.0,1.0,Personal Auto,Oregon,345.6,Four-Door Car
LY17996,6190.316839,High School or Below,M,25743.0,79.0,0.0,Personal Auto,California,596.2476,Two-Door Car
XV76553,4523.752381,High School or Below,M,74935.0,112.0,0.0,Corporate Auto,Oregon,192.859737,SUV
SD38003,2482.38724,Bachelor,M,0.0,71.0,0.0,Personal Auto,California,511.2,Four-Door Car
QC30094,6903.946532,High School or Below,F,15921.0,92.0,1.0,Corporate Auto,Oregon,571.549745,Four-Door Car
KH92987,21740.02913,High School or Below,F,30095.0,136.0,0.0,Personal Auto,Arizona,652.8,SUV
OB32671,37939.48817,High School or Below,F,20587.0,106.0,0.0,Personal Auto,Oregon,363.77598,SUV
CD26907,31215.68581,Bachelor,M,0.0,117.0,0.0,Personal Auto,California,1227.822079,Luxury
YY46839,8482.456771,High School or Below,F,29628.0,106.0,0.0,Corporate Auto,Washington,763.2,Two-Door Car
HY36253,8490.284985,Bachelor,M,28677.0,78.0,0.0,Personal Auto,California,131.515739,Four-Door Car
KA62728,8886.610685,High School or Below,M,87094.0,113.0,1.0,Personal Auto,California,64.894362,Four-Door Car
GH98275,4670.953723,College,F,0.0,64.0,0.0,Corporate Auto,California,181.810486,Four-Door Car
DJ87316,10209.9339,High School or Below,M,43736.0,128.0,0.0,Personal Auto,Oregon,614.4,SUV
XC85830,4118.588554,Bachelor,F,69379.0,103.0,0.0,Corporate Auto,Oregon,494.4,Two-Door Car
VK85405,7409.586372,High School or Below,F,80415.0,62.0,0.0,Corporate Auto,California,281.372658,Two-Door Car
ZP27971,3803.79853,High School or Below,M,26050.0,97.0,0.0,Personal Auto,California,465.6,Four-Door Car
QC95625,12157.32992,High School or Below,M,57449.0,103.0,0.0,Personal Auto,California,494.4,Four-Door Car
DN34058,28119.28723,Bachelor,F,68211.0,99.0,0.0,Corporate Auto,Washington,475.2,Four-Door Car
VS80344,8219.358756,Bachelor,F,28445.0,103.0,0.0,Special Auto,Arizona,427.762841,Two-Door Car
SJ24275,4803.24007,College,F,37313.0,62.0,0.0,Personal Auto,Nevada,246.57631,Four-Door Car
YB58105,10865.86075,High School or Below,M,0.0,110.0,1.0,Corporate Auto,California,1066.913401,Four-Door Car
BP35803,3425.73115,College,F,29194.0,89.0,0.0,Personal Auto,California,424.466821,Four-Door Car
CL73599,8609.158215,Bachelor,F,79090.0,107.0,0.0,Personal Auto,Arizona,289.040734,SUV
ZR22245,4605.036646,College,F,22571.0,63.0,0.0,Personal Auto,Washington,302.4,Four-Door Car
JJ57298,18634.72656,College,M,0.0,139.0,0.0,Corporate Auto,Oregon,1066.63167,SUV
FF53048,3465.52691,Master,F,48744.0,86.0,0.0,Personal Auto,Arizona,412.8,Two-Door Car
HD83496,2478.180205,Bachelor,M,0.0,71.0,0.0,Corporate Auto,Arizona,511.2,Four-Door Car
DD94148,5792.439588,College,M,29530.0,74.0,0.0,Personal Auto,California,222.478994,Two-Door Car
FM52759,5548.031892,Bachelor,M,67798.0,69.0,0.0,Personal Auto,Nevada,331.2,Four-Door Car
OI39918,3443.301126,Bachelor,M,16208.0,93.0,0.0,Personal Auto,California,446.4,Two-Door Car
PC72443,4529.072491,College,F,94757.0,112.0,0.0,Personal Auto,Oregon,5.453269,Four-Door Car
OQ15169,5597.12496,High School or Below,F,37995.0,139.0,0.0,Corporate Auto,Washington,667.2,SUV
ZO89996,2616.613903,College,M,72302.0,66.0,0.0,Personal Auto,Oregon,316.8,Two-Door Car
OP70207,10506.88413,College,M,37934.0,137.0,1.0,Personal Auto,Oregon,385.440163,Luxury
ID39569,10758.65568,High School or Below,M,19382.0,94.0,0.0,Personal Auto,Washington,676.8,Four-Door Car
RJ80405,5498.661301,Bachelor,M,33191.0,70.0,0.0,Personal Auto,Arizona,443.53718,Four-Door Car
NT21324,2791.880258,College,M,72389.0,70.0,0.0,Personal Auto,Arizona,206.158416,Four-Door Car
IY98928,5176.157299,Master,F,91475.0,64.0,0.0,Personal Auto,Arizona,73.295606,Four-Door Car
XJ81725,8166.878898,College,M,0.0,111.0,0.0,Personal Auto,California,799.2,Four-Door Car
FE62142,4267.076892,Bachelor,F,43682.0,107.0,0.0,Corporate Auto,Oregon,148.003496,SUV
ZH55575,5217.513287,Bachelor,F,39854.0,66.0,0.0,Corporate Auto,California,261.930545,Two-Door Car
WI86229,7807.216137,Master,M,52162.0,99.0,0.0,Personal Auto,Oregon,251.152889,Two-Door Car
QR42111,5058.927182,High School or Below,F,0.0,134.0,0.0,Special Auto,Arizona,643.2,SUV
DN71979,7772.579276,College,M,74755.0,195.0,0.0,Personal Auto,Arizona,1404.0,Luxury
IC22580,11533.96706,College,M,85339.0,95.0,0.0,Personal Auto,California,392.7457,Four-Door Car
MX93069,5073.282126,Doctor,M,57709.0,125.0,0.0,Personal Auto,Oregon,600.0,SUV
TG37225,4636.54647,College,M,26802.0,66.0,1.0,Personal Auto,California,316.8,Two-Door Car
GY69750,5296.838482,Master,M,0.0,73.0,0.0,Personal Auto,Oregon,152.080908,Four-Door Car
KX99703,6273.911874,College,F,18577.0,86.0,0.0,Personal Auto,Oregon,412.8,Four-Door Car
AA35519,8002.308333,College,F,0.0,107.0,0.0,Personal Auto,Arizona,513.6,SUV
FE99816,15563.36944,Bachelor,F,0.0,253.0,5.0,Personal Auto,Nevada,1214.4,Luxury
YP92773,4723.821588,Bachelor,F,21546.0,119.0,1.0,Corporate Auto,Washington,625.395925,Two-Door Car
CF26052,8436.350708,Bachelor,F,49182.0,70.0,0.0,Personal Auto,Arizona,165.410515,Two-Door Car
PR37714,7153.208425,Bachelor,F,32238.0,91.0,0.0,Personal Auto,California,439.781453,Four-Door Car
CE92675,6990.691643,College,F,0.0,68.0,0.0,Personal Auto,California,326.4,Four-Door Car
BK47926,6375.079233,High School or Below,M,98118.0,83.0,3.0,Personal Auto,California,398.4,Four-Door Car
BY62906,27990.35769,High School or Below,M,22971.0,101.0,0.0,Personal Auto,Arizona,562.021558,SUV
UY95661,4971.727892,Master,M,49161.0,63.0,2.0,Personal Auto,California,171.746945,Two-Door Car
OS84395,7611.949286,Bachelor,M,90252.0,95.0,0.0,Corporate Auto,Nevada,122.924197,Four-Door Car
JS53793,2422.194555,Doctor,F,25036.0,61.0,1.0,Corporate Auto,Arizona,292.8,Four-Door Car
BV25135,4647.423581,Bachelor,M,28314.0,121.0,0.0,Personal Auto,California,580.8,SUV
AF17671,7765.228166,Bachelor,F,56337.0,97.0,0.0,Personal Auto,Washington,465.6,Four-Door Car
AY30324,6189.443994,Bachelor,F,99074.0,77.0,1.0,Special Auto,Oregon,208.38907,Two-Door Car
XE17270,3520.696547,High School or Below,M,31708.0,94.0,1.0,Personal Auto,California,451.2,Two-Door Car
LS46182,2678.457672,Bachelor,M,0.0,83.0,1.0,Personal Auto,Nevada,398.4,Four-Door Car
LH33181,6274.564531,Bachelor,M,0.0,67.0,1.0,Personal Auto,Arizona,431.32052,Four-Door Car
AT84725,4650.063763,College,M,28215.0,65.0,0.0,Personal Auto,Washington,468.0,Two-Door Car
TP33286,12010.93726,High School or Below,M,0.0,119.0,0.0,Corporate Auto,Washington,856.8,Four-Door Car
YB79192,10193.77423,Bachelor,F,21119.0,128.0,0.0,Personal Auto,California,614.4,SUV
SC43870,15862.17507,Bachelor,M,0.0,66.0,0.0,Corporate Auto,California,475.2,Four-Door Car
OO72857,17254.03699,Bachelor,M,0.0,69.0,1.0,Personal Auto,Oregon,331.2,Four-Door Car
MO38559,5294.230247,Doctor,F,0.0,70.0,0.0,Personal Auto,Arizona,20.521312,Four-Door Car
RL65736,6274.447705,High School or Below,F,13662.0,85.0,0.0,Personal Auto,Oregon,408.0,Four-Door Car
ID30085,8007.399376,High School or Below,F,0.0,112.0,0.0,Personal Auto,Arizona,537.6,Luxury
CO68055,30966.31981,Bachelor,M,0.0,109.0,0.0,Personal Auto,Oregon,691.401424,SUV
NX37589,2666.976685,Bachelor,F,79251.0,67.0,1.0,Personal Auto,Washington,321.6,Four-Door Car
BX88206,18572.01022,High School or Below,F,51294.0,116.0,0.0,Corporate Auto,Nevada,113.237624,SUV
AA30683,6595.101921,Bachelor,M,0.0,105.0,2.0,Personal Auto,California,847.717402,Four-Door Car
BD13927,2243.473907,High School or Below,F,0.0,62.0,0.0,Personal Auto,California,675.468453,Two-Door Car
SJ71233,7423.929008,College,F,0.0,107.0,0.0,Personal Auto,California,513.6,SUV
WK52692,4627.090729,College,F,29124.0,129.0,4.0,Personal Auto,Oregon,619.2,SUV
OG67387,4413.255399,College,M,0.0,65.0,0.0,Personal Auto,California,312.0,Four-Door Car
XR99310,3163.283136,College,M,97266.0,79.0,0.0,Special Auto,California,546.052144,Two-Door Car
GU84478,4908.124429,High School or Below,M,48207.0,63.0,2.0,Personal Auto,Oregon,164.974886,Four-Door Car
ZX29705,7850.590399,College,F,0.0,69.0,0.0,Corporate Auto,California,331.2,Four-Door Car
WN67367,3210.417377,Bachelor,F,0.0,88.0,0.0,Personal Auto,California,325.917598,Four-Door Car
QN67807,5387.40977,Bachelor,M,97316.0,67.0,0.0,Personal Auto,Arizona,309.076476,Two-Door Car
AU77281,2472.469209,College,F,63860.0,62.0,0.0,Personal Auto,Oregon,208.598246,Four-Door Car
DN46994,5403.586356,Bachelor,F,72633.0,67.0,0.0,Personal Auto,California,155.761761,Four-Door Car
OW97322,31410.92822,Bachelor,M,28013.0,266.0,0.0,Personal Auto,Oregon,1276.8,Luxury
ZC97171,7627.431532,High School or Below,F,60479.0,96.0,0.0,Personal Auto,Arizona,85.155359,Four-Door Car
NG69817,7540.390159,Bachelor,F,0.0,68.0,0.0,Personal Auto,California,519.757811,Two-Door Car
BS95225,2617.704041,College,M,14151.0,72.0,1.0,Personal Auto,California,345.6,Four-Door Car
AE93522,7212.143863,Bachelor,M,75891.0,61.0,0.0,Corporate Auto,Washington,61.285525,Two-Door Car
LP15901,6671.766636,Bachelor,M,0.0,183.0,0.0,Personal Auto,Nevada,1317.6,Luxury
FB95495,5677.642084,College,M,53078.0,73.0,0.0,Personal Auto,California,764.221884,Four-Door Car
PE59735,22952.06778,High School or Below,F,20031.0,86.0,0.0,Personal Auto,Oregon,109.69048,Four-Door Car
WR73970,2960.567044,Bachelor,M,92070.0,74.0,0.0,Corporate Auto,Arizona,368.669336,Four-Door Car
JD15492,2446.681538,High School or Below,F,44509.0,61.0,0.0,Personal Auto,Oregon,226.731454,Four-Door Car
OF46381,7659.71722,High School or Below,M,0.0,73.0,0.0,Personal Auto,California,525.6,Two-Door Car
GP85044,4533.733641,Bachelor,M,91967.0,113.0,0.0,Special Auto,Arizona,156.736745,SUV
OO64005,2355.281389,Bachelor,F,0.0,63.0,0.0,Personal Auto,Oregon,302.4,Four-Door Car
VB42222,14316.84569,Bachelor,F,97379.0,119.0,0.0,Personal Auto,Nevada,354.764801,Four-Door Car
ZR79373,10179.71704,Bachelor,F,14290.0,271.0,0.0,Personal Auto,Arizona,1300.8,Luxury
KH12081,8129.511,High School or Below,F,0.0,119.0,1.0,Personal Auto,Arizona,729.405742,SUV
WV64743,13272.22792,High School or Below,M,0.0,194.0,0.0,Personal Auto,Washington,1396.8,Luxury
ZT58755,17817.46464,High School or Below,F,0.0,68.0,0.0,Personal Auto,Oregon,256.916302,Four-Door Car
WX52894,25002.01883,College,M,21927.0,71.0,0.0,Personal Auto,Nevada,128.624785,Four-Door Car
EO51920,19955.25713,High School or Below,F,69096.0,99.0,0.0,Corporate Auto,Oregon,64.669515,Four-Door Car
AQ34238,4606.26977,Bachelor,M,0.0,72.0,2.0,Corporate Auto,Oregon,518.4,Four-Door Car
EI10204,15114.40241,High School or Below,F,28513.0,100.0,1.0,Personal Auto,Oregon,480.0,SUV
GY23881,4782.349875,High School or Below,M,81687.0,61.0,0.0,Personal Auto,Oregon,292.8,Four-Door Car
FL59259,6317.373557,High School or Below,F,13792.0,87.0,2.0,Personal Auto,Nevada,620.19254,Four-Door Car
RN45606,16224.54182,High School or Below,F,32184.0,136.0,1.0,Personal Auto,Nevada,266.146673,SUV
OJ64812,9585.501257,Bachelor,M,26432.0,88.0,3.0,Personal Auto,Washington,422.4,Four-Door Car
AK11669,10130.93442,Doctor,F,59232.0,85.0,0.0,Corporate Auto,Arizona,408.0,Two-Door Car
EM53324,7343.52792,College,F,0.0,72.0,3.0,Personal Auto,Oregon,345.6,Four-Door Car
JE99638,7699.632103,Bachelor,M,23577.0,68.0,0.0,Personal Auto,Arizona,91.815153,Four-Door Car
LR69185,5739.823806,College,M,0.0,80.0,0.0,Personal Auto,Nevada,848.201438,Four-Door Car
AS55478,3874.86854,Bachelor,M,26670.0,98.0,0.0,Corporate Auto,Oregon,541.229321,Four-Door Car
OB52091,8112.323843,Bachelor,M,87403.0,68.0,0.0,Personal Auto,Washington,456.290338,Four-Door Car
AM28777,2707.429536,College,F,51455.0,67.0,0.0,Personal Auto,Oregon,11.046789,Four-Door Car
AQ70385,5686.961001,High School or Below,M,30242.0,72.0,0.0,Personal Auto,Oregon,48.288036,Four-Door Car
FL22732,7381.623005,Bachelor,M,64311.0,62.0,0.0,Personal Auto,Oregon,157.174836,Four-Door Car
JD75068,2724.262292,College,F,0.0,70.0,0.0,Corporate Auto,Oregon,405.384524,Four-Door Car
MM70762,9075.768214,Master,M,37722.0,116.0,0.0,Personal Auto,Arizona,158.077504,Luxury
JT46803,2756.543334,Bachelor,F,42336.0,69.0,0.0,Personal Auto,Oregon,25.605349,Four-Door Car
VO25938,8382.478392,Bachelor,M,25998.0,71.0,0.0,Personal Auto,Oregon,791.878042,Four-Door Car
FP31685,7868.0982,Bachelor,F,24887.0,68.0,0.0,Personal Auto,Oregon,326.4,Four-Door Car
LP69867,2851.645994,High School or Below,M,0.0,82.0,0.0,Personal Auto,Oregon,590.4,Four-Door Car
BX88330,7615.369665,College,F,90918.0,64.0,0.0,Personal Auto,Washington,163.411884,Four-Door Car
QQ86648,5658.531248,High School or Below,M,78834.0,72.0,2.0,Personal Auto,Oregon,345.6,Two-Door Car
VE80757,4307.464888,Bachelor,M,0.0,62.0,0.0,Personal Auto,Oregon,434.26667,Two-Door Car
BE69929,4820.704584,College,F,27872.0,61.0,0.0,Personal Auto,Arizona,186.857059,Two-Door Car
BM31989,8754.16043,College,M,24012.0,112.0,1.0,Personal Auto,Arizona,82.211282,Four-Door Car
HW27766,7259.328982,College,M,16367.0,94.0,0.0,Personal Auto,Arizona,515.569363,Four-Door Car
BC90645,2675.029491,Master,F,55479.0,68.0,1.0,Personal Auto,California,117.964245,Four-Door Car
GC36679,3305.129877,High School or Below,M,40778.0,86.0,0.0,Personal Auto,Oregon,412.8,Four-Door Car
VI74176,8984.040021,High School or Below,M,0.0,137.0,3.0,Personal Auto,Arizona,1532.080871,SUV
BX24569,3567.503755,Bachelor,M,0.0,102.0,0.0,Personal Auto,California,660.430456,SUV
DR32525,23747.46699,College,M,0.0,96.0,4.0,Personal Auto,Arizona,460.8,Four-Door Car
CP76842,3352.87052,College,F,95438.0,83.0,0.0,Corporate Auto,Nevada,99.223092,Two-Door Car
IH20118,5169.49937,High School or Below,M,12430.0,73.0,0.0,Personal Auto,Oregon,350.4,Four-Door Car
DA20472,8564.768226,High School or Below,M,95697.0,107.0,0.0,Personal Auto,California,178.006524,Luxury
DN67273,8028.484649,High School or Below,F,0.0,74.0,0.0,Personal Auto,Oregon,532.8,Two-Door Car
ZZ20738,9000.439546,High School or Below,F,28108.0,114.0,0.0,Personal Auto,California,547.2,Luxury
AS18084,11638.89947,College,F,25370.0,102.0,0.0,Personal Auto,California,489.6,Luxury
FY21364,7376.795372,Bachelor,M,0.0,105.0,0.0,Corporate Auto,California,756.0,SUV
LL73047,7892.088107,High School or Below,F,28672.0,71.0,0.0,Personal Auto,California,340.8,Four-Door Car
CG15505,19160.98994,Master,F,22705.0,239.0,0.0,Personal Auto,California,1294.700423,Luxury
ZZ22047,5548.031892,Bachelor,M,67798.0,69.0,0.0,Corporate Auto,Washington,331.2,Four-Door Car
NG56399,8319.5292,High School or Below,M,61367.0,70.0,0.0,Personal Auto,Arizona,498.533231,Two-Door Car
MD45928,13770.97618,High School or Below,F,59207.0,116.0,0.0,Personal Auto,Arizona,556.8,Four-Door Car
OV29928,5225.253777,College,F,67423.0,65.0,0.0,Corporate Auto,Washington,293.308765,Four-Door Car
OR28030,16979.79757,Bachelor,M,35095.0,73.0,0.0,Corporate Auto,California,525.6,Two-Door Car
LO48748,7485.356469,Master,F,26380.0,96.0,0.0,Personal Auto,Oregon,177.36984,Four-Door Car
FX95323,2639.644171,College,M,88731.0,66.0,0.0,Personal Auto,Oregon,148.971857,Four-Door Car
AG85127,8085.448545,Bachelor,M,61409.0,68.0,0.0,Special Auto,Oregon,264.040157,Four-Door Car
JN33628,12316.79698,Bachelor,M,0.0,167.0,0.0,Personal Auto,California,1985.999807,SUV
QU69375,5568.947534,High School or Below,M,0.0,79.0,1.0,Corporate Auto,Nevada,407.440238,Two-Door Car
FM37864,3571.82831,Bachelor,F,74931.0,89.0,0.0,Personal Auto,California,230.84972,Two-Door Car
IL23615,3350.244285,College,M,74770.0,86.0,0.0,Personal Auto,Oregon,412.8,Four-Door Car
FZ44411,2716.190293,Bachelor,M,0.0,95.0,5.0,Corporate Auto,Arizona,619.267164,Four-Door Car
JE32215,38887.9034,Bachelor,F,44299.0,107.0,0.0,Personal Auto,California,180.085807,Two-Door Car
FQ88964,2272.447229,College,M,0.0,71.0,1.0,Personal Auto,Arizona,390.498822,Two-Door Car
WW22291,2849.252467,Master,M,63326.0,72.0,0.0,Personal Auto,California,361.564021,Four-Door Car
EV39637,5328.320299,High School or Below,F,0.0,73.0,0.0,Personal Auto,Oregon,794.445585,Four-Door Car
TG36139,4679.977728,High School or Below,F,21720.0,128.0,0.0,Corporate Auto,California,837.905079,SUV
XN25550,5345.201117,College,M,55571.0,135.0,0.0,Personal Auto,Oregon,904.813121,SUV
NG94966,2437.084486,College,M,34759.0,61.0,0.0,Personal Auto,California,302.353842,Four-Door Car
AD28349,4637.544647,High School or Below,M,0.0,68.0,0.0,Personal Auto,Arizona,352.130674,Four-Door Car
VZ56705,8804.584902,Bachelor,M,38638.0,74.0,0.0,Personal Auto,Oregon,355.2,Four-Door Car
TQ82322,2438.689804,Bachelor,F,80927.0,62.0,0.0,Personal Auto,California,211.660971,Two-Door Car
CB77819,4736.34799,High School or Below,M,0.0,65.0,0.0,Personal Auto,California,585.454243,Two-Door Car
VG68427,5608.155723,High School or Below,M,81914.0,70.0,0.0,Corporate Auto,Arizona,198.75466,Four-Door Car
WO42164,6465.223746,High School or Below,M,0.0,92.0,0.0,Personal Auto,Oregon,662.4,Four-Door Car
NL87371,2435.245577,Bachelor,M,0.0,72.0,0.0,Personal Auto,Oregon,345.6,Two-Door Car
QW24080,2111.993329,College,F,0.0,74.0,4.0,Personal Auto,Oregon,369.822544,Four-Door Car
ZL53118,2347.591802,High School or Below,M,0.0,69.0,1.0,Personal Auto,Arizona,757.89114,Four-Door Car
GT19025,3636.561567,Bachelor,F,25407.0,98.0,0.0,Personal Auto,Oregon,284.239719,Four-Door Car
VN44400,5692.684466,College,F,86073.0,70.0,0.0,Personal Auto,California,291.587866,Two-Door Car
JF45126,4041.241758,Bachelor,M,23818.0,104.0,1.0,Personal Auto,Nevada,499.2,SUV
SW94040,7756.174223,College,F,21326.0,99.0,0.0,Personal Auto,Oregon,632.765462,Four-Door Car
XI36396,3151.16213,Bachelor,M,18486.0,86.0,0.0,Personal Auto,California,412.8,Four-Door Car
CL38926,7198.415033,Bachelor,M,10458.0,102.0,0.0,Corporate Auto,Oregon,489.6,SUV
CU10179,5263.921634,College,F,82528.0,131.0,0.0,Personal Auto,California,258.036918,Luxury
BK57087,4347.159852,College,F,38223.0,112.0,2.0,Personal Auto,California,537.6,SUV
LF94282,2884.636779,Bachelor,M,63438.0,72.0,0.0,Personal Auto,Nevada,36.732923,Two-Door Car
BO46265,6906.201903,College,M,13432.0,92.0,0.0,Personal Auto,Oregon,610.567945,Four-Door Car
VJ45879,4450.220503,Bachelor,M,26848.0,114.0,0.0,Personal Auto,California,100.557495,Two-Door Car
FR12423,24127.50402,Bachelor,M,14072.0,71.0,0.0,Personal Auto,Oregon,511.2,Four-Door Car
IY87065,5246.278375,Bachelor,F,28909.0,66.0,0.0,Corporate Auto,California,456.702735,Two-Door Car
LR49944,2744.73543,Doctor,F,35159.0,68.0,0.0,Personal Auto,Nevada,150.501033,Two-Door Car
LU40443,5543.802692,Master,M,64255.0,70.0,0.0,Personal Auto,Oregon,193.86537,Four-Door Car
HN54181,6013.038073,College,F,0.0,84.0,0.0,Personal Auto,California,604.8,Four-Door Car
GC52187,3650.576237,College,F,88842.0,90.0,0.0,Personal Auto,Nevada,350.75997,Two-Door Car
FH22095,2520.818611,College,M,39377.0,64.0,0.0,Corporate Auto,California,307.2,Two-Door Car
KY55245,5169.49937,High School or Below,M,12430.0,73.0,0.0,Personal Auto,California,350.4,Four-Door Car
ST43920,2395.57,Doctor,F,21986.0,63.0,0.0,Personal Auto,Arizona,333.696228,Two-Door Car
GG84614,3031.587812,High School or Below,F,27435.0,76.0,0.0,Personal Auto,Oregon,455.545318,Two-Door Car
JW94491,11790.49617,College,M,25251.0,66.0,0.0,Personal Auto,California,316.8,Four-Door Car
EW51866,6755.076276,College,F,29881.0,85.0,0.0,Personal Auto,Arizona,17.92017,Four-Door Car
KU13616,11315.20373,Bachelor,F,11885.0,101.0,0.0,Personal Auto,California,484.8,Four-Door Car
CB15842,8207.702516,High School or Below,M,40420.0,104.0,0.0,Special Auto,California,499.2,SUV
RN66968,5332.615013,High School or Below,M,74837.0,66.0,0.0,Personal Auto,California,376.502488,Four-Door Car
IQ30108,3087.432549,High School or Below,M,67591.0,77.0,0.0,Special Auto,Oregon,198.080417,Four-Door Car
VB23257,4652.595489,Bachelor,M,47590.0,119.0,0.0,Special Auto,Oregon,121.327914,SUV
CV13878,2489.751297,High School or Below,F,75474.0,62.0,0.0,Personal Auto,California,297.6,Two-Door Car
FD14790,18196.63824,Bachelor,M,57177.0,92.0,0.0,Personal Auto,Oregon,441.6,Four-Door Car
VZ61940,2668.731444,Doctor,F,52344.0,66.0,0.0,Personal Auto,Nevada,182.607687,Four-Door Car
PX66705,8257.014532,High School or Below,F,20072.0,70.0,0.0,Personal Auto,California,487.814322,Four-Door Car
XG66314,12465.92416,College,M,33604.0,105.0,0.0,Personal Auto,California,357.618596,SUV
ZM40672,6743.126791,Master,F,0.0,61.0,0.0,Corporate Auto,Oregon,292.8,Two-Door Car
VF21523,2883.165412,High School or Below,F,37741.0,74.0,0.0,Corporate Auto,Nevada,355.2,Two-Door Car
OM50417,29973.41592,Bachelor,F,48471.0,83.0,1.0,Personal Auto,Arizona,208.904212,Four-Door Car
SO54368,4686.469674,College,M,58089.0,118.0,0.0,Personal Auto,Oregon,566.4,SUV
XZ62430,6057.07208,Bachelor,M,27681.0,83.0,0.0,Personal Auto,Arizona,398.4,Two-Door Car
RZ51338,6895.309989,Bachelor,M,28992.0,74.0,4.0,Personal Auto,Arizona,355.2,Four-Door Car
NV13794,9549.113813,High School or Below,F,55986.0,119.0,0.0,Personal Auto,Nevada,388.506303,SUV
JB23570,10593.59462,College,M,94042.0,132.0,0.0,Corporate Auto,California,633.6,SUV
MH24522,7735.465528,College,M,0.0,101.0,0.0,Personal Auto,California,563.284331,Luxury
TD78032,2306.427813,High School or Below,M,0.0,67.0,0.0,Corporate Auto,Washington,482.4,Four-Door Car
WW41496,31234.89323,Bachelor,F,70164.0,88.0,0.0,Personal Auto,Nevada,375.401079,Two-Door Car
IF32545,5096.673223,Master,F,22886.0,65.0,0.0,Corporate Auto,Nevada,312.0,Four-Door Car
HF72557,3226.790317,Bachelor,M,19948.0,89.0,0.0,Personal Auto,Washington,427.2,Four-Door Car
MD41042,5896.536531,College,F,39293.0,74.0,0.0,Personal Auto,Arizona,352.740946,Two-Door Car
UP31333,13869.92705,College,M,28432.0,118.0,0.0,Corporate Auto,Washington,612.300581,SUV
UC35517,18532.40504,College,M,0.0,70.0,0.0,Corporate Auto,Oregon,504.0,Four-Door Car
HS89788,7716.439345,High School or Below,F,0.0,107.0,0.0,Personal Auto,Arizona,1166.754216,Luxury
SG82836,6439.779016,High School or Below,M,47412.0,81.0,0.0,Personal Auto,Oregon,421.824276,Two-Door Car
VM50666,9718.463569,Doctor,M,0.0,65.0,0.0,Special Auto,California,312.0,Four-Door Car
MD70513,12759.27844,College,M,68351.0,107.0,0.0,Personal Auto,Washington,725.339771,SUV
YX96463,5926.980962,Bachelor,F,58733.0,74.0,0.0,Corporate Auto,Oregon,355.2,Four-Door Car
LH38387,11389.94398,Bachelor,F,58187.0,95.0,0.0,Personal Auto,Nevada,76.73348,Two-Door Car
BY59578,3497.483075,College,M,63189.0,88.0,0.0,Personal Auto,California,569.124597,Four-Door Car
RN12107,9476.901955,High School or Below,F,0.0,254.0,0.0,Corporate Auto,Oregon,1828.8,Luxury
MZ84108,9853.773193,Bachelor,M,44006.0,130.0,0.0,Personal Auto,Arizona,494.664784,Luxury
JG68387,8099.40027,Bachelor,F,60932.0,101.0,0.0,Corporate Auto,Nevada,484.8,SUV
AQ94108,8507.832473,College,F,56704.0,71.0,0.0,Corporate Auto,Oregon,84.715044,Four-Door Car
NE85389,23903.68234,High School or Below,F,0.0,74.0,1.0,Personal Auto,Oregon,355.2,Four-Door Car
JQ35849,5360.557066,High School or Below,M,24254.0,68.0,0.0,Personal Auto,California,326.4,Four-Door Car
QU93024,29706.78459,Bachelor,M,0.0,128.0,0.0,Personal Auto,California,1345.317161,SUV
EQ90867,5431.213625,College,M,57125.0,68.0,0.0,Corporate Auto,Oregon,326.4,Four-Door Car
PG67485,9048.983447,High School or Below,M,0.0,119.0,0.0,Personal Auto,Nevada,571.2,Luxury
OX62244,4359.74197,Bachelor,M,0.0,64.0,0.0,Personal Auto,California,307.2,Four-Door Car
MW98508,2889.087654,College,F,72075.0,73.0,2.0,Special Auto,Oregon,22.569825,Four-Door Car
MM50888,3056.217296,High School or Below,F,34317.0,78.0,2.0,Personal Auto,Arizona,263.592181,Two-Door Car
QZ19741,13815.7802,College,F,96745.0,179.0,5.0,Personal Auto,Oregon,859.2,SUV
ET10831,5116.727579,College,M,95427.0,65.0,0.0,Personal Auto,Oregon,442.808018,Four-Door Car
OL72669,10033.28281,Bachelor,M,0.0,146.0,0.0,Corporate Auto,Arizona,1404.845849,SUV
BM46418,2772.835753,College,M,30606.0,71.0,0.0,Personal Auto,Nevada,253.04739,Two-Door Car
VD78722,2647.519741,College,M,37876.0,69.0,0.0,Personal Auto,Oregon,300.056383,Four-Door Car
FL69981,4038.864803,Bachelor,F,0.0,110.0,0.0,Personal Auto,California,528.0,SUV
EG10175,7781.89849,Master,F,57474.0,97.0,0.0,Personal Auto,California,280.037716,Two-Door Car
WS60888,16473.16905,Bachelor,M,22828.0,106.0,0.0,Personal Auto,California,508.8,SUV
LM58227,5285.314179,High School or Below,F,65096.0,67.0,3.0,Personal Auto,Oregon,321.6,Four-Door Car
IK49861,3107.588649,Bachelor,M,0.0,88.0,0.0,Personal Auto,Oregon,87.135752,Two-Door Car
RM87465,5780.182197,High School or Below,M,51066.0,74.0,0.0,Personal Auto,Arizona,787.993313,Four-Door Car
BY75330,26939.51419,Bachelor,M,96866.0,113.0,1.0,Personal Auto,California,377.385724,SUV
CF41619,2329.459058,College,M,20934.0,61.0,1.0,Personal Auto,Nevada,292.8,Four-Door Car
ZZ54454,4589.940596,Master,M,32510.0,119.0,0.0,Personal Auto,Nevada,571.2,Two-Door Car
CU84967,4428.031583,High School or Below,F,58577.0,110.0,0.0,Personal Auto,California,303.872752,SUV
UR56056,10881.77039,Bachelor,M,73268.0,137.0,0.0,Personal Auto,Oregon,41.139806,SUV
VN30344,5412.696604,College,M,0.0,80.0,0.0,Personal Auto,California,576.0,Four-Door Car
YE67531,8382.630118,High School or Below,M,19683.0,117.0,1.0,Personal Auto,Oregon,561.6,Luxury
EW67348,4834.710493,College,F,38713.0,66.0,4.0,Personal Auto,Nevada,316.8,Four-Door Car
PD69398,21710.27538,College,M,62370.0,94.0,2.0,Corporate Auto,Washington,32.00761,Four-Door Car
YT43943,2430.870824,High School or Below,F,28476.0,62.0,0.0,Personal Auto,California,297.6,Four-Door Car
ON74557,14651.6153,Bachelor,M,74915.0,122.0,0.0,Personal Auto,California,393.151377,SUV
JL52508,5073.282126,Doctor,M,57709.0,125.0,0.0,Personal Auto,Oregon,600.0,SUV
UI62725,5520.476175,Bachelor,M,94676.0,69.0,0.0,Corporate Auto,Oregon,331.2,Four-Door Car
LO75919,6008.184526,Bachelor,M,43543.0,76.0,0.0,Personal Auto,Arizona,339.255348,Two-Door Car
SM62247,24543.19862,High School or Below,F,68297.0,212.0,3.0,Corporate Auto,Nevada,1272.487601,Luxury
AF20716,2429.374554,Bachelor,M,74241.0,61.0,0.0,Personal Auto,Oregon,138.588291,Two-Door Car
LQ22609,3452.029549,College,F,61385.0,86.0,0.0,Personal Auto,Arizona,199.299449,Four-Door Car
ZP80265,4109.310394,Bachelor,M,0.0,62.0,0.0,Personal Auto,Oregon,446.4,Two-Door Car
BO87401,8714.922135,College,F,0.0,118.0,0.0,Personal Auto,Nevada,566.4,SUV
SX20211,8110.305608,College,M,52548.0,101.0,0.0,Personal Auto,Oregon,587.504777,Four-Door Car
EK61334,3669.83263,Bachelor,F,0.0,95.0,0.0,Personal Auto,California,429.657692,Four-Door Car
QJ49871,3893.305281,College,M,26605.0,100.0,0.0,Personal Auto,Oregon,933.330936,SUV
OO65445,2496.476385,Bachelor,F,0.0,67.0,0.0,Personal Auto,Oregon,181.335364,Four-Door Car
WP55297,4629.970602,Bachelor,M,0.0,70.0,0.0,Personal Auto,Washington,754.945216,Four-Door Car
WY12393,17684.65456,High School or Below,F,82667.0,64.0,1.0,Special Auto,Washington,307.2,Two-Door Car
JF32940,15663.65604,Bachelor,F,31789.0,130.0,0.0,Personal Auto,Oregon,316.418786,SUV
WX84274,4940.124252,Bachelor,F,0.0,71.0,0.0,Corporate Auto,Oregon,551.569883,Four-Door Car
CW85845,2754.461855,High School or Below,F,25151.0,69.0,0.0,Corporate Auto,California,318.040989,Four-Door Car
IO57824,2953.797658,Bachelor,M,0.0,87.0,2.0,Personal Auto,Arizona,414.190987,Four-Door Car
AX86552,6198.793072,College,M,24053.0,87.0,1.0,Personal Auto,California,624.532492,Four-Door Car
LM84078,12176.00621,College,M,0.0,117.0,0.0,Personal Auto,Oregon,1373.258272,SUV
GG87344,4035.009284,College,F,55407.0,101.0,1.0,Personal Auto,Oregon,275.341953,SUV
LA35379,2954.387586,Master,F,62461.0,73.0,0.0,Personal Auto,Oregon,129.267408,Four-Door Car
EZ43738,5204.64616,Bachelor,F,29406.0,68.0,0.0,Personal Auto,California,326.4,Four-Door Car
DF49110,8100.243093,Doctor,M,89420.0,67.0,0.0,Personal Auto,Oregon,212.455137,Four-Door Car
IL32727,4443.631711,High School or Below,F,0.0,121.0,0.0,Personal Auto,California,644.269611,SUV
QV55524,7503.367741,College,M,52464.0,95.0,0.0,Personal Auto,Washington,515.930856,Four-Door Car
EB55390,2548.509175,Master,F,43731.0,64.0,2.0,Special Auto,Oregon,162.461078,Four-Door Car
KB54415,2473.368225,High School or Below,M,13449.0,68.0,0.0,Personal Auto,Arizona,326.4,Four-Door Car
PG14554,32777.30467,Bachelor,M,0.0,115.0,0.0,Personal Auto,Arizona,552.0,SUV
QI63521,19228.46362,High School or Below,M,0.0,187.0,0.0,Personal Auto,Nevada,897.6,Luxury
DC85335,4538.117454,College,M,49821.0,61.0,4.0,Personal Auto,Oregon,333.308611,Four-Door Car
SR26762,7663.514373,Bachelor,F,34837.0,63.0,0.0,Personal Auto,California,72.828431,Four-Door Car
UH86550,4177.288153,College,F,44222.0,104.0,0.0,Personal Auto,Oregon,413.196371,Four-Door Car
ON72594,11776.00378,Master,F,58881.0,97.0,0.0,Personal Auto,California,354.885018,Four-Door Car
LE28486,3996.772165,College,F,46210.0,100.0,0.0,Personal Auto,Oregon,46.315771,SUV
EJ86526,5490.775023,Bachelor,F,49480.0,70.0,1.0,Corporate Auto,Oregon,72.686545,Four-Door Car
DQ92905,12989.81806,Bachelor,M,0.0,65.0,0.0,Personal Auto,Arizona,312.0,Four-Door Car
JL25091,4599.759229,Bachelor,M,79284.0,117.0,1.0,Special Auto,California,156.452827,Four-Door Car
HP42153,2351.878675,High School or Below,F,12928.0,64.0,0.0,Personal Auto,Washington,307.2,Four-Door Car
OQ27893,2903.242245,High School or Below,M,20510.0,74.0,0.0,Personal Auto,Oregon,355.2,Two-Door Car
PB31909,3807.528493,College,M,0.0,115.0,0.0,Corporate Auto,California,828.0,Four-Door Car
AL43715,8310.704732,Master,M,67541.0,104.0,0.0,Personal Auto,Nevada,203.886869,Four-Door Car
YA70612,8962.795984,Bachelor,M,97924.0,74.0,0.0,Personal Auto,Oregon,355.2,Two-Door Car
LO37570,12157.5413,High School or Below,M,40432.0,77.0,0.0,Personal Auto,Arizona,369.6,Four-Door Car
XC83045,16460.07754,Bachelor,M,16869.0,222.0,0.0,Personal Auto,Nevada,1065.6,Luxury
NC47038,8788.532018,High School or Below,M,91171.0,110.0,0.0,Personal Auto,Arizona,771.39748,SUV
DS31990,5093.479191,High School or Below,M,0.0,71.0,0.0,Personal Auto,Oregon,150.878447,Two-Door Car
CR99369,5377.90796,High School or Below,M,34528.0,69.0,2.0,Corporate Auto,Arizona,183.602763,Four-Door Car
RE68901,5635.746396,College,F,20303.0,71.0,0.0,Corporate Auto,Washington,340.8,Four-Door Car
VQ97965,3514.212939,Bachelor,F,73643.0,89.0,0.0,Corporate Auto,Oregon,147.486454,Four-Door Car
ZK83518,4386.277558,College,M,10621.0,67.0,0.0,Personal Auto,California,321.6,Four-Door Car
EJ77557,7294.5816,High School or Below,M,76407.0,91.0,0.0,Personal Auto,California,436.8,Four-Door Car
QJ62033,2415.063816,High School or Below,M,0.0,71.0,0.0,Personal Auto,Arizona,511.2,Four-Door Car
OH23652,4693.751128,Bachelor,F,26607.0,122.0,0.0,Personal Auto,Oregon,585.6,SUV
NE51159,7481.825592,College,M,61783.0,94.0,0.0,Personal Auto,Oregon,658.125874,Four-Door Car
GU56606,5953.352957,Bachelor,M,20283.0,77.0,0.0,Personal Auto,Nevada,369.6,Two-Door Car
HR28499,3890.964154,Bachelor,M,43578.0,98.0,0.0,Personal Auto,California,105.662175,Two-Door Car
VK92827,5352.218989,Bachelor,M,93606.0,67.0,0.0,Personal Auto,California,321.6,Four-Door Car
DZ85842,8105.81483,High School or Below,M,17920.0,72.0,0.0,Personal Auto,California,424.375364,Four-Door Car
HX87528,3509.968806,College,M,51800.0,92.0,0.0,Personal Auto,California,299.452532,Four-Door Car
FJ57446,8434.119038,College,F,27694.0,108.0,0.0,Personal Auto,Oregon,741.850171,SUV
GU91528,4254.620669,High School or Below,F,11904.0,61.0,2.0,Personal Auto,Oregon,292.8,Two-Door Car
LR92373,2839.945741,Bachelor,F,53444.0,72.0,1.0,Personal Auto,Nevada,315.703929,Four-Door Car
LC90366,16473.16905,Bachelor,M,22828.0,106.0,0.0,Personal Auto,Nevada,508.8,SUV
UI36597,31706.9251,Bachelor,M,50719.0,131.0,0.0,Personal Auto,Oregon,870.626907,SUV
MD33155,2580.849899,College,M,46900.0,66.0,0.0,Corporate Auto,California,316.8,Four-Door Car
MB20764,17622.1332,High School or Below,M,0.0,252.0,0.0,Corporate Auto,Oregon,1814.4,Luxury
JA76884,14435.67365,Master,M,60880.0,119.0,0.0,Personal Auto,California,109.906628,Two-Door Car
BQ32117,12731.95161,Doctor,M,40870.0,105.0,0.0,Personal Auto,California,504.0,SUV
ZM45168,2398.354197,College,M,14321.0,65.0,0.0,Personal Auto,Oregon,423.823547,Four-Door Car
BE25221,6182.618843,High School or Below,M,20072.0,82.0,0.0,Corporate Auto,Arizona,473.266879,Four-Door Car
II92123,9431.376818,High School or Below,M,77365.0,79.0,0.0,Personal Auto,Oregon,2.823303,Two-Door Car
PN35535,4651.28429,College,F,98475.0,115.0,0.0,Personal Auto,California,552.0,SUV
EI17022,12168.74492,Bachelor,M,14973.0,115.0,0.0,Corporate Auto,Washington,828.0,SUV
OH41318,26122.12998,Master,M,83385.0,131.0,2.0,Personal Auto,Washington,704.337157,SUV
ER52041,3237.305187,College,M,0.0,90.0,0.0,Personal Auto,California,659.435886,Four-Door Car
PY57181,9416.474669,College,M,0.0,86.0,1.0,Personal Auto,Oregon,412.8,Four-Door Car
CY12922,2506.360995,College,M,0.0,73.0,0.0,Personal Auto,Arizona,525.6,Four-Door Car
YV85096,5272.005079,Bachelor,F,98110.0,65.0,0.0,Corporate Auto,Oregon,176.287711,Four-Door Car
DG34434,5246.278375,Bachelor,F,28909.0,66.0,0.0,Corporate Auto,California,456.702735,Two-Door Car
DL14445,10611.56172,College,F,0.0,96.0,0.0,Personal Auto,California,949.953253,Four-Door Car
QL80621,2249.874803,Bachelor,F,0.0,62.0,0.0,Personal Auto,Oregon,297.6,Four-Door Car
NY57065,2816.756002,Bachelor,M,42937.0,71.0,0.0,Corporate Auto,California,251.779842,Two-Door Car
EO17010,4751.280948,Master,M,30887.0,119.0,0.0,Personal Auto,California,444.167713,SUV
LC47479,28622.31443,College,M,35442.0,239.0,0.0,Personal Auto,Oregon,1147.2,Luxury
GB92679,8421.516848,High School or Below,F,95139.0,103.0,0.0,Personal Auto,Nevada,34.023132,Four-Door Car
VQ78876,4660.399573,Bachelor,F,89834.0,116.0,0.0,Corporate Auto,Oregon,43.15595,SUV
YQ24856,6843.848971,Bachelor,M,0.0,66.0,0.0,Corporate Auto,California,478.509797,Two-Door Car
XV11038,9223.987144,College,F,18814.0,122.0,0.0,Personal Auto,California,585.6,Luxury
MG88768,4938.72766,College,M,82733.0,62.0,0.0,Corporate Auto,California,72.101019,Four-Door Car
RN36393,15114.40241,High School or Below,F,28513.0,100.0,1.0,Personal Auto,California,480.0,SUV
BU59722,5037.953998,High School or Below,M,0.0,68.0,1.0,Personal Auto,Washington,326.4,Four-Door Car
JD86991,5097.318657,Bachelor,M,67233.0,63.0,0.0,Personal Auto,Oregon,246.693624,Two-Door Car
QM60216,8906.991433,College,M,58718.0,226.0,0.0,Personal Auto,Oregon,1084.8,Luxury
NJ43658,22721.47396,Master,M,21724.0,198.0,0.0,Corporate Auto,California,1505.230405,Luxury
GL34504,9095.15235,High School or Below,F,65103.0,115.0,4.0,Personal Auto,California,552.0,Four-Door Car
YX51934,4898.957331,High School or Below,F,55071.0,61.0,0.0,Personal Auto,California,231.516063,Four-Door Car
FO83170,2916.380797,Doctor,M,85817.0,72.0,0.0,Personal Auto,California,154.987759,Four-Door Car
JW33458,5729.855012,Master,F,92254.0,70.0,0.0,Corporate Auto,California,245.593225,Four-Door Car
JP10227,12280.76661,College,M,88340.0,102.0,0.0,Corporate Auto,California,489.6,Two-Door Car
HX90683,2472.469209,College,F,63860.0,62.0,0.0,Personal Auto,California,208.598246,Four-Door Car
UC19334,4698.345864,High School or Below,F,26411.0,126.0,1.0,Corporate Auto,California,604.8,SUV
ED61615,7950.178237,High School or Below,M,26189.0,69.0,0.0,Personal Auto,California,331.2,Four-Door Car
CB78049,3299.339339,College,M,66114.0,92.0,4.0,Personal Auto,California,178.842061,Four-Door Car
OS70004,7506.779365,College,M,49561.0,193.0,0.0,Personal Auto,California,926.4,SUV
SM67119,7123.694599,College,F,16139.0,62.0,0.0,Personal Auto,California,297.6,Four-Door Car
RO77709,8008.095994,High School or Below,M,63775.0,100.0,0.0,Corporate Auto,California,462.753151,SUV
QT27514,5318.89664,Bachelor,F,25134.0,67.0,0.0,Personal Auto,California,321.6,Four-Door Car
ZT53375,5483.89085,Bachelor,M,87777.0,68.0,0.0,Personal Auto,California,257.708912,Two-Door Car
LB35863,7244.497284,Bachelor,F,0.0,103.0,0.0,Personal Auto,California,494.4,SUV
JL95389,15558.44195,Bachelor,F,62922.0,194.0,0.0,Corporate Auto,California,1121.633645,Luxury
MF30956,8945.689398,College,M,83761.0,112.0,0.0,Corporate Auto,California,270.227547,SUV
FD36230,8441.667084,High School or Below,F,50801.0,72.0,3.0,Personal Auto,California,43.419028,Four-Door Car
OE75629,2798.834343,College,M,48675.0,71.0,1.0,Corporate Auto,California,340.8,Four-Door Car
VV97308,7522.900704,High School or Below,M,55916.0,63.0,0.0,Personal Auto,California,302.4,Four-Door Car
LU17507,39033.08248,Bachelor,F,0.0,180.0,0.0,Personal Auto,California,864.0,Luxury
TW11115,2594.7935,High School or Below,F,30064.0,65.0,0.0,Personal Auto,California,296.852419,Two-Door Car
ND42562,8991.124186,High School or Below,M,0.0,127.0,0.0,Personal Auto,California,1176.285998,Luxury
FZ29605,2332.095228,College,M,0.0,67.0,0.0,Corporate Auto,California,482.4,Four-Door Car
SC30127,9244.351881,Doctor,F,12081.0,82.0,0.0,Personal Auto,California,548.064933,Two-Door Car
HI26883,6290.699249,Bachelor,M,0.0,95.0,0.0,Personal Auto,California,684.0,Two-Door Car
EW15755,9880.097141,Master,F,62326.0,122.0,0.0,Personal Auto,California,96.00936,SUV
GH48839,11790.49617,College,M,25251.0,66.0,0.0,Corporate Auto,California,316.8,Four-Door Car
IX46908,5477.206072,College,F,21289.0,71.0,0.0,Corporate Auto,California,340.8,Four-Door Car
OO89057,4014.332715,Master,F,54054.0,99.0,0.0,Personal Auto,California,5.661684,Four-Door Car
LX95134,3674.56826,College,F,84814.0,90.0,0.0,Corporate Auto,California,512.816507,Four-Door Car
CX89767,4714.044733,High School or Below,F,46097.0,61.0,4.0,Personal Auto,California,197.074966,Four-Door Car
DI45039,2754.143877,College,F,58705.0,69.0,0.0,Personal Auto,California,48.956424,Two-Door Car
AI14767,40688.53442,High School or Below,F,37455.0,114.0,0.0,Personal Auto,California,547.2,SUV
OJ38536,4563.859434,Doctor,F,62010.0,112.0,0.0,Personal Auto,California,537.6,SUV
TI90592,7430.347681,College,M,61568.0,93.0,0.0,Corporate Auto,California,240.818954,Four-Door Car
UN63889,2644.983484,Bachelor,M,90443.0,66.0,0.0,Personal Auto,California,235.174197,Two-Door Car
FZ94690,26220.03266,High School or Below,M,24743.0,84.0,0.0,Personal Auto,California,1008.03551,Four-Door Car
TL60066,2397.036098,High School or Below,F,22283.0,65.0,0.0,Personal Auto,California,572.072106,Four-Door Car
OL61964,5207.680496,Bachelor,M,74627.0,65.0,0.0,Corporate Auto,California,176.735323,Four-Door Car
DN77617,5907.078117,College,F,47306.0,74.0,0.0,Corporate Auto,California,97.723235,Four-Door Car
BV12771,27420.81318,College,M,0.0,112.0,0.0,Personal Auto,California,537.6,SUV
NA14154,5044.857229,Bachelor,M,59292.0,64.0,0.0,Corporate Auto,California,218.491318,Two-Door Car
ZO54248,3090.13236,High School or Below,F,23970.0,77.0,0.0,Personal Auto,California,43.959921,Four-Door Car
CW13886,8514.394994,College,M,48428.0,72.0,1.0,Personal Auto,California,223.728018,Four-Door Car
TT63451,20925.89544,High School or Below,F,44342.0,74.0,0.0,Personal Auto,California,355.2,Four-Door Car
OW54561,3515.456573,College,M,0.0,103.0,2.0,Personal Auto,California,741.6,Luxury
EE34821,17666.56543,Bachelor,F,0.0,74.0,0.0,Corporate Auto,California,355.2,Two-Door Car
ZB85648,30313.30977,College,F,67117.0,85.0,0.0,Personal Auto,California,329.423177,Two-Door Car
IE57921,4726.869327,Bachelor,F,13037.0,124.0,0.0,Personal Auto,California,839.348464,SUV
OY47486,5284.509533,College,M,71960.0,67.0,0.0,Personal Auto,California,151.495249,Two-Door Car
LV51815,2990.330995,High School or Below,F,73137.0,74.0,1.0,Corporate Auto,California,227.797105,Four-Door Car
VU99672,3548.071725,College,M,0.0,96.0,0.0,Corporate Auto,California,446.122702,Four-Door Car
SN69015,6371.320461,College,M,23797.0,81.0,0.0,Personal Auto,California,388.8,Four-Door Car
UO54843,5372.351967,Bachelor,M,70286.0,67.0,0.0,Corporate Auto,California,130.143497,Four-Door Car
ES34753,5165.202368,Master,F,12904.0,132.0,0.0,Personal Auto,California,633.6,SUV
KE91683,8264.747863,High School or Below,F,42045.0,103.0,0.0,Personal Auto,California,40.839965,SUV
YU23754,5193.770572,Master,F,24948.0,65.0,0.0,Personal Auto,California,280.352767,Four-Door Car
AS77287,8099.571213,College,M,25452.0,107.0,0.0,Personal Auto,California,954.688499,Luxury
PD36660,8845.073706,High School or Below,F,95850.0,109.0,0.0,Corporate Auto,California,328.502498,Luxury
BQ20851,8295.977271,Master,M,73556.0,104.0,0.0,Personal Auto,California,497.684017,SUV
PW91494,9344.431622,High School or Below,F,0.0,64.0,1.0,Personal Auto,California,307.2,Two-Door Car
NZ83890,5081.741976,High School or Below,F,0.0,69.0,0.0,Personal Auto,California,93.697638,Two-Door Car
QV24282,5363.531017,Bachelor,F,43879.0,69.0,0.0,Corporate Auto,California,242.133552,Four-Door Car
YF67162,2429.600516,High School or Below,F,23941.0,61.0,0.0,Corporate Auto,California,292.8,Four-Door Car
YE20366,7183.071115,Bachelor,M,14390.0,65.0,0.0,Personal Auto,California,402.778867,Four-Door Car
PN77420,5376.88732,College,M,30039.0,70.0,0.0,Corporate Auto,California,498.612632,Four-Door Car
CF26207,7019.177186,College,M,26806.0,63.0,0.0,Personal Auto,California,302.4,Four-Door Car
WH24638,7079.170237,College,F,24450.0,90.0,0.0,Personal Auto,California,250.959093,Four-Door Car
YQ16427,2415.83485,High School or Below,F,0.0,64.0,0.0,Personal Auto,California,360.217299,Four-Door Car
AZ90068,8193.160528,College,M,89219.0,73.0,4.0,Personal Auto,California,350.4,Four-Door Car
PL59209,6952.651187,College,F,0.0,73.0,3.0,Corporate Auto,California,525.6,Four-Door Car
VK93542,7465.980556,High School or Below,M,0.0,109.0,0.0,Personal Auto,California,784.8,SUV
NE70589,13220.80421,College,M,29504.0,117.0,0.0,Personal Auto,California,809.039071,SUV
AT52647,4014.9185,High School or Below,F,0.0,113.0,0.0,Personal Auto,California,1305.275432,SUV
CW38361,8744.727173,Bachelor,M,61706.0,110.0,0.0,Corporate Auto,California,223.905524,SUV
BZ92811,5948.98896,High School or Below,F,88122.0,148.0,0.0,Corporate Auto,California,840.231575,SUV
ON68006,5520.149969,Bachelor,F,26129.0,70.0,0.0,Personal Auto,California,419.187114,Four-Door Car
VG58889,5040.775434,Bachelor,F,22350.0,66.0,0.0,Corporate Auto,California,316.8,Two-Door Car
MI42935,5654.593045,Bachelor,F,0.0,83.0,0.0,Personal Auto,California,597.6,Four-Door Car
OS21957,8896.500265,High School or Below,F,26201.0,112.0,0.0,Personal Auto,California,168.901895,SUV
JG21385,8715.945469,Bachelor,M,0.0,84.0,0.0,Personal Auto,California,604.8,Four-Door Car
CT62892,7868.808884,Bachelor,F,0.0,107.0,0.0,Personal Auto,California,513.6,SUV
IE97795,6878.008403,High School or Below,M,39020.0,87.0,0.0,Corporate Auto,California,485.01384,Four-Door Car
DM59629,6411.675304,Bachelor,F,47606.0,81.0,0.0,Personal Auto,California,388.8,Two-Door Car
SH48087,10144.3094,College,F,27231.0,88.0,0.0,Personal Auto,California,422.4,Four-Door Car
WG93963,8575.961719,College,F,39946.0,218.0,0.0,Personal Auto,California,1046.4,Luxury
OQ88395,4510.542608,College,M,84300.0,111.0,0.0,Corporate Auto,California,202.22495,SUV
XH46220,3746.751625,College,F,41479.0,94.0,1.0,Corporate Auto,California,19.575683,Two-Door Car
BK61065,5479.555081,Master,M,56005.0,68.0,1.0,Personal Auto,California,326.4,Four-Door Car
UD87700,7164.011997,High School or Below,M,0.0,108.0,0.0,Corporate Auto,California,1260.456194,SUV
CO19402,13265.51039,Bachelor,F,99617.0,109.0,0.0,Personal Auto,California,74.934678,SUV
KJ29915,5246.278375,Bachelor,F,28909.0,66.0,0.0,Personal Auto,California,456.702735,Two-Door Car
JX52708,4556.068318,Bachelor,M,25617.0,63.0,0.0,Personal Auto,California,302.4,Two-Door Car
OT42923,2751.250209,High School or Below,M,86788.0,70.0,0.0,Personal Auto,California,336.0,Four-Door Car
DL34364,2914.09461,High School or Below,M,28523.0,77.0,0.0,Corporate Auto,California,369.6,Four-Door Car
WX16610,5824.767025,Bachelor,F,38492.0,72.0,0.0,Personal Auto,California,207.901654,Four-Door Car
NH76558,5755.18214,High School or Below,F,97657.0,71.0,0.0,Personal Auto,California,107.325235,Two-Door Car
SQ14756,2424.690776,Master,M,49008.0,61.0,1.0,Personal Auto,California,292.8,Four-Door Car
EP64069,5138.244998,Bachelor,F,72264.0,64.0,0.0,Corporate Auto,California,272.649844,Four-Door Car
IS63817,6047.02516,College,M,20396.0,76.0,1.0,Corporate Auto,California,364.8,Four-Door Car
UC83161,6106.468745,High School or Below,F,60234.0,152.0,0.0,Personal Auto,California,136.217066,SUV
DL45122,3329.887725,Bachelor,M,75556.0,84.0,0.0,Corporate Auto,California,498.927007,Four-Door Car
KB90953,40132.01135,Bachelor,F,98710.0,123.0,0.0,Personal Auto,California,587.391029,Luxury
EX72956,5095.365993,Bachelor,F,69461.0,64.0,0.0,Personal Auto,California,101.417253,Two-Door Car
YN15016,4471.747876,High School or Below,M,0.0,68.0,2.0,Personal Auto,California,489.6,Four-Door Car
GW56797,8773.507548,High School or Below,M,0.0,87.0,0.0,Personal Auto,California,626.4,Four-Door Car
QR57842,10351.37265,College,F,73895.0,129.0,0.0,Corporate Auto,California,825.416826,SUV
TB53616,10408.96865,High School or Below,M,20228.0,101.0,1.0,Personal Auto,California,523.815839,SUV
JN10602,8201.330033,Master,F,81785.0,67.0,0.0,Personal Auto,California,321.6,Four-Door Car
VI94769,2248.449633,Bachelor,F,24910.0,63.0,1.0,Personal Auto,California,347.857619,Four-Door Car
BQ60673,5205.024842,Bachelor,M,32946.0,66.0,0.0,Corporate Auto,California,316.8,Two-Door Car
JK68578,15306.13396,High School or Below,F,83868.0,189.0,0.0,Corporate Auto,California,134.836237,Luxury
OI39449,8002.308333,College,F,0.0,107.0,0.0,Personal Auto,California,513.6,SUV
NJ29981,4553.185557,High School or Below,M,0.0,124.0,0.0,Corporate Auto,California,714.494746,SUV
ZO16199,5354.365535,High School or Below,F,17099.0,69.0,0.0,Personal Auto,California,331.2,Four-Door Car
HB12866,7449.855125,High School or Below,F,0.0,206.0,0.0,Personal Auto,California,1483.2,Luxury
DQ19344,3112.049841,College,M,33046.0,79.0,0.0,Personal Auto,California,181.538354,Four-Door Car
GH35369,4386.277558,College,M,10621.0,67.0,0.0,Personal Auto,California,321.6,Four-Door Car
QR26617,4865.848218,Bachelor,M,21498.0,63.0,0.0,Corporate Auto,California,302.4,Four-Door Car
QZ34525,6993.380588,Bachelor,M,0.0,66.0,0.0,Personal Auto,California,439.701118,Four-Door Car
IU62399,5860.48309,Bachelor,F,36889.0,74.0,1.0,Personal Auto,California,192.186026,Four-Door Car
OH23893,9115.57169,Bachelor,F,69588.0,114.0,0.0,Personal Auto,California,173.080024,SUV
ZX83542,5300.686394,Master,M,26585.0,69.0,0.0,Corporate Auto,California,308.651195,Four-Door Car
CO16841,3630.269217,Bachelor,F,0.0,101.0,0.0,Corporate Auto,California,727.2,SUV
MV81355,8819.018934,High School or Below,M,99845.0,110.0,1.0,Personal Auto,California,528.0,SUV
HU22390,5389.499465,College,M,66429.0,136.0,0.0,Corporate Auto,California,57.712985,Luxury
YS74016,3123.080994,Bachelor,M,0.0,101.0,4.0,Personal Auto,California,960.115399,SUV
PU33703,2435.321545,College,F,43721.0,61.0,0.0,Personal Auto,California,292.8,Four-Door Car
PJ59176,8754.233404,High School or Below,M,51209.0,109.0,0.0,Personal Auto,California,39.49793,SUV
ML68781,2628.563096,College,F,84498.0,65.0,0.0,Personal Auto,California,255.210049,Four-Door Car
JI93499,6669.184698,High School or Below,M,0.0,65.0,1.0,Corporate Auto,California,312.0,Four-Door Car
NY90858,6765.800532,College,M,59034.0,85.0,0.0,Personal Auto,California,378.75258,Four-Door Car
IZ76711,10013.77995,Bachelor,F,0.0,135.0,0.0,Personal Auto,California,773.690268,Luxury
BT78461,11288.17204,College,F,96399.0,70.0,0.0,Personal Auto,California,307.89535,Four-Door Car
PS68884,4686.469674,College,M,58089.0,118.0,0.0,Corporate Auto,California,566.4,SUV
EY71439,7131.731291,High School or Below,M,0.0,103.0,0.0,Corporate Auto,California,741.6,Luxury
TO84268,9051.712161,Master,M,60964.0,113.0,0.0,Personal Auto,California,327.723713,Four-Door Car
UH93563,5306.162741,College,M,42871.0,67.0,0.0,Corporate Auto,California,321.6,Four-Door Car
GD57363,5133.635886,College,M,38795.0,65.0,0.0,Personal Auto,California,98.354737,Four-Door Car
LU36517,11124.60499,Bachelor,M,0.0,112.0,0.0,Personal Auto,California,806.4,Two-Door Car
DO93657,7285.103913,Master,M,57134.0,91.0,1.0,Personal Auto,California,436.8,Two-Door Car
EF41225,14627.92807,College,F,40711.0,121.0,0.0,Personal Auto,California,580.8,SUV
CY97519,17086.75371,College,M,26334.0,63.0,2.0,Corporate Auto,California,453.6,Two-Door Car
FO36473,4298.378567,Bachelor,F,31414.0,116.0,4.0,Personal Auto,California,556.8,SUV
OD66412,5018.894421,Doctor,F,74423.0,62.0,0.0,Personal Auto,California,50.800186,Four-Door Car
IW54903,7200.664877,College,F,0.0,66.0,0.0,Personal Auto,California,316.8,Four-Door Car
RF64040,9591.028253,Bachelor,F,0.0,128.0,0.0,Corporate Auto,California,150.952506,SUV
CB17191,3240.667531,High School or Below,F,30646.0,81.0,0.0,Corporate Auto,California,128.57791,Four-Door Car
OI39301,8906.50609,High School or Below,F,0.0,118.0,0.0,Personal Auto,California,566.4,SUV
VY90611,2499.036551,Master,F,28264.0,63.0,0.0,Corporate Auto,California,364.622773,Two-Door Car
KF96171,8167.992322,High School or Below,F,0.0,117.0,0.0,Personal Auto,California,842.4,Two-Door Car
IJ36435,5811.61185,College,F,0.0,79.0,0.0,Personal Auto,California,304.550129,Four-Door Car
GX40957,18732.2012,College,F,70187.0,117.0,0.0,Personal Auto,California,632.16097,Luxury
RT36566,5260.623466,Bachelor,F,31006.0,67.0,0.0,Personal Auto,California,321.6,Four-Door Car
ML38237,8869.631143,High School or Below,F,0.0,119.0,0.0,Corporate Auto,California,571.2,SUV
RR74547,2878.846941,High School or Below,M,0.0,85.0,0.0,Personal Auto,California,612.0,Four-Door Car
PK26805,2810.957053,High School or Below,M,20371.0,71.0,1.0,Personal Auto,California,340.8,Four-Door Car
KS36311,2701.039719,College,F,39141.0,68.0,0.0,Personal Auto,California,402.456296,Four-Door Car
ZZ69693,2449.580048,High School or Below,M,0.0,69.0,0.0,Corporate Auto,California,496.8,Four-Door Car
FS70572,9445.925985,College,M,76837.0,78.0,0.0,Corporate Auto,California,23.788022,Four-Door Car
LN87823,4414.577688,High School or Below,F,0.0,61.0,0.0,Personal Auto,California,643.877067,Four-Door Car
XL81489,6785.536334,Bachelor,F,0.0,197.0,0.0,Corporate Auto,California,1439.676002,Luxury
NQ32487,3600.934326,High School or Below,F,25147.0,101.0,0.0,Personal Auto,California,694.598288,SUV
XF60649,7452.939191,Bachelor,F,0.0,106.0,0.0,Personal Auto,California,763.2,SUV
VA95584,12723.15311,Master,M,34665.0,64.0,0.0,Personal Auto,California,450.85948,Two-Door Car
FN80010,4312.642503,Master,F,25404.0,112.0,0.0,Personal Auto,California,578.175234,SUV
QX22025,12148.94098,High School or Below,F,37025.0,101.0,0.0,Corporate Auto,California,427.243803,SUV
ZU63258,3549.747466,Bachelor,M,0.0,100.0,1.0,Personal Auto,California,480.0,SUV
IC74050,6153.394838,High School or Below,F,23939.0,160.0,1.0,Personal Auto,California,768.0,SUV
JX80723,6272.416823,College,M,76673.0,80.0,1.0,Personal Auto,California,56.082107,Four-Door Car
CT50487,2851.161121,High School or Below,F,55274.0,71.0,0.0,Corporate Auto,California,484.728153,Two-Door Car
VT16570,6781.125672,College,F,30324.0,86.0,0.0,Corporate Auto,California,143.943749,Four-Door Car
YW94562,4985.239225,College,F,31702.0,63.0,1.0,Personal Auto,California,302.4,Four-Door Car
JG83075,6725.043747,College,F,0.0,95.0,0.0,Corporate Auto,California,684.0,Four-Door Car
SZ61563,36632.53432,Bachelor,M,70908.0,132.0,1.0,Personal Auto,California,521.444011,SUV
JO60130,5838.89915,High School or Below,M,81082.0,73.0,0.0,Personal Auto,California,281.295903,Four-Door Car
BG55927,12206.89208,College,F,17705.0,108.0,1.0,Personal Auto,California,668.73901,Two-Door Car
BS53322,14196.96535,High School or Below,F,77738.0,118.0,0.0,Personal Auto,California,463.457352,SUV
FZ13256,2670.797821,Bachelor,F,0.0,72.0,0.0,Corporate Auto,California,366.277224,Four-Door Car
CM38959,8033.910862,College,F,70311.0,66.0,0.0,Personal Auto,California,341.395103,Two-Door Car
FS38926,9685.542977,Bachelor,F,66022.0,239.0,0.0,Personal Auto,California,538.229502,Luxury
EN31802,36168.34106,High School or Below,M,74140.0,101.0,2.0,Personal Auto,California,484.8,SUV
TO18404,10453.2558,Bachelor,F,73604.0,88.0,0.0,Corporate Auto,California,398.19284,Two-Door Car
VQ53427,5406.694854,College,M,21855.0,74.0,1.0,Corporate Auto,California,355.2,Four-Door Car
OT50011,2671.166649,Master,F,23305.0,68.0,0.0,Personal Auto,California,127.157137,Four-Door Car
OO96627,3531.348165,High School or Below,M,0.0,98.0,0.0,Corporate Auto,California,958.502743,Two-Door Car
BN77676,4835.569505,High School or Below,M,0.0,71.0,0.0,Personal Auto,California,511.2,Four-Door Car
JT64945,13422.06378,College,F,65024.0,67.0,0.0,Personal Auto,California,189.869329,Four-Door Car
BO58202,2424.224662,Bachelor,F,22590.0,67.0,0.0,Personal Auto,California,85.68352,Two-Door Car
UR71715,2983.110414,College,M,0.0,91.0,0.0,Personal Auto,California,436.8,Four-Door Car
GM84292,14723.40712,Master,F,38401.0,92.0,0.0,Corporate Auto,California,441.6,Four-Door Car
DW20514,8438.463783,College,M,25539.0,112.0,0.0,Personal Auto,California,585.069825,SUV
WZ45123,14435.67365,Master,M,60880.0,119.0,0.0,Personal Auto,California,109.906628,Two-Door Car
LW11571,2690.069754,Bachelor,M,87313.0,67.0,0.0,Personal Auto,California,321.6,Four-Door Car
TI48450,7948.544751,College,M,23916.0,68.0,0.0,Corporate Auto,California,481.113765,Two-Door Car
CZ62883,11378.88711,Bachelor,F,34854.0,95.0,0.0,Corporate Auto,California,456.0,Four-Door Car
BY88565,5219.754045,College,F,48203.0,66.0,0.0,Personal Auto,California,413.238845,Four-Door Car
EB61889,9486.037005,High School or Below,M,25322.0,126.0,0.0,Corporate Auto,California,886.033554,Luxury
GX22027,4762.557323,Bachelor,F,16656.0,63.0,1.0,Personal Auto,California,302.4,Two-Door Car
BN91755,4975.171042,Master,F,44723.0,124.0,0.0,Personal Auto,California,341.088276,SUV
OZ89964,4422.615495,High School or Below,M,35979.0,116.0,2.0,Personal Auto,California,556.8,Luxury
PV62467,4849.697945,College,F,36413.0,61.0,0.0,Personal Auto,California,153.013115,Four-Door Car
QZ71100,19237.69976,Bachelor,M,0.0,196.0,0.0,Corporate Auto,California,2092.523421,Luxury
UA63517,8518.549119,Doctor,F,0.0,112.0,1.0,Personal Auto,California,537.6,Luxury
BD69478,5194.654884,College,M,51883.0,66.0,0.0,Personal Auto,California,623.751121,Two-Door Car
GV41938,46302.07562,High School or Below,F,0.0,151.0,1.0,Personal Auto,California,1087.2,SUV
UA73107,2538.62632,Bachelor,M,18608.0,71.0,0.0,Corporate Auto,California,340.8,Four-Door Car
XU43725,14070.63897,College,F,0.0,127.0,0.0,Corporate Auto,California,677.868206,SUV
MT78037,2748.933734,High School or Below,M,55964.0,69.0,0.0,Personal Auto,California,496.8,Four-Door Car
FH81263,6006.211611,High School or Below,M,85510.0,74.0,0.0,Corporate Auto,California,355.2,Four-Door Car
SZ94413,3286.440915,High School or Below,M,30706.0,84.0,0.0,Personal Auto,California,225.654806,Four-Door Car
HI48554,2648.350463,High School or Below,F,29587.0,69.0,0.0,Personal Auto,California,331.2,Two-Door Car
YR30159,20936.33105,College,M,20309.0,181.0,0.0,Personal Auto,California,1579.854155,Luxury
EV15014,7194.233091,Bachelor,M,0.0,71.0,0.0,Personal Auto,California,599.375099,Four-Door Car
BM16805,11435.23124,College,F,12470.0,103.0,1.0,Corporate Auto,California,618.688651,SUV
IB60476,4064.107529,Master,M,0.0,107.0,0.0,Personal Auto,California,513.6,Luxury
YC63458,5893.368906,Bachelor,F,86498.0,74.0,1.0,Personal Auto,California,8.529778,Two-Door Car
VS42598,8256.2978,Bachelor,F,62902.0,69.0,0.0,Personal Auto,California,159.383042,Two-Door Car
BB65725,8061.198798,College,M,57293.0,102.0,0.0,Corporate Auto,California,347.996042,Luxury
UZ86963,9333.076001,High School or Below,F,0.0,129.0,0.0,Corporate Auto,California,928.8,Luxury
RR39300,34243.51034,High School or Below,F,51255.0,122.0,0.0,Personal Auto,California,421.70554,SUV
IU25994,31516.5084,College,M,0.0,125.0,0.0,Corporate Auto,California,626.411563,SUV
IO81315,2460.167359,College,F,69241.0,61.0,0.0,Personal Auto,California,47.95916,Four-Door Car
JC93010,4929.549699,Bachelor,M,25632.0,63.0,0.0,Personal Auto,California,351.270869,Two-Door Car
XO56170,2866.824929,High School or Below,F,87428.0,72.0,0.0,Personal Auto,California,224.483337,Four-Door Car
QS65968,8429.491575,Master,M,98796.0,104.0,0.0,Personal Auto,California,499.2,SUV
PT42203,8052.243508,College,M,78617.0,101.0,0.0,Corporate Auto,California,233.169575,Four-Door Car
SX87181,4916.479717,Bachelor,F,0.0,65.0,0.0,Personal Auto,California,312.0,Two-Door Car
RE85409,5386.969384,High School or Below,M,93893.0,67.0,0.0,Personal Auto,California,98.66095,Four-Door Car
YW95322,3508.905811,Bachelor,M,23629.0,88.0,0.0,Personal Auto,California,633.6,Four-Door Car
TL39187,6511.103163,Bachelor,M,0.0,91.0,0.0,Corporate Auto,California,655.404481,Two-Door Car
XP41644,4335.676738,High School or Below,M,30574.0,114.0,1.0,Corporate Auto,California,396.105473,Luxury
FZ89300,3673.525732,Bachelor,F,69555.0,92.0,0.0,Personal Auto,California,255.277041,Four-Door Car
ED80746,7426.462927,Bachelor,M,19634.0,98.0,0.0,Corporate Auto,California,470.4,Two-Door Car
BD35524,2640.488905,Bachelor,M,15776.0,69.0,0.0,Personal Auto,California,337.596914,Two-Door Car
EW68125,4889.765364,Bachelor,F,46819.0,62.0,0.0,Personal Auto,California,157.990123,Four-Door Car
TT86956,10537.40467,Master,F,47950.0,65.0,0.0,Personal Auto,California,301.867895,Four-Door Car
KA67497,6385.617852,High School or Below,F,0.0,63.0,1.0,Personal Auto,California,302.4,Two-Door Car
TM68292,4564.512659,Master,F,12626.0,69.0,4.0,Personal Auto,California,331.2,Four-Door Car
SC23927,4772.943848,High School or Below,M,20993.0,133.0,0.0,Personal Auto,California,638.4,SUV
BO92934,10387.24599,High School or Below,M,24392.0,93.0,0.0,Personal Auto,California,446.4,Four-Door Car
XR82418,4984.618655,Bachelor,M,86305.0,62.0,0.0,Personal Auto,California,80.73124,Four-Door Car
XS56253,6600.477951,Bachelor,M,0.0,110.0,3.0,Personal Auto,California,1011.772647,Luxury
UC34044,2591.749798,College,F,56701.0,65.0,0.0,Personal Auto,California,333.441673,Four-Door Car
MU64306,8355.642928,College,M,57074.0,105.0,0.0,Personal Auto,California,80.129332,SUV
UI33675,5142.04553,Bachelor,M,0.0,72.0,0.0,Personal Auto,California,345.6,Two-Door Car
UX24010,5205.256308,Bachelor,F,53614.0,65.0,1.0,Personal Auto,California,725.849253,Four-Door Car
GC69429,14816.95159,Master,M,0.0,135.0,0.0,Personal Auto,California,648.0,SUV
XA27299,12812.43898,Bachelor,M,0.0,128.0,0.0,Personal Auto,California,789.775123,SUV
MT39460,2472.227293,Master,M,76441.0,62.0,0.0,Personal Auto,California,294.258612,Four-Door Car
NM33351,35186.25611,Bachelor,F,86134.0,98.0,0.0,Corporate Auto,California,3.246203,Two-Door Car
IR29181,9336.123495,High School or Below,M,45262.0,117.0,0.0,Corporate Auto,California,842.4,Four-Door Car
TE79454,14980.04626,Bachelor,F,0.0,222.0,0.0,Personal Auto,California,1123.485329,Luxury
US34108,4773.656279,Bachelor,F,27725.0,63.0,4.0,Personal Auto,California,302.4,Four-Door Car
LG45849,4698.521352,Doctor,M,27985.0,117.0,0.0,Personal Auto,California,561.6,Two-Door Car
FI25204,3491.26162,Master,F,29673.0,92.0,2.0,Corporate Auto,California,328.348506,Two-Door Car
YM24620,4505.842815,Master,M,24790.0,113.0,0.0,Personal Auto,California,767.242337,SUV
UG49494,5765.502751,High School or Below,F,57846.0,73.0,1.0,Personal Auto,California,481.014309,Four-Door Car
VM77872,7685.652168,High School or Below,M,0.0,111.0,0.0,Corporate Auto,California,799.2,Four-Door Car
EY49684,2309.876793,Bachelor,F,0.0,61.0,0.0,Personal Auto,California,32.454659,Four-Door Car
XB70333,6582.286333,High School or Below,M,10738.0,109.0,4.0,Personal Auto,California,852.256188,Four-Door Car
BC75105,2860.440918,College,M,45587.0,81.0,5.0,Personal Auto,California,380.595522,Four-Door Car
BR22486,5039.435344,College,F,82940.0,63.0,0.0,Personal Auto,California,332.847984,Four-Door Car
JT27173,3979.282641,College,M,42633.0,101.0,0.0,Corporate Auto,California,285.048692,SUV
AT31367,6273.911874,College,F,18577.0,86.0,0.0,Corporate Auto,California,412.8,Four-Door Car
EW17514,14435.67365,Master,M,60880.0,119.0,0.0,Personal Auto,California,109.906628,Two-Door Car
QJ31447,19339.20282,Master,M,22582.0,61.0,0.0,Personal Auto,California,292.8,Four-Door Car
BC85847,6872.043512,Bachelor,F,0.0,64.0,0.0,Corporate Auto,California,585.058877,Four-Door Car
FP53421,7613.706014,High School or Below,M,25944.0,70.0,0.0,Personal Auto,California,336.0,Four-Door Car
ZF54421,6369.262355,High School or Below,M,34498.0,83.0,0.0,Personal Auto,California,398.4,Two-Door Car
EG81847,14255.23041,High School or Below,F,31027.0,124.0,1.0,Personal Auto,California,597.578875,SUV
SE21603,2469.088506,Bachelor,M,0.0,71.0,0.0,Corporate Auto,California,484.87847,Four-Door Car
RA47157,3451.25106,High School or Below,M,45609.0,87.0,0.0,Corporate Auto,California,246.515921,Two-Door Car
ZA45956,13736.1325,Master,F,16181.0,181.0,0.0,Personal Auto,California,1261.319869,SUV
PB93081,6360.649533,High School or Below,M,41195.0,160.0,0.0,Corporate Auto,California,323.1897,SUV
ZE49470,4770.984146,Master,F,76194.0,119.0,0.0,Personal Auto,California,388.313599,SUV
QW72605,10296.9965,Bachelor,F,0.0,138.0,0.0,Personal Auto,California,666.977979,SUV
MG53211,3237.923545,College,F,60097.0,82.0,0.0,Personal Auto,California,278.735779,Four-Door Car
YB49540,5254.019142,College,F,95017.0,65.0,0.0,Personal Auto,California,324.99944,Four-Door Car
FY77803,10129.50677,High School or Below,F,0.0,68.0,0.0,Corporate Auto,California,326.4,Four-Door Car
KX64629,2228.525238,College,F,0.0,64.0,0.0,Personal Auto,California,744.924331,Four-Door Car
IN28584,16501.06524,Bachelor,F,83547.0,137.0,1.0,Personal Auto,California,75.663572,SUV
FP66891,2178.520191,Bachelor,M,0.0,65.0,0.0,Personal Auto,California,319.49223,Four-Door Car
TT97465,14642.14003,College,M,57561.0,62.0,1.0,Corporate Auto,California,298.430234,Four-Door Car
AM88377,5049.765309,Bachelor,F,10180.0,65.0,0.0,Corporate Auto,California,455.654032,Two-Door Car
JA47688,3544.541005,Master,M,40658.0,90.0,0.0,Personal Auto,California,502.873215,Two-Door Car
GP87031,3210.136249,College,F,23554.0,86.0,0.0,Corporate Auto,California,412.8,Four-Door Car
ZV43350,4531.366283,Bachelor,F,0.0,119.0,0.0,Personal Auto,California,571.2,Four-Door Car
TG37259,3373.869214,Master,M,28989.0,85.0,0.0,Personal Auto,California,408.0,Four-Door Car
KM22467,5451.802287,Bachelor,M,55898.0,69.0,0.0,Personal Auto,California,441.951758,Two-Door Car
JB32090,3045.05813,High School or Below,F,53441.0,76.0,0.0,Personal Auto,California,364.8,Two-Door Car
EY78874,2715.68743,Doctor,M,20848.0,71.0,0.0,Corporate Auto,California,350.143872,Four-Door Car
ZT60177,3802.994357,High School or Below,F,0.0,108.0,0.0,Personal Auto,California,932.654942,Luxury
RV92809,5498.940679,College,M,22520.0,73.0,0.0,Personal Auto,California,350.4,Four-Door Car
VI69768,23990.14738,Bachelor,M,69781.0,119.0,0.0,Personal Auto,California,849.208601,SUV
NP40205,7901.427389,Bachelor,M,99711.0,98.0,0.0,Corporate Auto,California,11.549207,Four-Door Car
LZ56963,8596.567628,College,F,25785.0,112.0,1.0,Corporate Auto,California,537.6,SUV
CO56168,3964.527997,High School or Below,M,62638.0,100.0,0.0,Personal Auto,California,441.988868,SUV
HJ64239,8262.629249,College,F,0.0,113.0,0.0,Corporate Auto,California,813.6,SUV
WX80471,6676.726314,High School or Below,M,56875.0,84.0,0.0,Personal Auto,California,145.448401,Two-Door Car
EH51056,2750.878284,High School or Below,M,93102.0,68.0,0.0,Personal Auto,California,578.945761,Two-Door Car
DK19711,5495.183322,College,M,25564.0,71.0,0.0,Personal Auto,California,228.515513,Four-Door Car
ZJ71004,2471.278718,Bachelor,F,29918.0,62.0,0.0,Personal Auto,California,108.892382,Four-Door Car
CE68841,4128.385865,Bachelor,F,95891.0,102.0,0.0,Corporate Auto,California,34.235959,SUV
HX41374,15234.7459,High School or Below,M,72988.0,127.0,0.0,Personal Auto,California,276.503559,SUV
QE13586,6366.225775,High School or Below,M,44368.0,80.0,0.0,Personal Auto,California,384.0,Two-Door Car
PA20570,6575.451884,Bachelor,M,84146.0,82.0,0.0,Personal Auto,California,464.714188,Four-Door Car
MB91424,7425.269244,College,M,36259.0,63.0,0.0,Corporate Auto,California,302.4,Four-Door Car
QW98193,3924.416277,College,M,56480.0,101.0,0.0,Corporate Auto,California,617.650751,SUV
TS53731,8660.838974,College,F,79674.0,107.0,0.0,Personal Auto,California,9.275859,SUV
WK55963,8130.651447,College,M,61036.0,68.0,0.0,Corporate Auto,California,413.25233,Two-Door Car
CE71123,12751.27591,Bachelor,F,33235.0,110.0,0.0,Personal Auto,California,113.804117,SUV
KK38827,4170.687348,Master,F,29462.0,107.0,1.0,Personal Auto,California,513.6,SUV
YH81239,6405.738932,High School or Below,M,48131.0,82.0,0.0,Personal Auto,California,393.6,Four-Door Car
MD32702,3573.291869,Bachelor,F,0.0,109.0,1.0,Personal Auto,California,523.2,SUV
UK79109,9095.049868,College,M,37937.0,116.0,0.0,Corporate Auto,California,556.8,SUV
TV37646,4794.116328,College,F,70012.0,119.0,0.0,Personal Auto,California,755.19863,SUV
QS35019,14435.67365,Master,M,60880.0,119.0,0.0,Personal Auto,California,109.906628,Two-Door Car
RJ62038,8166.512251,High School or Below,M,0.0,82.0,0.0,Personal Auto,California,590.4,Four-Door Car
VX94337,8807.609658,High School or Below,M,59762.0,113.0,0.0,Corporate Auto,California,542.4,SUV
GM54723,9061.63365,Bachelor,M,0.0,65.0,0.0,Corporate Auto,California,413.288528,Four-Door Car
ET39822,8256.2978,Bachelor,F,62902.0,69.0,0.0,Personal Auto,California,159.383042,Two-Door Car
WA94988,19327.87406,Bachelor,F,57245.0,124.0,0.0,Corporate Auto,California,681.577742,Luxury
WZ23060,7050.972166,Bachelor,F,39040.0,174.0,0.0,Personal Auto,California,835.2,SUV
HK84372,2409.7007,High School or Below,M,0.0,70.0,0.0,Personal Auto,California,504.0,Four-Door Car
WG28563,5519.513075,Doctor,F,70914.0,68.0,0.0,Personal Auto,California,77.695518,Four-Door Car
KE70943,10090.40808,College,F,97238.0,126.0,0.0,Personal Auto,California,604.8,SUV
LD76400,31316.61358,Bachelor,F,42522.0,132.0,0.0,Corporate Auto,California,909.876614,SUV
DR54244,2590.840183,High School or Below,F,0.0,67.0,0.0,Personal Auto,California,321.6,Four-Door Car
FV63234,4957.1612,Bachelor,F,0.0,67.0,0.0,Personal Auto,California,321.6,Four-Door Car
IV60781,4014.453113,Doctor,F,37384.0,99.0,0.0,Personal Auto,California,475.2,Four-Door Car
AK59340,5601.138061,High School or Below,M,42360.0,71.0,0.0,Corporate Auto,California,99.509191,Four-Door Car
NF78904,7370.61684,Bachelor,F,67871.0,61.0,0.0,Corporate Auto,California,10.475529,Four-Door Car
IS55638,15503.72309,College,F,29932.0,64.0,0.0,Personal Auto,California,319.710124,Two-Door Car
RD40721,5384.731816,High School or Below,M,0.0,78.0,0.0,Corporate Auto,California,748.774773,Four-Door Car
ZF70768,4050.280057,High School or Below,M,82758.0,101.0,0.0,Personal Auto,California,179.430114,Two-Door Car
FH68849,12765.77704,Bachelor,F,0.0,117.0,0.0,Personal Auto,California,842.4,SUV
ZO42514,9159.005771,Bachelor,F,96331.0,114.0,0.0,Personal Auto,California,491.027024,Two-Door Car
FR66336,5325.724541,High School or Below,M,0.0,73.0,0.0,Personal Auto,California,496.474767,Two-Door Car
MQ84363,11072.03193,Bachelor,M,58971.0,94.0,1.0,Corporate Auto,California,318.882053,Four-Door Car
UC75204,12851.42404,High School or Below,F,0.0,186.0,0.0,Personal Auto,California,1339.2,Luxury
WN56695,8607.482071,College,M,0.0,118.0,0.0,Personal Auto,California,566.4,Four-Door Car
MF59279,4222.977602,Bachelor,M,0.0,63.0,0.0,Personal Auto,California,302.4,Two-Door Car
US30122,61134.68307,College,M,0.0,198.0,0.0,Corporate Auto,California,2275.265075,Luxury
IM15403,9368.27103,College,M,44980.0,81.0,0.0,Corporate Auto,California,333.478333,Two-Door Car
IH18704,4365.256633,Master,M,23566.0,112.0,0.0,Personal Auto,California,537.6,SUV
FP27229,3384.468426,College,F,54603.0,86.0,0.0,Corporate Auto,California,412.8,Four-Door Car
ZA60820,2409.003095,High School or Below,M,0.0,67.0,0.0,Personal Auto,California,482.4,Two-Door Car
WT65970,7209.088399,High School or Below,F,0.0,99.0,0.0,Personal Auto,California,715.039363,Four-Door Car
IX10511,3875.541141,College,M,0.0,117.0,0.0,Personal Auto,California,842.4,Luxury
XB71208,2735.469265,College,F,96314.0,69.0,0.0,Personal Auto,California,296.995798,Four-Door Car
QI99143,3092.632781,Bachelor,F,31168.0,78.0,0.0,Corporate Auto,California,289.386343,Four-Door Car
XQ19310,5006.609577,High School or Below,F,0.0,71.0,0.0,Personal Auto,California,358.985713,Two-Door Car
HK40573,14382.56463,College,M,52174.0,121.0,0.0,Personal Auto,California,403.737293,SUV
NN65590,2762.801339,College,F,72335.0,69.0,0.0,Personal Auto,California,331.2,Four-Door Car
NG15940,3997.476302,High School or Below,M,0.0,62.0,1.0,Corporate Auto,California,552.845318,Four-Door Car
UE96503,5599.668502,Doctor,M,0.0,73.0,0.0,Corporate Auto,California,350.4,Four-Door Car
AE90216,4974.801539,Bachelor,M,75644.0,65.0,3.0,Personal Auto,California,467.803638,Two-Door Car
LJ20215,3435.649178,High School or Below,F,0.0,95.0,0.0,Corporate Auto,California,679.052398,Four-Door Car
PF78020,5574.618901,College,M,20075.0,71.0,0.0,Personal Auto,California,371.679189,Four-Door Car
IU71285,6889.518761,Bachelor,F,33786.0,89.0,1.0,Personal Auto,California,75.110004,Two-Door Car
RM93459,17497.52201,College,M,0.0,73.0,0.0,Personal Auto,California,350.4,Two-Door Car
XV53963,10986.22795,High School or Below,M,96721.0,138.0,1.0,Personal Auto,California,662.4,SUV
ZK71157,5358.163394,Bachelor,F,40833.0,69.0,0.0,Corporate Auto,California,294.591676,Four-Door Car
FS31523,8532.718297,High School or Below,F,0.0,122.0,2.0,Personal Auto,California,585.6,SUV
NH99355,4634.730197,High School or Below,M,0.0,62.0,0.0,Personal Auto,California,297.6,Four-Door Car
EZ11341,8080.948098,College,M,85210.0,68.0,0.0,Personal Auto,California,32.714226,Two-Door Car
QE52050,5678.050167,Bachelor,F,0.0,76.0,0.0,Corporate Auto,California,364.8,Four-Door Car
YT92071,5243.538258,Master,F,44851.0,66.0,0.0,Corporate Auto,California,439.762045,Four-Door Car
LO14234,12263.10529,High School or Below,M,0.0,174.0,0.0,Personal Auto,California,1724.234933,SUV
HH49378,30859.36361,Master,M,69872.0,111.0,2.0,Corporate Auto,California,218.395525,Luxury
JY66887,16320.76716,High School or Below,F,0.0,247.0,3.0,Personal Auto,California,1778.4,Luxury
HZ39601,13447.37157,College,F,26708.0,122.0,0.0,Personal Auto,California,585.6,SUV
TV35668,2722.210707,College,F,17576.0,71.0,0.0,Personal Auto,California,398.502948,Four-Door Car
BK83393,32317.03275,Bachelor,F,55475.0,116.0,0.0,Personal Auto,California,412.471,SUV
ZN98560,7896.706446,College,M,0.0,111.0,0.0,Corporate Auto,California,190.120714,SUV
ZR81759,2820.741005,Master,M,35855.0,70.0,0.0,Personal Auto,California,278.208622,Two-Door Car
SV46904,6904.081112,High School or Below,F,0.0,98.0,0.0,Personal Auto,California,1032.329445,Four-Door Car
YN69214,7689.714281,Bachelor,M,0.0,73.0,0.0,Personal Auto,California,617.705323,Four-Door Car
ZI69514,4821.213012,College,M,63391.0,64.0,4.0,Corporate Auto,California,119.587974,Four-Door Car
NL33789,4077.501164,Bachelor,F,53093.0,103.0,0.0,Corporate Auto,California,98.991733,SUV
LU53495,2888.853662,College,M,65412.0,73.0,1.0,Personal Auto,California,101.753098,Four-Door Car
HN89408,3653.12609,College,M,0.0,107.0,0.0,Corporate Auto,California,770.4,Four-Door Car
PF71940,4836.747754,Bachelor,F,0.0,136.0,0.0,Personal Auto,California,979.2,SUV
VJ49806,13009.18057,College,M,0.0,61.0,0.0,Personal Auto,California,380.069056,Two-Door Car
GY40926,2612.528734,College,M,37073.0,66.0,0.0,Personal Auto,California,316.8,Four-Door Car
II32272,25390.54546,High School or Below,F,19359.0,129.0,0.0,Personal Auto,California,928.8,Luxury
NG68910,8901.055724,High School or Below,M,46814.0,113.0,0.0,Corporate Auto,California,542.4,SUV
XK43825,4704.176131,College,M,0.0,68.0,1.0,Personal Auto,California,326.4,Two-Door Car
LA29810,6240.903564,College,F,68332.0,79.0,3.0,Personal Auto,California,379.2,Four-Door Car
BU71528,8053.268897,College,M,17301.0,105.0,0.0,Personal Auto,California,638.543326,Four-Door Car
OM73267,5229.445752,High School or Below,F,69545.0,65.0,0.0,Corporate Auto,California,312.0,Four-Door Car
IW72280,5035.035257,Doctor,F,37405.0,63.0,3.0,Corporate Auto,California,287.556107,Four-Door Car
PH47195,5492.388442,Bachelor,M,74271.0,136.0,0.0,Personal Auto,California,174.327925,Luxury
KU85991,2592.437797,High School or Below,M,72421.0,65.0,0.0,Corporate Auto,California,312.0,Four-Door Car
LK49091,3657.585449,Bachelor,F,62650.0,92.0,0.0,Personal Auto,California,148.820742,Four-Door Car
OK96130,5319.311913,High School or Below,M,37331.0,134.0,0.0,Personal Auto,California,898.914194,SUV
MN83273,41787.90343,High School or Below,F,46587.0,119.0,2.0,Personal Auto,California,571.2,Four-Door Car
NY89701,5977.410465,Bachelor,F,25320.0,76.0,1.0,Personal Auto,California,269.065636,Four-Door Car
FL30667,9298.887011,College,F,22094.0,79.0,1.0,Corporate Auto,California,460.889274,Four-Door Car
AW27717,20531.64534,High School or Below,F,12503.0,92.0,0.0,Personal Auto,California,120.69808,Four-Door Car
OL28568,8725.292767,Bachelor,M,69772.0,112.0,0.0,Personal Auto,California,537.6,Four-Door Car
EA52579,7687.296987,Bachelor,F,0.0,109.0,0.0,Personal Auto,California,523.2,SUV
WZ96432,9150.137599,Master,F,32370.0,115.0,0.0,Corporate Auto,California,552.0,SUV
HC90344,20370.76787,Bachelor,F,0.0,73.0,1.0,Corporate Auto,California,525.6,Four-Door Car
SG59507,2775.671887,College,F,38222.0,71.0,0.0,Personal Auto,California,166.78838,Four-Door Car
HE85298,4384.348683,High School or Below,F,32272.0,110.0,0.0,Corporate Auto,California,6.342791,SUV
CR83581,7712.057483,College,M,27816.0,118.0,5.0,Personal Auto,California,566.4,SUV
MB15338,11472.23701,College,M,62134.0,73.0,0.0,Personal Auto,California,25.333594,Two-Door Car
YR10848,4118.588554,Bachelor,F,69379.0,103.0,0.0,Personal Auto,California,494.4,Two-Door Car
KA69047,3450.073829,Bachelor,M,68082.0,88.0,0.0,Personal Auto,California,39.579516,Four-Door Car
XE72624,2536.885365,High School or Below,F,34653.0,64.0,0.0,Corporate Auto,California,307.2,Four-Door Car
UN77671,7330.190221,College,F,26906.0,92.0,0.0,Personal Auto,California,106.528651,Two-Door Car
RN72721,8886.296424,High School or Below,F,20903.0,117.0,0.0,Personal Auto,California,561.6,SUV
LO94085,3193.156111,College,F,80580.0,81.0,2.0,Personal Auto,California,41.694266,Two-Door Car
JR89623,2698.693364,High School or Below,F,76025.0,67.0,0.0,Corporate Auto,California,151.021648,Four-Door Car
VF65535,42937.34691,College,F,64937.0,122.0,0.0,Corporate Auto,California,328.82872,SUV
CF95802,8151.719109,College,M,0.0,114.0,0.0,Personal Auto,California,820.8,SUV
XX88364,8622.835375,Bachelor,M,97361.0,73.0,0.0,Corporate Auto,California,350.4,Four-Door Car
CK15380,2784.911238,High School or Below,F,20814.0,72.0,0.0,Personal Auto,California,288.594641,Four-Door Car
HS97983,30647.63125,High School or Below,F,0.0,105.0,0.0,Personal Auto,California,1212.054819,Four-Door Car
CC92362,8936.370357,Bachelor,M,18141.0,116.0,0.0,Personal Auto,California,722.404711,Four-Door Car
JW21133,6480.099944,Bachelor,M,18820.0,95.0,4.0,Personal Auto,California,456.0,Two-Door Car
YP72749,2449.789611,Bachelor,F,44662.0,63.0,1.0,Corporate Auto,California,165.098152,Four-Door Car
KW99972,10524.71154,High School or Below,F,40332.0,132.0,2.0,Personal Auto,California,463.604317,Luxury
NW62233,5314.958536,Master,M,66467.0,66.0,0.0,Personal Auto,California,294.705573,Two-Door Car
HJ62427,3522.480373,College,F,90804.0,87.0,0.0,Personal Auto,California,169.386126,Four-Door Car
TA31436,8132.702789,Bachelor,F,36737.0,102.0,0.0,Corporate Auto,California,512.861063,Luxury
ZK67670,31758.35391,Master,F,44207.0,99.0,0.0,Corporate Auto,California,407.638917,Four-Door Car
QK82654,19849.73509,College,M,0.0,286.0,0.0,Personal Auto,California,2059.2,Luxury
GY43856,4349.30875,College,F,75648.0,108.0,0.0,Corporate Auto,California,112.660916,SUV
BA87216,20878.41013,College,M,50555.0,88.0,0.0,Personal Auto,California,422.4,Four-Door Car
OH83983,3528.044252,Doctor,M,31278.0,92.0,4.0,Personal Auto,California,441.6,Two-Door Car
ZU83252,8703.727127,Master,F,61897.0,72.0,0.0,Personal Auto,California,3.406136,Four-Door Car
DN92191,8383.677045,Master,M,68717.0,70.0,0.0,Personal Auto,California,810.907059,Four-Door Car
XR74007,3540.206231,Bachelor,F,62863.0,88.0,0.0,Corporate Auto,California,94.507735,Four-Door Car
GB32334,5379.482798,College,F,24702.0,68.0,0.0,Personal Auto,California,214.91451,Four-Door Car
QW59726,2944.780529,Master,F,87274.0,73.0,1.0,Personal Auto,California,350.4,Four-Door Car
XO43812,8028.179882,Master,M,56482.0,199.0,0.0,Personal Auto,California,955.2,Luxury
UI75273,7522.068229,High School or Below,F,47727.0,94.0,0.0,Corporate Auto,California,451.2,Two-Door Car
MR76405,9470.063102,College,F,46530.0,80.0,1.0,Corporate Auto,California,118.556928,Four-Door Car
VF65251,6674.177684,College,M,0.0,189.0,0.0,Personal Auto,California,1737.320276,Luxury
GH31245,12694.88894,High School or Below,F,73274.0,105.0,0.0,Corporate Auto,California,284.211516,SUV
UW20734,3590.693623,College,F,82918.0,89.0,0.0,Personal Auto,California,29.828668,Two-Door Car
KK61203,3934.099422,High School or Below,M,20920.0,103.0,0.0,Personal Auto,California,494.4,Four-Door Car
UQ54273,11790.49617,College,M,25251.0,66.0,0.0,Personal Auto,California,316.8,Four-Door Car
PV48046,5267.760257,Master,M,39722.0,133.0,0.0,Personal Auto,California,638.4,SUV
QW21219,16468.22079,High School or Below,F,0.0,63.0,0.0,Corporate Auto,California,685.12694,Four-Door Car
PR80703,5745.95924,Bachelor,F,51335.0,71.0,0.0,Personal Auto,California,171.685669,Four-Door Car
OI44122,8845.185533,Bachelor,M,45600.0,113.0,0.0,Personal Auto,California,617.936885,SUV
YM44855,6570.970605,Master,F,52951.0,167.0,1.0,Personal Auto,California,289.77269,SUV
CS35098,10212.01913,College,M,93920.0,84.0,0.0,Corporate Auto,California,213.027868,Four-Door Car
VV57998,2556.674379,Bachelor,M,0.0,71.0,0.0,Corporate Auto,California,340.8,Four-Door Car
ZC17826,15552.39651,Bachelor,M,0.0,64.0,0.0,Personal Auto,California,307.2,Four-Door Car
WD85096,4904.462754,Master,F,27593.0,63.0,0.0,Corporate Auto,California,241.232198,Two-Door Car
LZ57827,13931.35067,Bachelor,M,37695.0,118.0,0.0,Personal Auto,California,352.311743,SUV
CV70978,7756.437921,Bachelor,M,97592.0,65.0,0.0,Personal Auto,California,312.0,Four-Door Car
GQ42004,11232.9821,College,M,0.0,74.0,0.0,Personal Auto,California,355.2,Four-Door Car
AV93209,12487.58095,High School or Below,F,31283.0,104.0,0.0,Personal Auto,California,499.2,Four-Door Car
BV27017,17602.51146,College,F,0.0,161.0,1.0,Corporate Auto,California,772.8,SUV
VU71619,13277.08425,Bachelor,M,96402.0,110.0,0.0,Personal Auto,California,379.897943,SUV
FM12425,19337.90103,College,M,26488.0,247.0,0.0,Personal Auto,California,1321.584957,Luxury
DY27031,4448.564599,High School or Below,M,0.0,70.0,3.0,Personal Auto,California,432.835989,Four-Door Car
UE75424,10732.50747,Doctor,M,75728.0,133.0,0.0,Corporate Auto,California,44.159065,SUV
MU67498,7200.664877,College,F,0.0,66.0,0.0,Corporate Auto,California,316.8,Four-Door Car
IX32007,2864.820306,Bachelor,M,0.0,109.0,4.0,Personal Auto,California,1145.746845,SUV
DF86803,5308.434428,High School or Below,M,0.0,73.0,0.0,Corporate Auto,California,525.6,Four-Door Car
JS10224,18321.24471,College,F,76726.0,65.0,0.0,Personal Auto,California,10.36741,Four-Door Car
HA93483,4319.145955,Bachelor,F,11811.0,110.0,0.0,Personal Auto,California,808.618307,Luxury
WW80551,6556.099198,High School or Below,M,0.0,63.0,0.0,Personal Auto,California,453.6,Four-Door Car
WI89701,5705.899103,College,F,0.0,74.0,0.0,Personal Auto,California,432.4081,Two-Door Car
JQ81164,6656.15047,College,F,26628.0,85.0,0.0,Corporate Auto,California,408.0,Two-Door Car
KA25468,4905.321482,Master,M,46177.0,61.0,0.0,Personal Auto,California,379.075927,Four-Door Car
IW31117,5620.587184,Doctor,M,21142.0,71.0,0.0,Personal Auto,California,79.293115,Two-Door Car
MI91352,8382.478392,Bachelor,M,25998.0,71.0,0.0,Personal Auto,California,791.878042,Four-Door Car
CP93345,2857.992725,Bachelor,F,85300.0,73.0,2.0,Corporate Auto,California,319.867735,Four-Door Car
CZ20440,4291.056403,High School or Below,F,0.0,62.0,1.0,Corporate Auto,California,403.991524,Four-Door Car
KZ35883,33288.16185,College,F,91541.0,118.0,0.0,Personal Auto,California,51.549119,Four-Door Car
SJ30138,4145.0234,High School or Below,M,0.0,118.0,0.0,Corporate Auto,California,566.4,SUV
AO77635,4005.720666,College,F,28987.0,102.0,0.0,Personal Auto,California,245.693546,SUV
PJ36160,16272.74322,Bachelor,M,83589.0,103.0,0.0,Personal Auto,California,366.0396,SUV
XT41916,5143.865361,High School or Below,F,0.0,72.0,0.0,Personal Auto,California,375.204446,Four-Door Car
EA61783,26232.85024,Bachelor,F,35868.0,110.0,0.0,Personal Auto,California,528.0,SUV
IS12075,5100.088201,High School or Below,F,0.0,71.0,1.0,Corporate Auto,California,653.726919,Four-Door Car
QV14053,2708.019336,High School or Below,M,53807.0,68.0,0.0,Personal Auto,California,63.760358,Two-Door Car
ZZ68210,30745.96199,High School or Below,M,0.0,110.0,0.0,Personal Auto,California,1004.755092,Four-Door Car
BT57285,4563.872603,High School or Below,M,0.0,124.0,0.0,Personal Auto,California,595.2,SUV
UF88512,7442.570447,Bachelor,M,57517.0,96.0,0.0,Corporate Auto,California,460.8,Four-Door Car
RI76399,17636.42483,High School or Below,F,37109.0,63.0,0.0,Corporate Auto,California,302.4,Two-Door Car
OY95386,8418.573784,Bachelor,F,0.0,115.0,0.0,Personal Auto,California,552.0,SUV
BJ58596,2486.428407,High School or Below,F,0.0,72.0,0.0,Corporate Auto,California,518.4,Two-Door Car
HV75193,2866.595388,Master,F,26924.0,73.0,0.0,Personal Auto,California,262.086021,Four-Door Car
LI81655,6638.122296,Master,M,21586.0,167.0,1.0,Personal Auto,California,801.6,Luxury
XP61922,2530.705137,Bachelor,F,89451.0,63.0,0.0,Personal Auto,California,61.769564,Four-Door Car
JA12512,5556.282281,Bachelor,F,97424.0,68.0,0.0,Personal Auto,California,230.436256,Two-Door Car
FP20500,6264.6336,Bachelor,M,0.0,89.0,0.0,Corporate Auto,California,850.175941,Two-Door Car
MS88882,5639.402141,College,M,24636.0,77.0,0.0,Personal Auto,California,480.925301,Two-Door Car
QH52104,3903.383926,Master,M,0.0,104.0,0.0,Personal Auto,California,499.2,Four-Door Car
BM92346,3919.366722,High School or Below,F,66676.0,97.0,0.0,Personal Auto,California,558.099357,Four-Door Car
NS23754,2566.782278,High School or Below,F,21375.0,65.0,0.0,Corporate Auto,California,312.0,Four-Door Car
ZG54759,2837.007353,College,F,41408.0,73.0,1.0,Corporate Auto,California,268.710908,Four-Door Car
LI31082,12741.84754,Bachelor,F,73054.0,106.0,1.0,Personal Auto,California,419.365958,SUV
UY51200,8888.886826,College,M,77104.0,112.0,1.0,Corporate Auto,California,436.494292,SUV
UV44323,4903.131185,College,F,0.0,133.0,0.0,Personal Auto,California,638.4,SUV
TO55166,2600.002868,Bachelor,M,72766.0,65.0,0.0,Personal Auto,California,91.464233,Two-Door Car
TZ28073,4341.363555,Bachelor,M,23352.0,112.0,0.0,Personal Auto,California,537.6,SUV
UF31027,4298.664542,College,F,76778.0,107.0,1.0,Personal Auto,California,500.665061,SUV
UV48386,2698.048753,Master,M,40154.0,67.0,0.0,Corporate Auto,California,360.670642,Four-Door Car
HO74982,5382.761801,Bachelor,F,74888.0,68.0,3.0,Personal Auto,California,335.936021,Two-Door Car
BD12981,5732.686642,College,F,39337.0,74.0,1.0,Personal Auto,California,277.225868,Four-Door Car
JC18314,7089.046071,Bachelor,M,28121.0,90.0,0.0,Personal Auto,California,432.0,Two-Door Car
BP90016,8302.321168,Master,M,78032.0,103.0,0.0,Corporate Auto,California,323.607074,SUV
PS23376,5671.09467,High School or Below,F,69668.0,70.0,0.0,Corporate Auto,California,64.855035,Two-Door Car
LX30483,3371.528475,College,F,0.0,102.0,3.0,Personal Auto,California,489.6,SUV
FQ93665,18939.50603,High School or Below,F,21911.0,67.0,0.0,Corporate Auto,California,705.42264,Four-Door Car
LG73224,2670.63599,High School or Below,M,52572.0,68.0,0.0,Personal Auto,California,379.281455,Four-Door Car
WJ92113,14031.70468,Bachelor,F,91061.0,116.0,0.0,Personal Auto,California,556.8,Four-Door Car
ZT26848,8314.306568,High School or Below,M,40447.0,105.0,0.0,Personal Auto,California,377.561463,SUV
SO42230,7126.263963,Master,F,22490.0,90.0,0.0,Personal Auto,California,88.765534,Two-Door Car
VB65967,27430.14468,Bachelor,M,49331.0,138.0,0.0,Personal Auto,California,386.258495,SUV
ED82243,7019.177186,College,M,26806.0,63.0,0.0,Personal Auto,California,302.4,Four-Door Car
AU62013,24826.89127,Doctor,F,67572.0,102.0,0.0,Personal Auto,California,296.209127,Luxury
TT68630,3351.213465,Bachelor,F,90213.0,83.0,0.0,Personal Auto,California,398.4,Two-Door Car
RV82726,4437.842056,High School or Below,M,22768.0,112.0,0.0,Personal Auto,California,537.6,Four-Door Car
VC11777,5187.653993,High School or Below,F,80521.0,65.0,2.0,Personal Auto,California,342.913243,Four-Door Car
HZ68892,4584.137063,College,M,85245.0,115.0,0.0,Personal Auto,California,556.568103,Luxury
RY44243,5945.616886,College,F,65602.0,73.0,0.0,Personal Auto,California,61.570877,Four-Door Car
DR77989,4785.909313,College,M,0.0,68.0,0.0,Personal Auto,California,199.23876,Four-Door Car
PU25344,7275.894536,Bachelor,M,0.0,106.0,0.0,Personal Auto,California,1247.79856,SUV
NC80854,4940.940943,College,F,0.0,71.0,0.0,Personal Auto,California,511.750971,Four-Door Car
PG90331,18635.90451,College,M,11656.0,70.0,0.0,Personal Auto,California,336.0,Two-Door Car
TI14001,7507.455372,College,M,60920.0,64.0,0.0,Corporate Auto,California,231.201886,Two-Door Car
FP51143,2130.35457,College,M,0.0,62.0,0.0,Corporate Auto,California,446.4,Two-Door Car
LK19630,2907.43603,High School or Below,F,52216.0,72.0,1.0,Personal Auto,California,362.026936,Four-Door Car
JK16503,4916.405552,High School or Below,M,0.0,67.0,0.0,Personal Auto,California,321.6,Two-Door Car
WG29557,5067.514799,Master,M,74919.0,63.0,0.0,Personal Auto,California,206.24435,Four-Door Car
EQ96084,7822.304151,Bachelor,F,33963.0,99.0,0.0,Corporate Auto,California,222.626234,Four-Door Car
WH28633,2897.278535,College,M,75041.0,74.0,0.0,Personal Auto,California,56.05058,Four-Door Car
KN50049,18882.63699,College,M,24054.0,176.0,0.0,Personal Auto,California,1133.801271,SUV
RN48574,6273.911874,College,F,18577.0,86.0,0.0,Corporate Auto,California,412.8,Four-Door Car
PD11073,7614.830065,College,F,35045.0,96.0,0.0,Personal Auto,California,420.606785,Four-Door Car
FS86064,2117.989147,Bachelor,M,0.0,64.0,0.0,Personal Auto,California,426.248686,Four-Door Car
JU47573,2290.681171,Bachelor,F,0.0,64.0,0.0,Personal Auto,California,482.778155,Four-Door Car
VN59368,6521.368813,College,F,72608.0,82.0,3.0,Personal Auto,California,393.6,Four-Door Car
UI19516,16909.92767,College,M,65620.0,213.0,0.0,Corporate Auto,California,766.322388,Luxury
ZV55368,5709.358709,High School or Below,M,75650.0,71.0,0.0,Corporate Auto,California,104.918485,Four-Door Car
OS54451,2627.831472,Bachelor,M,31964.0,67.0,0.0,Personal Auto,California,120.060283,Four-Door Car
IP93821,3600.934326,High School or Below,F,25147.0,101.0,0.0,Personal Auto,California,694.598288,SUV
AR17553,6111.053244,Master,M,22944.0,80.0,0.0,Corporate Auto,California,488.272759,Four-Door Car
SM10031,2933.498052,Master,M,0.0,78.0,0.0,Personal Auto,California,398.421636,Four-Door Car
CK14803,4325.491222,College,M,94242.0,107.0,0.0,Personal Auto,California,52.121929,SUV
CJ35075,4665.245047,High School or Below,F,0.0,68.0,1.0,Personal Auto,California,326.4,Four-Door Car
NA56063,43019.01278,College,M,0.0,132.0,0.0,Corporate Auto,California,904.378268,SUV
CA62597,7482.851041,Bachelor,F,0.0,101.0,0.0,Corporate Auto,California,978.257137,SUV
ZO23305,4929.549699,Bachelor,M,25632.0,63.0,0.0,Personal Auto,California,351.270869,Two-Door Car
UD20999,2537.667511,Master,M,0.0,68.0,0.0,Corporate Auto,California,326.4,Four-Door Car
FQ66351,5322.291688,Bachelor,F,33681.0,138.0,1.0,Personal Auto,California,873.127345,SUV
AB69140,25093.57037,Master,M,36007.0,70.0,0.0,Personal Auto,California,336.0,Four-Door Car
CT53265,2656.846648,College,F,18834.0,69.0,0.0,Personal Auto,California,453.895633,Two-Door Car
WN91223,11073.10572,Master,M,82807.0,92.0,0.0,Personal Auto,California,302.458432,Four-Door Car
MP48946,2499.469914,High School or Below,F,72021.0,62.0,0.0,Corporate Auto,California,50.740536,Two-Door Car
NE79174,5386.512585,Bachelor,M,41228.0,70.0,3.0,Personal Auto,California,336.0,Two-Door Car
UI77960,6656.200678,High School or Below,F,39834.0,83.0,0.0,Personal Auto,California,398.4,Four-Door Car
VD69291,2702.692335,College,M,22415.0,69.0,0.0,Personal Auto,California,352.894843,Four-Door Car
XD54132,2567.346739,High School or Below,F,61900.0,64.0,0.0,Corporate Auto,California,307.2,Four-Door Car
AT33529,2776.748342,Doctor,F,30893.0,70.0,0.0,Corporate Auto,California,85.416096,Four-Door Car
AT79008,9065.25926,Bachelor,F,40006.0,114.0,1.0,Personal Auto,California,132.568435,Two-Door Car
UZ14076,32104.69957,High School or Below,F,89546.0,266.0,1.0,Corporate Auto,California,2452.894264,Luxury
EP10645,18677.85248,College,M,0.0,86.0,0.0,Personal Auto,California,538.649619,Four-Door Car
PW78930,2982.196702,Bachelor,M,79523.0,74.0,0.0,Personal Auto,California,132.023007,Four-Door Car
ZC97968,2736.352663,College,M,17533.0,73.0,0.0,Personal Auto,California,350.4,Two-Door Car
SF30642,8996.774075,High School or Below,M,49706.0,113.0,0.0,Personal Auto,California,617.515196,SUV
AH22694,5850.451386,Doctor,M,24317.0,73.0,1.0,Corporate Auto,California,350.4,Four-Door Car
SM87252,5843.614767,College,M,77498.0,74.0,0.0,Personal Auto,California,249.151199,Two-Door Car
MA60552,4015.400868,Bachelor,M,28088.0,102.0,0.0,Personal Auto,California,489.6,SUV
PE51299,10781.61334,High School or Below,M,73026.0,67.0,0.0,Personal Auto,California,321.6,Four-Door Car
JR22900,18484.80858,College,F,36153.0,117.0,1.0,Corporate Auto,California,323.424189,Luxury
DP19210,9191.733549,Master,F,23823.0,115.0,0.0,Corporate Auto,California,567.48055,Luxury
XP76338,4711.038869,Bachelor,M,24843.0,61.0,2.0,Personal Auto,California,331.325638,Four-Door Car
MW46400,7634.855287,High School or Below,F,0.0,106.0,0.0,Corporate Auto,California,763.2,Four-Door Car
FB71914,30205.01297,College,M,0.0,89.0,0.0,Personal Auto,California,469.359715,Four-Door Car
OH15780,12280.76661,College,M,88340.0,102.0,0.0,Personal Auto,California,489.6,Two-Door Car
QO56615,2980.010499,College,F,13535.0,80.0,1.0,Personal Auto,California,384.0,Four-Door Car
EL67979,17223.06591,College,M,22346.0,64.0,0.0,Personal Auto,California,307.2,Four-Door Car
OW68478,12298.6863,High School or Below,M,17101.0,113.0,0.0,Corporate Auto,California,542.4,SUV
SF13677,2843.149061,High School or Below,M,0.0,81.0,0.0,Personal Auto,California,583.2,Four-Door Car
MP80287,9498.473472,College,F,0.0,90.0,0.0,Personal Auto,California,432.0,Two-Door Car
UK45178,2224.555883,Bachelor,F,0.0,67.0,1.0,Personal Auto,California,482.4,Two-Door Car
JC29850,7506.964816,Bachelor,M,0.0,67.0,1.0,Corporate Auto,California,321.6,Two-Door Car
IK44574,5608.819189,Bachelor,M,28483.0,72.0,0.0,Corporate Auto,California,345.6,Four-Door Car
KE98143,2700.676449,Master,F,89362.0,67.0,0.0,Personal Auto,California,116.209568,Four-Door Car
XN28388,4130.382954,College,F,0.0,66.0,2.0,Corporate Auto,California,523.030597,Four-Door Car
AX38728,2966.944264,College,M,0.0,81.0,0.0,Personal Auto,California,388.8,Two-Door Car
IX18485,9594.248898,High School or Below,F,27443.0,86.0,2.0,Personal Auto,California,685.048914,Four-Door Car
KB42322,6761.107268,Bachelor,F,70829.0,85.0,0.0,Personal Auto,California,553.174109,Four-Door Car
RW54189,5747.268347,Bachelor,M,23504.0,73.0,0.0,Personal Auto,California,350.4,Four-Door Car
FV70604,5048.512037,Bachelor,F,0.0,142.0,0.0,Corporate Auto,California,880.435943,SUV
PC23709,5714.562292,Bachelor,F,74905.0,72.0,0.0,Personal Auto,California,167.028453,Four-Door Car
RB75458,2230.275142,High School or Below,M,0.0,65.0,0.0,Personal Auto,California,712.71287,Four-Door Car
RX14132,7228.005386,High School or Below,M,25926.0,61.0,0.0,Personal Auto,California,292.8,Two-Door Car
AF36894,4392.982538,Bachelor,M,33640.0,113.0,0.0,Corporate Auto,California,542.4,SUV
UY32623,3593.12645,College,F,18213.0,96.0,1.0,Corporate Auto,California,460.8,Four-Door Car
AL95338,6679.139606,High School or Below,F,0.0,91.0,0.0,Personal Auto,California,655.2,Four-Door Car
WL28610,4146.409412,High School or Below,F,0.0,116.0,1.0,Corporate Auto,California,556.8,SUV
AC73173,3694.647081,Bachelor,M,0.0,102.0,0.0,Personal Auto,California,610.617285,SUV
GV76798,4781.821034,Master,F,30361.0,119.0,1.0,Personal Auto,California,373.289571,Four-Door Car
SP29219,3885.456401,College,M,0.0,105.0,0.0,Personal Auto,California,504.0,Four-Door Car
CI30899,4737.411455,College,F,0.0,68.0,0.0,Personal Auto,California,326.4,Two-Door Car
MI49191,9410.670129,Bachelor,M,96060.0,117.0,0.0,Corporate Auto,California,561.6,Four-Door Car
YP16210,5878.447428,College,F,25398.0,74.0,0.0,Personal Auto,California,465.922152,Four-Door Car
CO91673,4547.321823,Bachelor,F,29031.0,61.0,2.0,Personal Auto,California,292.8,Four-Door Car
CC93587,5926.38544,College,M,92949.0,74.0,0.0,Personal Auto,California,337.305815,Two-Door Car
MX48796,4873.672682,Bachelor,F,0.0,68.0,0.0,Corporate Auto,California,356.08323,Four-Door Car
IC80537,2580.849899,College,M,46900.0,66.0,0.0,Corporate Auto,California,316.8,Four-Door Car
AA93585,7083.642205,College,M,97024.0,177.0,0.0,Personal Auto,California,686.815162,SUV
SR41132,30104.51969,High School or Below,F,0.0,94.0,0.0,Corporate Auto,California,848.737364,Two-Door Car
IT11766,4148.570285,Bachelor,F,61896.0,104.0,0.0,Personal Auto,California,461.306722,SUV
QO68842,2518.743544,Doctor,F,39317.0,64.0,0.0,Personal Auto,California,77.695607,Four-Door Car
RY47606,3843.965188,Bachelor,M,43987.0,96.0,0.0,Personal Auto,California,460.8,Four-Door Car
CX22458,9075.768214,Master,M,37722.0,116.0,0.0,Personal Auto,California,158.077504,Luxury
TL44525,2619.337376,Bachelor,M,78618.0,66.0,0.0,Corporate Auto,California,225.578841,Two-Door Car
CZ57208,15245.25495,Bachelor,F,30205.0,195.0,0.0,Personal Auto,California,1329.957905,Luxury
LM97847,2615.13922,College,M,57023.0,67.0,0.0,Personal Auto,California,250.652309,Four-Door Car
IK96366,5551.398167,College,M,36918.0,76.0,3.0,Personal Auto,California,364.8,Two-Door Car
SJ86522,6827.044423,High School or Below,M,0.0,102.0,0.0,Corporate Auto,California,956.689634,SUV
UU42868,5619.689084,High School or Below,M,0.0,153.0,0.0,Corporate Auto,California,1027.000029,SUV
GX11087,3907.028747,High School or Below,F,0.0,109.0,0.0,Personal Auto,California,666.042098,SUV
JR41742,3622.872124,College,M,0.0,108.0,0.0,Corporate Auto,California,1254.177129,SUV
RA89822,34611.37896,High School or Below,F,20090.0,109.0,0.0,Personal Auto,California,523.2,Luxury
IJ25462,2845.520933,Bachelor,M,86631.0,73.0,1.0,Personal Auto,California,400.832857,Four-Door Car
ZP86347,5500.577411,College,F,44019.0,138.0,0.0,Personal Auto,California,165.478147,SUV
HO82823,3358.532935,Bachelor,F,59367.0,84.0,0.0,Personal Auto,California,6.880385,Four-Door Car
EA54906,7501.661322,High School or Below,F,38874.0,94.0,0.0,Corporate Auto,California,331.170924,Four-Door Car
BC64697,11663.98572,College,F,0.0,107.0,0.0,Personal Auto,California,513.6,Four-Door Car
VV68726,5133.397765,High School or Below,F,28647.0,69.0,0.0,Personal Auto,California,331.2,Four-Door Car
QR91631,8732.090534,High School or Below,F,51205.0,72.0,0.0,Personal Auto,California,185.530076,Two-Door Car
OT56964,9424.256842,Master,M,46897.0,118.0,0.0,Corporate Auto,California,322.575677,SUV
YX35990,5479.555081,Master,M,56005.0,68.0,1.0,Corporate Auto,California,326.4,Four-Door Car
RN61682,2114.738469,Bachelor,F,0.0,72.0,5.0,Personal Auto,California,518.4,Four-Door Car
BB10681,4140.648654,College,F,0.0,123.0,2.0,Corporate Auto,California,590.4,SUV
FH43628,25464.82059,College,F,13663.0,97.0,0.0,Personal Auto,California,465.6,Four-Door Car
WZ45103,5678.050167,Bachelor,F,0.0,76.0,0.0,Personal Auto,California,364.8,Four-Door Car
CB59349,16261.5855,Master,M,60646.0,134.0,0.0,Personal Auto,California,643.2,SUV
RX91025,19872.262,High School or Below,M,0.0,185.0,0.0,Personal Auto,California,1950.725547,SUV
AC13887,4628.995325,Bachelor,M,0.0,67.0,0.0,Corporate Auto,California,482.4,Two-Door Car
TF56202,5032.165498,College,M,66367.0,64.0,0.0,Personal Auto,California,307.2,Two-Door Car
YM19146,4100.398533,College,F,47761.0,104.0,0.0,Personal Auto,California,541.282007,Four-Door Car
LA72316,23405.98798,Bachelor,M,71941.0,73.0,0.0,Personal Auto,California,198.234764,Four-Door Car
PK87824,3096.511217,College,F,21604.0,79.0,0.0,Corporate Auto,California,379.2,Four-Door Car
TD14365,8163.890428,Bachelor,M,0.0,85.0,3.0,Corporate Auto,California,790.784983,Four-Door Car
UP19263,7524.442436,College,M,21941.0,96.0,0.0,Personal Auto,California,691.2,Four-Door Car
Y167826,2611.836866,College,M,0.0,77.0,0.0,Corporate Auto,California,369.6,Two-Door Car
